Gene Symbol,Metabolic Super-Pathway
SLC3A2,Amino acid
GOT1,Amino acid
GOT2,Amino acid
ACAD8,Amino acid
ACADSB,Amino acid
NDUFAB1,Amino acid
ASPA,Amino acid
AGXT2,Amino acid
GPT,Amino acid
ARG2,Amino acid
ARG1,Amino acid
ASL,Amino acid
ASNS,Amino acid
ASS1,Amino acid
SAT1,Amino acid
TAT,Amino acid
BCAT2,Amino acid
BCAT1,Amino acid
BCKDK,Amino acid
BHMT,Amino acid
BBOX1,Amino acid
CBS,Amino acid
CNDP2,Amino acid
CTH,Amino acid
CPS1,Amino acid
CRYM,Amino acid
CSAD,Amino acid
CDO1,Amino acid
HIBADH,Amino acid
ALDH7A1,Amino acid
AMD1,Amino acid
HDC,Amino acid
ODC1,Amino acid
DDC,Amino acid
ALDH9A1,Amino acid
GLUD1,Amino acid
GLUD2,Amino acid
QDPR,Amino acid
SLC25A10,Amino acid
DLD,Amino acid
DBH,Amino acid
SHFM1,Amino acid
FAH,Amino acid
IL4I1,Amino acid
FOLH1,Amino acid
FTCD,Amino acid
GAMT,Amino acid
GATM,Amino acid
GCDH,Amino acid
GCSH,Amino acid
GLDC,Amino acid
AMT,Amino acid
CGA,Amino acid
GNMT,Amino acid
GLUL,Amino acid
GLS,Amino acid
GLS2,Amino acid
SHMT1,Amino acid
GCLM,Amino acid
GCLC,Amino acid
HAO1,Amino acid
HSD17B10,Amino acid
HGD,Amino acid
HNMT,Amino acid
HPD,Amino acid
HAL,Amino acid
UROC1,Amino acid
IDO1,Amino acid
INMT,Amino acid
DIO3,Amino acid
IVD,Amino acid
GCAT,Amino acid
CKB,Amino acid
CKM,Amino acid
CKMT2,Amino acid
CKMT1A,Amino acid
KYNU,Amino acid
SLC7A5,Amino acid
LIAS,Amino acid
LIPT1,Amino acid
GSTZ1,Amino acid
SLC45A2,Amino acid
AIMP1,Amino acid
AIMP2,Amino acid
EEF1E1,Amino acid
MCCC1,Amino acid
MCCC2,Amino acid
MTR,Amino acid
MAT1A,Amino acid
ALDH6A1,Amino acid
MTAP,Amino acid
MTRR,Amino acid
NAALAD2,Amino acid
NNMT,Amino acid
NQO1,Amino acid
OAT,Amino acid
OAZ2,Amino acid
OAZ3,Amino acid
OAZ1,Amino acid
DBT,Amino acid
BCKDHA,Amino acid
BCKDHB,Amino acid
AZIN1,Amino acid
SLC25A21,Amino acid
OGDH,Amino acid
DLST,Amino acid
DLAT,Amino acid
PDHA1,Amino acid
PDHB,Amino acid
PDHX,Amino acid
SLC25A15,Amino acid
SLC25A2,Amino acid
OTC,Amino acid
DAO,Amino acid
DDO,Amino acid
PAH,Amino acid
PCBD1,Amino acid
PNMT,Amino acid
PAPSS1,Amino acid
PYCR1,Amino acid
PRODH,Amino acid
PSMC5,Amino acid
PSMA8,Amino acid
ALDH4A1,Amino acid
OCA2,Amino acid
RPS4Y2,Amino acid
SLC6A7,Amino acid
SLC6A8,Amino acid
SLC6A11,Amino acid
SLC6A12,Amino acid
AHCY,Amino acid
SECISBP2,Amino acid
EEFSEC,Amino acid
PHGDH,Amino acid
PSPH,Amino acid
PSAT1,Amino acid
SLC5A5,Amino acid
AANAT,Amino acid
PIPOX,Amino acid
AGMAT,Amino acid
SRM,Amino acid
SMS,Amino acid
AGXT,Amino acid
SQRDL,Amino acid
SUOX,Amino acid
DARS,Amino acid
EPRS,Amino acid
IARS,Amino acid
KARS,Amino acid
MARS,Amino acid
QARS,Amino acid
RARS,Amino acid
SARS,Amino acid
TDO2,Amino acid
SERINC3,Amino acid
SERINC1,Amino acid
ACAT1,Amino acid
TST,Amino acid
TMLHE,Amino acid
TXNRD1,Amino acid
TSHB,Amino acid
TYRP1,Amino acid
DCT,Amino acid
TYR,Amino acid
PSMD14,Amino acid
NAGS,Amino acid
HIBCH,Amino acid
AASS,Amino acid
AADAT,Amino acid
KMO,Amino acid
ACMSD,Amino acid
RPS10,Amino acid
RPS11,Amino acid
RPS12,Amino acid
RPS13,Amino acid
RPS14,Amino acid
RPS15,Amino acid
RPS16,Amino acid
RPS17,Amino acid
RPS18,Amino acid
RPS19,Amino acid
RPS15A,Amino acid
RPS2,Amino acid
RPS20,Amino acid
RPS21,Amino acid
RPS23,Amino acid
RPS24,Amino acid
RPS25,Amino acid
RPS26,Amino acid
RPS27,Amino acid
RPS27A,Amino acid
RPS28,Amino acid
RPS29,Amino acid
RPS3,Amino acid
FAU,Amino acid
RPS3A,Amino acid
RPS4X,Amino acid
RPS4Y1,Amino acid
RPS5,Amino acid
RPS6,Amino acid
RPS7,Amino acid
RPS8,Amino acid
RPS9,Amino acid
RPSA,Amino acid
RPLP0,Amino acid
RPLP1,Amino acid
RPLP2,Amino acid
RPL10,Amino acid
RPL10A,Amino acid
RPL11,Amino acid
RPL12,Amino acid
RPL13,Amino acid
RPL13A,Amino acid
RPL14,Amino acid
RPL15,Amino acid
RPL17,Amino acid
RPL18,Amino acid
RPL18A,Amino acid
RPL19,Amino acid
RPL21,Amino acid
RPL22,Amino acid
RPL23,Amino acid
RPL23A,Amino acid
RPL24,Amino acid
RPL26,Amino acid
RPL26L1,Amino acid
RPL27,Amino acid
RPL27A,Amino acid
RPL28,Amino acid
RPL29,Amino acid
RPL3,Amino acid
RPL3L,Amino acid
RPL30,Amino acid
RPL31,Amino acid
RPL32,Amino acid
RPL34,Amino acid
RPL35,Amino acid
RPL35A,Amino acid
RPL36,Amino acid
RPL37,Amino acid
RPL37A,Amino acid
RPL38,Amino acid
RPL39,Amino acid
RPL4,Amino acid
UBA52,Amino acid
RPL41,Amino acid
RPL36A,Amino acid
RPL5,Amino acid
RPL6,Amino acid
RPL7,Amino acid
RPL7A,Amino acid
RPL8,Amino acid
RPL9,Amino acid
AUH,Amino acid
PSMC1,Amino acid
PSMC4,Amino acid
PSMC2,Amino acid
PSMC3,Amino acid
PSMC6,Amino acid
PSMA1,Amino acid
PSMA2,Amino acid
PSMA3,Amino acid
PSMA4,Amino acid
PSMA5,Amino acid
PSMA6,Amino acid
PSMA7,Amino acid
PSMB1,Amino acid
PSMB2,Amino acid
PSMB3,Amino acid
PSMB4,Amino acid
PSMB5,Amino acid
PSMB6,Amino acid
PSMB7,Amino acid
PSMB8,Amino acid
PSMB9,Amino acid
PSMB10,Amino acid
PSMD1,Amino acid
PSMD2,Amino acid
PSMD3,Amino acid
PSMD4,Amino acid
PSMD5,Amino acid
PSMD6,Amino acid
PSMD7,Amino acid
PSMD8,Amino acid
PSMD9,Amino acid
PSMD10,Amino acid
PSMD11,Amino acid
PSMD12,Amino acid
PSMD13,Amino acid
PSME1,Amino acid
PSME2,Amino acid
PSME3,Amino acid
PSMF1,Amino acid
RPL39L,Amino acid
SERINC2,Amino acid
TPH2,Amino acid
PAOX,Amino acid
ADO,Amino acid
GRHPR,Amino acid
CCBL1,Amino acid
ALDH18A1,Amino acid
RPS27L,Amino acid
SMOX,Amino acid
LARS,Amino acid
AFMID,Amino acid
AMDHD1,Amino acid
APIP,Amino acid
ASRGL1,Amino acid
BHMT2,Amino acid
C9orf41,Amino acid
DHTKD1,Amino acid
DUOX1,Amino acid
DUOX2,Amino acid
MRI1,Amino acid
ENOPH1,Amino acid
ETHE1,Amino acid
GADL1,Amino acid
GSR,Amino acid
IDO2,Amino acid
CCBL2,Amino acid
ASPG,Amino acid
ADI1,Amino acid
NMRAL1,Amino acid
PYCR2,Amino acid
PYCRL,Amino acid
PPM1K,Amino acid
PSMB11,Amino acid
PSME4,Amino acid
PSTK,Amino acid
RPL10L,Amino acid
RPL22L1,Amino acid
RPL36AL,Amino acid
SCLY,Amino acid
SEPSECS,Amino acid
CARNS1,Amino acid
LIPT2,Amino acid
SERINC4,Amino acid
SERINC5,Amino acid
PAPSS2,Amino acid
TH,Amino acid
TPO,Amino acid
TPH1,Amino acid
ASMT,Amino acid
DIO1,Amino acid
IYD,Amino acid
GPT2,Amino acid
DIO2,Amino acid
ADC,Amino acid
