,coef,HR,HR.95L,HR.95H,pvalue
TAT,0.0718705594602882,1.07451624909853,1.0733411124883,1.07569267229514,0
CYP8B1,0.489467359309507,1.63144701342481,1.62757304470057,1.6353302030155,0
PCK2,0.157243387149333,1.17028041045462,1.16509111625814,1.17549281767108,0
SLC10A1,-0.884690822622375,0.412841794892694,0.411915546395513,0.413770126186425,0
SLC27A5,-1.1101404931616,0.329512663547132,0.327654761984415,0.331381099973422,0
ALDH6A1,1.44877130242233,4.25787965338029,4.22853604614389,4.28742688836781,0
SEC14L2,2.90666909229951,18.2957554861878,18.0825505511785,18.5114742449071,0
GLYATL1,-0.353351260701246,0.702330448957962,0.695865484867587,0.708855476036945,0
LDHD,-2.8702740439639,0.0566833907101107,0.0562136178588933,0.0571570894166661,0
CYP4F2,2.15191102433521,8.60127995649136,8.53411954220527,8.66896889879077,0
ABCB4,2.55126906144402,12.823367101676,12.6862413181165,12.9619750800044,0
ABAT,-1.40301071492765,0.245855647287679,0.243980292072319,0.247745417426284,0
CES2,-0.53647818514564,0.584804202037559,0.582197865667635,0.587422206243581,0
SLC27A2,0.0277548582662602,1.0281436126183,1.02387691122278,1.03242809421825,4.22005530714782e-39
MPDZ,-2.58743434838418,0.0752127624959559,0.0718738214756849,0.0787068160023581,0
ACSM2A,1.34993202371259,3.85716332614238,3.82610005604142,3.88847879214392,0
DCXR,0.259264566866478,1.29597663195224,1.29489574553567,1.29705842061555,0
ETNK2,-0.685445685638826,0.503865613856549,0.497680115106947,0.510127990089539,0
HSD11B1,0.088118814399338,1.09211787364903,1.09144218072444,1.09279398488339,0
CYP2A6,0.0276259805182182,1.02801111632293,1.02758119558827,1.02844121692839,0
EHHADH,1.27644829140151,3.58388816764394,3.56283303275087,3.60506773124341,0
DMGDH,-2.81637211264805,0.0598225790831693,0.0591959772698748,0.0604558136078494,0
ABCA6,-1.74721997441322,0.17425771159189,0.168648445138445,0.180053542885111,0
AR,-13.1679185071831,1.91093385287935e-06,1.84247485746117e-06,1.98193651071696e-06,0
ACSM5,-2.93821086420291,0.05296039736834,0.0523904313203215,0.0535365641917235,0
AASS,-0.909090314833785,0.402890560949648,0.397821386383915,0.408024328651038,0
PFKFB1,-6.65995176862646,0.00128120816332353,0.00124391063331172,0.00131962402588089,0
TSKU,-1.13120967837465,0.322642726333191,0.320972524340494,0.324321619333638,0
RDH16,1.45128953358645,4.268615490603,4.25189588314692,4.28540084408888,0
HSD17B6,-0.133509140652919,0.875019470691783,0.873803632756476,0.876237000382343,0
CD14,-0.0378445807792941,0.962862576614069,0.961315740600749,0.96441190161363,0
GLYAT,2.0820686442497,8.02104445142164,7.97649199275909,8.06584575651626,0
ASPDH,-1.23197668059581,0.291715379270646,0.288992360474708,0.294464055600751,0
C8A,-0.751699451891865,0.47156447025265,0.47057106283214,0.472559974823583,0
ABCB11,-4.8917793624448,0.00750805103815401,0.00737682948438982,0.00764160680558123,0
C3P1,-2.95779603397484,0.051933250252466,0.0513522614861409,0.0525208122044081,0
HPD,-0.134829086280006,0.873865254486722,0.873610778323489,0.874119804776922,0
CYP2C8,-0.0228988012843346,0.977361386485832,0.976517606833822,0.978205895222599,0
FBP1,0.206462216607195,1.22932128541056,1.22509159250002,1.23356558155748,0
CTH,0.442363346300472,1.55638114303986,1.55380985126423,1.55895668986729,0
SLC25A15,0.771528408222711,2.16306978221324,2.14609240947963,2.1801814600605,0
LRRC1,-21.9972538416375,2.79713894186129e-10,2.42639721640521e-10,3.22452820468875e-10,0
GPD1,0.464465192060389,1.59116299469191,1.57354066730867,1.60898267726834,0
SLC16A2,0.508893198003025,1.6634490669493,1.63681061857099,1.69052104558698,0
SLC22A1,0.402523922600217,1.49559470331116,1.49275203952165,1.49844278041595,0
ST3GAL6,0.307453817766727,1.35995800115403,1.29213415181757,1.43134191004958,5.00670467494254e-32
INSIG1,-0.132125404142557,0.876231105178766,0.87496691895419,0.877497117948752,0
OTC,0.90569040892722,2.47363915620132,2.46312161934866,2.48420160296852,0
CEP55,152.875014398791,2.47044491310955e+66,2.06060027524445e+66,2.9618059077396e+66,0
PDK4,-0.27778597926648,0.757458916080749,0.756007910747177,0.758912706327611,0
FMO4,5.69177273459345,296.418626708493,288.008728585029,305.074095120033,0
SLC46A3,-1.31636766843977,0.268107390358911,0.264628002596187,0.271632525884852,0
SHMT1,-0.0336146832771618,0.96694401256422,0.958636525254101,0.97532349206699,2.24978121649305e-14
C6,0.607924855346131,1.83661619732019,1.83080305862397,1.84244779380812,0
MYBL2,2.52819922623713,12.5309204541409,12.0990726227565,12.9781820742747,0
F11,0.600501759409444,1.82303329505269,1.79588889303761,1.85058797777257,0
RTP3,-1.23629445542935,0.290458533289081,0.288784298114232,0.292142474889934,0
HAAO,0.378316655445071,1.45982513127137,1.45061344435204,1.46909531425402,0
DAO,1.4923178266659,4.44739186528011,4.35616846455628,4.54052559360199,0
PCK1,-0.279928691373336,0.755837637277979,0.754900903164149,0.756775533757356,0
DEPDC1B,51.1749714025383,1.67883375125685e+22,1.41051245648647e+22,1.99819771275176e+22,0
NR1I3,-1.85780697028165,0.156014399690895,0.153560110344574,0.158507914954557,0
KCTD17,-5.42499432730385,0.00440509115048114,0.00423976864282212,0.004576860125823,0
NR1I2,-5.92879960044888,0.00266167514551088,0.00256942735276003,0.00275723482612587,0
AQP9,-0.476029890921072,0.621244912387285,0.620560921141594,0.621929657538045,0
CDCA7,6.08338732157498,438.512063196889,393.368544433207,488.836314673461,0
ACSM2B,0.307668014439641,1.36024933083299,1.34794366738228,1.37266733529365,0
ACSL1,-0.278292557548452,0.75707530101811,0.7554346603207,0.758719504832278,0
ENPEP,4.71448852212745,111.551740332892,106.835537560739,116.476137579429,0
CYP4F11,-1.12359690398036,0.325108305660737,0.321052903145137,0.329214934280828,0
APOA5,0.615976634386545,1.85146392019884,1.84783367723541,1.85510129511584,0
MAT1A,0.537923388111222,1.71244707935653,1.7102429841664,1.71465401509954,0
AURKB,-30.3197433395982,6.79677314680088e-14,6.39018858008362e-14,7.22922721765263e-14,0
HAO1,-0.424959849677859,0.653796034724288,0.651959106160536,0.655638138929451,0
AZGP1,-0.0427627510730611,0.958138680477564,0.957199387054967,0.959078895622578,0
BHMT,-0.166434097955731,0.846678612948315,0.845109822462366,0.848250315604404,0
GPT,-1.34797906010649,0.259764699381725,0.257872930942885,0.261670345926394,0
ECM2,-7.05413390621517,0.000863830571478973,0.000818905591281747,0.000911220126185408,0
PRR11,-45.4285445932916,1.8648064482096e-20,1.58721319071332e-20,2.19094895986925e-20,0
AKR7A3,0.571335049243181,1.77062935156512,1.76286872361709,1.77842414390971,0
ACOX2,-1.33848184840707,0.262243491900828,0.258767221471385,0.265766462434055,0
DEPDC7,-6.23709294385198,0.00195553210941077,0.00188385177454792,0.00202993987244788,0
KIF2C,9.69637191668163,16258.5128240225,14868.8921564661,17778.0050098722,0
SLCO2B1,0.16740581613132,1.18223393757527,1.16586126129155,1.19883654218545,2.12897496848276e-122
UGT2B7,0.0491722018719492,1.05040121622263,1.04905734718899,1.05174680678653,0
LIPG,0.0357452296798351,1.03639177098974,0.969903500323003,1.10743790760374,0.290676041068397
PIPOX,-0.406291715424311,0.666115822819711,0.663286020262554,0.668957698271921,0
RBP5,-0.805014053173375,0.447081643599358,0.443135671379468,0.451062753357854,0
TTPA,1.48943388187908,4.43458430971372,4.40308601461007,4.4663079337324,0
ADH1B,-0.158019020816137,0.853833541203227,0.853192544263706,0.854475019718776,0
SOX4,3.96864995152845,52.9130474186994,51.8652360217422,53.9820273055316,0
TMSB10,-0.0171558043535492,0.982990518500964,0.982854532368176,0.983126523448569,0
CYP4F3,3.48586266546241,32.6505814931881,32.3270268932642,32.977374484922,0
CYP3A4,0.0979948614973968,1.10295711754593,1.10265769507732,1.10325662132155,0
CCNB1,-5.95783043094924,0.00258551534545021,0.00253241859936707,0.00263972536105575,0
TYRO3,-55.4190561564581,8.54692157487535e-25,5.77777831872107e-25,1.26432452713484e-24,0
XDH,1.57769339510968,4.84377025171341,4.75505099607656,4.93414482215704,0
PLK1,5.83647194516189,342.56860532508,270.283799791711,434.185287630287,0
OGDHL,-4.84571193402333,0.00786201822381589,0.00774234629375507,0.00798353989945784,0
DPYS,-0.503493993326577,0.604415143587028,0.601877845455317,0.606963138045008,0
GTSE1,80.6190414538525,1.02897503903585e+35,7.06844885803684e+34,1.49790944551431e+35,0
UBE2C,-4.88257945168413,0.00757744314886918,0.00739239576250485,0.00776712266482998,0
CYP4A22,3.19818909682645,24.4881443616751,24.3397059026926,24.6374880894474,0
IL27,16.6059518035247,16288205.3146662,15485631.0252529,17132374.647186,0
GPT2,1.19839885704209,3.31480519445922,3.2890662439162,3.34074556799769,0
CYP2B6,0.438397223383115,1.55022056899282,1.54654517656527,1.55390469605657,0
FGGY,-1.14569959049887,0.318001369216529,0.310601737683959,0.325577286133805,0
BDH1,2.87736279307475,17.7673551484854,17.0704820901621,18.4926768503121,0
HPR,-0.195758365007447,0.822210885597932,0.821319442242804,0.823103296507478,0
FETUB,0.767813025254426,2.15504806069665,2.14527566255348,2.16486497515403,0
TRO,-13.0022294148796,2.25529580804328e-06,1.80825665522633e-06,2.81285246044952e-06,0
SARDH,-1.59406555926907,0.203098223111612,0.200542781477831,0.205686227782045,0
EPS8L3,-2.16951036881865,0.114233535520919,0.109565162703849,0.119100819234676,0
UGT2B10,0.362196694666799,1.43648146241692,1.43422555865935,1.43874091450184,0
GAL3ST1,7.38625313797011,1613.64865291974,1573.69349199096,1654.61825210665,0
KIF23,-26.2131346615123,4.12838568152248e-12,2.70877459493684e-12,6.29198471045068e-12,0
C8B,0.186605420172721,1.20515166268569,1.20229716767503,1.20801293484096,0
CENPF,-90.9562168039713,3.14932113146528e-40,2.80382701269911e-40,3.53738784317722e-40,0
ABCC9,1.93311071335325,6.91097490097981,6.39305511106339,7.47085286333915,0
MMP11,-3.53736599723963,0.0290898490010496,0.0279920759601838,0.0302306737130728,0
GHR,5.55812337523263,259.335703578828,256.210746811904,262.498774885898,0
CCNB2,10.5261175612335,37276.4694691236,34724.508243534,40015.9785226404,0
F9,-0.185332148338449,0.83082827978485,0.828561956175795,0.833100802354239,0
CDK1,-15.1843377173341,2.54405161356776e-07,2.43914522496258e-07,2.65346997229163e-07,0
CYP2C9,-0.410256121164502,0.663480297026655,0.662372226267761,0.664590221457485,0
GPLD1,-3.32315744044009,0.0360388613630883,0.0353846555166593,0.0367051624322417,0
NUF2,26.10575903134,217564029213.455,193732319762.17,244327362959.89,0
CDC20,-18.2323246014057,1.20726339665609e-08,1.17686823965893e-08,1.238443574047e-08,0
ADH4,0.033508785600784,1.03407652866993,1.03354806757937,1.03460525996672,0
CDH23,58.5734313152015,2.74231921263366e+25,1.0002284932061e+25,7.51859671571076e+25,0
HJURP,-72.8601688648135,2.27630635822632e-32,1.96665169630395e-32,2.63471698940877e-32,0
MASP2,0.0933224197882856,1.0978156356976,1.08585425406614,1.10990877962589,1.40789465537558e-62
ADRB2,-5.73155520496808,0.00324203128772224,0.00301078352261372,0.00349104038587449,0
TM6SF2,-4.58036440373316,0.010251160054702,0.00952101842381732,0.0110372943092137,0
SULT2A1,-0.14894731754239,0.86161450567297,0.860995891091682,0.862233564720955,0
ACY3,-5.42727025896614,0.00439507686429472,0.00429491536312057,0.00449757422670692,0
BIRC5,0.00378206954849865,1.00378923059855,0.975445118078247,1.03295695553915,0.795795076152497
TRIP13,-35.8907371588531,2.58732449701785e-16,2.2871467688821e-16,2.92689920207467e-16,0
IGDCC4,-40.9961043467347,1.56898251109336e-18,8.39787620370542e-19,2.93134366404525e-18,0
FMO3,-0.177024202906778,0.837759508062344,0.835816230491672,0.839707303764609,0
TROAP,-71.3135012841007,1.06890696542074e-31,8.77671619391588e-32,1.30181046701385e-31,0
KIFC1,33.9485478980194,554200637143024,515995449420413,595234602465435,0
MYRIP,12.9782093626559,432877.199422334,412235.436681411,454552.552027541,0
UPB1,-1.34259666239138,0.261166625784368,0.257333703772978,0.265056638223207,0
CYP4A11,-0.0767893664137176,0.926084897647555,0.924211655701148,0.927961936381601,0
CDO1,-0.282255485784848,0.754081002943557,0.751957392747248,0.756210610448104,0
CMBL,1.61793765894339,5.04267985958755,5.00852120812578,5.07707147671348,0
CDCA3,143.336854841375,1.7799389674096e+62,1.37329506854967e+62,2.30699344973914e+62,0
SPHK1,-5.28402158521904,0.00507199227346397,0.00486820018101851,0.00528431548940456,0
KCNJ8,1.58534398156729,4.88097005350847,4.79119649151189,4.97242571984952,0
DLGAP5,-12.3686333016195,4.2498226656859e-06,3.74591231817761e-06,4.82152040829517e-06,0
ALDH1L1,-1.14783004155585,0.317324604026894,0.314486298899555,0.320188525456196,0
MAPK13,14.1778193291555,1436642.46728895,1335792.16073333,1545106.82087324,0
SNHG4,-36.4098067274083,1.53964944977315e-16,1.08633453055461e-16,2.18212747686159e-16,0
CPEB3,-6.18315547639936,0.00206390496523253,0.00192408117379791,0.00221388981063794,0
RUNDC3B,-11.5490408280672,9.64529016010199e-06,8.44251851794021e-06,1.10194158383982e-05,0
F12,0.056197604383517,1.05780669032454,1.05469809544496,1.06092444741098,1.49654976928067e-306
ADH1C,-0.0176713196749092,0.98248390242332,0.981927826110099,0.983040293648552,0
NEK2,28.673240186325,2835502217147.9,2595983996597.08,3097119563907.15,0
AGXT2,0.756199901096054,2.13016597899473,2.09686629093102,2.16399448915354,0
ABCG8,-10.7617238481176,2.11954536847216e-05,2.02616541258547e-05,2.2172289296357e-05,0
CENPA,-77.8127485424655,1.60824676424131e-34,1.3525509501238e-34,1.91228112660443e-34,0
ACADL,-7.73043430151101,0.000439253307295279,0.000396100754971256,0.000487107044226265,0
TTK,77.5048406114029,4.57008837411281e+33,3.87866871112532e+33,5.38476196414866e+33,0
SLC28A1,-4.21772604996081,0.0147321065192051,0.0144610134515315,0.0150082816270544,0
PTTG1,8.988509411591,8010.50762202824,7864.66730304383,8159.05236547486,0
CYP7B1,2.34504208853035,10.4337118579059,9.66637306853548,11.2619637543432,0
FHDC1,-704.416322777077,1.19090756856164e-306,8.59906123170275e-308,1.6493205463273e-305,0
F13B,-0.520838390489481,0.594022316482429,0.591254672370923,0.596802915847036,0
CCL16,-0.577055613501078,0.561549353135212,0.558825853438043,0.564286126109834,0
IYD,3.4877158434617,32.7111449325593,29.9371101849918,35.7422274958031,0
GADD45G,-0.298958669326662,0.741590059218106,0.738550700434208,0.744641925879679,0
HP,0.00687687643830638,1.00690057644928,1.00678095495191,1.00702021215957,0
KIF18B,100.594826979533,4.87279639534194e+43,3.5184583415559e+43,6.74845128334174e+43,0
KIF18A,54.0264609416914,2.90665752107414e+23,1.16799134017455e+23,7.23349365206278e+23,0
AGXT,0.36626098406145,1.44233161910216,1.44084684679544,1.44381792144576,0
IGF2BP2,-5.89518368561259,0.00275267067062627,0.00264123486360323,0.0028688080432912,0
ARID3A,-1.76638492648746,0.17094986946423,0.159692912218798,0.183000343996466,0
CPN2,-1.99626076937682,0.135842280370963,0.135254502895722,0.136432612159391,0
ALDH8A1,0.359982066950105,1.43330371082291,1.42471161269934,1.4419476258542,0
ALPL,-0.136035072280792,0.872812020443646,0.86112154374048,0.884661205573677,5.13175574373223e-87
SDS,0.178537460093733,1.19546766476549,1.19417861785744,1.1967581031253,0
BUB1,0.499229144010438,1.64745083375836,1.21837226613261,2.22763955245491,0.00118258072788035
SLC38A4,-0.863742678005169,0.421581282956409,0.420488839621904,0.422676564493325,0
GSTZ1,-21.71594691912,3.70581797671008e-10,3.5452778780554e-10,3.87362778007128e-10,0
SERPINC1,-0.037003874862329,0.963672401243934,0.963519200713743,0.963825626133164,0
ADHFE1,7.03307929830928,1133.51567455636,1053.13979757061,1220.02585737323,0
ZMYND12,30.1574934585381,12509299686418.3,9820676266927.3,15933992160153.5,0
ANLN,13.2120541255461,546917.980295483,476180.038514409,628164.250865462,0
ACMSD,1.383841985875,3.99020251748251,3.94119897159806,4.03981535701758,0
BUB1B,-35.5242786071085,3.73251728287741e-16,2.53590982622692e-16,5.49376208999788e-16,0
MKI67,-7.92182848450375,0.000362738458093929,0.000340723038914355,0.000386176377739561,0
CFHR4,0.352354169440016,1.42241220945396,1.40950633689043,1.43543625214718,0
APBA1,134.176943218264,1.87200083594854e+58,1.39163080866654e+58,2.5181873726624e+58,0
RTKN2,767.181634226551,Inf,Inf,Inf,0
TTR,-0.0256450069392476,0.974681033204563,0.974456662669222,0.974905455401655,0
GBP7,9.34414290204195,11431.6705623123,11216.0000446712,11651.4881708945,0
RCOR2,195.80798295904,1.09226121276513e+85,7.00525734086556e+84,1.70305600331271e+85,0
KIF20A,48.4298943126005,1.07853901315506e+21,9.71415167457565e+20,1.1974760554151e+21,0
PLG,-0.0121314708671032,0.987941818755913,0.986693785359808,0.989191430744466,6.23613376012711e-79
CENPM,-25.2893674879219,1.03984174677537e-11,9.63796976493523e-12,1.12188654323313e-11,0
MCM10,-24.126772116413,3.32564588549943e-11,2.14862969147486e-11,5.14742982451646e-11,0
LRRC2,45.7080701340492,70919005634128896000,61674166671082749952,81549628176683515904,0
COL9A2,-8.75487910006658,0.000157690059524864,0.000124268167983278,0.000200100760126288,0
CDCA2,187.639612045941,3.09633611286849e+81,1.83238944940324e+81,5.2321286432728e+81,0
MAN1C1,-0.733454964075855,0.480246884752074,0.423940448106492,0.544031765178813,9.60517602866476e-31
GNMT,-0.352070946793306,0.703230228276811,0.702097126740164,0.70436515850502,0
SKA3,67.3443129601578,1.76710968108144e+29,1.5495249009111e+29,2.01524778539257e+29,0
MFAP3L,4.16367399786469,64.3073541942671,59.6943721176084,69.2768121477078,0
ABCG5,4.25160144931454,70.217772556813,68.2551662270265,72.2368115907981,0
SLC4A11,-75.7151099073608,1.31022406090016e-33,6.92932428643621e-34,2.47742351028661e-33,0
SALL2,-29.133832510014,2.22503734313441e-13,1.47388154141994e-13,3.35901565981553e-13,0
AMDHD1,0.102590285577457,1.1080373371847,1.10136644674129,1.11474863268987,4.1679456630464e-243
TOP2A,14.76371397189,2581068.37982735,2527266.91559205,2636015.19105231,0
SPDYC,39.8327564743048,199134421058378240,176388164826286752,224813936293904064,0
APOF,0.741179948534304,2.09841007016975,2.09395100010384,2.10287863582838,0
ZIC5,-5.31825090278041,0.00490131911584319,0.00322182699392472,0.00745630635059829,2.97815339535588e-136
ALDOB,0.0138487395867573,1.01394507758708,1.01377965876959,1.01411052339602,0
ACOT12,-0.218693924403953,0.803567632959668,0.792228928936529,0.815068621146171,7.44343871496005e-200
NAGS,1.74658090347684,5.73496073199016,5.62188672248734,5.85030901919657,0
HPX,0.0608680578394171,1.06275868225943,1.06216175999934,1.06335593998273,0
ARID3C,11.319868858397,82443.5304360762,78105.551695651,87022.440315759,0
ADRA1B,-7.28009100381079,0.000689122848033879,0.000604786200938986,0.000785220130593282,0
SPC25,6.50253552811379,666.830258228246,587.737783307194,756.566288433319,0
GYS2,110.786339737712,1.29985832010982e+48,7.98980627289888e+47,2.11473419335571e+48,0
APOC3,-0.0101154090866941,0.989935579595184,0.989865499357584,0.990005664794306,0
GBA3,-0.00604229714036918,0.993975920825741,0.983075047478274,1.00499766901388,0.282858079465127
GNA14,53.8814031550711,2.51417826410436e+23,1.84638530377117e+23,3.42349580598601e+23,0
KIF15,-109.735510987914,2.20025546879009e-48,8.92454845714512e-49,5.4245031568682e-48,0
WNK2,-20.1337453268446,1.80312362852105e-09,1.47649414766772e-09,2.20200996046386e-09,0
DQX1,-11.5574256617526,9.56475411876106e-06,8.39974244251811e-06,1.08913483929313e-05,0
SLC1A1,-0.949924799895757,0.386770107513328,0.379820429921518,0.39384694524405,0
SLC22A25,5.45329774533733,233.527010093401,215.857991829072,252.642322765362,0
PON1,0.0916198872726279,1.09594815905258,1.09375429418468,1.09814642439971,0
DIO1,0.48164169481027,1.61872968213527,1.61097981231474,1.62651683391412,0
AFM,-0.0308116375578319,0.969658203062368,0.967824628613392,0.971495251276281,2.20603470524168e-223
CPS1,-0.115636452622199,0.890799012082615,0.88983900742157,0.891760052446683,0
PITX1,-10.8197980252088,1.99996051879272e-05,1.71103982346533e-05,2.33766743583377e-05,0
KIF4A,4.56540721214058,96.1017198367818,86.0098801748508,107.377670295694,0
ABCA8,7.23885358871491,1392.49668155596,1279.50335826028,1515.46847894237,0
EXO1,-30.8861979950571,3.85739971249267e-14,2.83423028469935e-14,5.24993774227379e-14,0
TESC,0.991318465259285,2.6947851116886,2.67307402417711,2.7166725397416,0
SLC6A1,-8.43668552907809,0.000216767430267436,0.000208009335583163,0.000225894278701552,0
NANOS1,21.2317185920579,1662716573.95478,1043938845.75308,2648264710.66855,0
TRIM17,-37.9508064884307,3.29741916890735e-17,5.10413756809058e-18,2.13022729705641e-16,0
KCNF1,30.7906833297559,23562635452226.7,17686695015319.8,31390702953470.6,0
MELK,-42.6016664707485,3.15015071000295e-19,2.80811484029398e-19,3.53384745998964e-19,0
PTHLH,-0.09946799790321,0.905318921508681,0.827443619206934,0.990523499869624,0.0302009276880199
HMGA2,106.447482911275,1.69650225347458e+46,1.34838913983853e+46,2.13448759783766e+46,0
IGF2BP1,21.7742662177717,2860511287.83813,2652907870.30129,3084360719.59035,0
NCAPG,-15.0468827207536,2.91891779725077e-07,2.57618682238964e-07,3.30724504646141e-07,0
SLC6A12,6.99543243324764,1091.63563522337,1057.58678927477,1126.78067859253,0
PRAME,-0.131725386360465,0.87658168331613,0.859033885179088,0.894487936718757,2.49230140779437e-37
ZBTB16,-3.32632758773806,0.0359247937651896,0.0332025835642474,0.0388701922720592,0
G6PC,0.136797813084966,1.1465962983143,1.14490760837794,1.14828747899637,0
TRNP1,-2.10760537621633,0.121528633631685,0.119889709402104,0.123189962391593,0
TPPP2,5.287051657596,197.75950230331,149.760627451277,261.142206845898,4.47311981786348e-304
SLCO1B1,-0.252576778268006,0.776796569454489,0.774057730668775,0.779545099039218,0
SLC2A2,0.157039183094936,1.1700414588483,1.1679890965448,1.17209742751338,0
PPARGC1A,-3.31183688228141,0.0364491594087618,0.0352601372677326,0.0376782770729912,0
SKA1,0.955652008175652,2.60036548987196,2.31553911053965,2.92022736741473,1.21939624091394e-58
SLC6A13,4.45999372994771,86.4869668168254,74.147725081443,100.879634823034,0
SRD5A2,3.56457927362933,35.3245882915992,34.7311918956668,35.9281231038508,0
ABCA9,-121.564940336065,1.60330895831458e-53,4.17735588024403e-54,6.15365242872632e-53,0
CD24,-0.730736512627961,0.481554188707361,0.480587132867424,0.482523190494107,0
GNAZ,32.571678969045,139862228105134,127661278966785,153229256426469,0
INHBC,-5.34982362441656,0.00474898853117216,0.004709867787838,0.00478843421623037,0
LYPD1,-23.5512087822613,5.91343712779008e-11,5.31246657687677e-11,6.58239221994023e-11,0
SLC13A5,5.18604240343362,178.759692420153,176.683245681436,180.860542327615,0
ASPM,11.7766980527835,130183.211014851,114057.488981886,148588.826401646,0
MOGAT2,-1.54870378048581,0.212523272177266,0.208520245916221,0.216603145744798,0
SYTL4,23.1763361545859,11623981301.317,9225498789.72526,14646031003.0989,0
HRG,-0.0617074606022919,0.940157879785888,0.939734975670877,0.940580974218271,0
HAO2,-0.521532388243984,0.59361020934592,0.591269694988513,0.5959599885236,0
KNG1,0.208421870835294,1.23173269205512,1.2308174286524,1.2326486360682,0
EME1,88.70587530781,3.34558569539594e+38,5.51774977050082e+37,2.02853411459107e+39,0
SIX2,-42.2600075592281,4.43314474821726e-19,3.44380991902992e-19,5.70669485851944e-19,0
LRRC3,-18.09600915209,1.38357619368087e-08,1.28727463261875e-08,1.48708211535728e-08,0
ENPP7,4.63742774304519,103.278347172448,98.872980682618,107.879998367926,0
SYNGR3,126.27354175516,6.91675503091644e+54,1.01980134964212e+54,4.69125679962058e+55,0
CES3,-1.04048155813149,0.353284513958752,0.338780196568823,0.368409809862415,0
ETV4,4.87852075952398,131.436094422916,126.521393953604,136.541705535467,0
UGT2B15,-0.237809716601938,0.78835268725063,0.787255698948702,0.789451204132582,0
ESR1,-17.5854377617842,2.30537414504574e-08,1.78627081101028e-08,2.97533269641207e-08,0
RDH5,-8.66701351333089,0.000172172528136155,0.000137343818689884,0.000215833371516547,0
HDC,-16.5601969591289,6.42684522964102e-08,2.33271234330877e-09,1.77065722330652e-06,1.26772066299753e-22
REEP2,-90.4799036848243,5.07080729615183e-40,1.43419520125364e-40,1.7928582254515e-39,0
AKR1D1,-2.35004540731573,0.0953648318562059,0.0948754409255482,0.0958567471860197,0
ZNF239,-97.7972402419275,3.3666519262113e-43,2.60785684293346e-43,4.34622982583383e-43,0
CFHR5,-0.084300216845117,0.919155268774212,0.917733978461719,0.920578760232353,0
STEAP4,-10.1182302790689,4.03374484292354e-05,3.77400572840875e-05,4.31136003195012e-05,0
PROZ,2.08222009340977,8.02225932386007,7.88145436952635,8.16557980822611,0
DKK1,0.36091759552312,1.43464523481736,1.42502639136795,1.44432900488839,0
TDO2,0.263984111218657,1.30210750723507,1.29823948305515,1.30598705595359,0
SOX9,0.0102649111161999,1.01031777604608,0.991201531255704,1.02980269542316,0.292242190135597
KCNH2,1.00120023910705,2.72154637534007,2.61897183475868,2.8281383460579,0
RIBC2,-31.9897894322162,1.27941362781469e-14,9.58521543488351e-15,1.70773337559088e-14,0
MYO16,-430.464972380967,1.12573933775675e-187,1.62835810652767e-222,7.78261889379713e-153,7.2058080227559e-26
TRIM71,-30.1106481188839,8.37744673940384e-14,7.29038140847973e-14,9.62660386875192e-14,0
WNK3,-39.8655162244134,4.8598882775e-18,4.06216279810914e-18,5.81427068377857e-18,0
ABCG2,-5.57278672698523,0.00379987644601403,0.00369131232561241,0.003911633514397,0
GFRA1,-6.74491883337166,0.00117684419591327,0.00110162985162515,0.00125719383821309,0
CUX2,11.4194270469087,91073.9458158862,84939.8517878555,97651.0251888725,0
FRAS1,59.9385741739104,1.07396967064522e+26,8.21277248901545e+25,1.40441106216992e+26,0
ANGPTL6,-1.87320701097194,0.153630177268786,0.141581169071252,0.166704594420748,0
AFP,0.014391569051127,1.01449562626395,1.01432207863023,1.01466920359118,0
UBXN10,-6.28513966294805,0.00186379664826563,0.00174318159583018,0.00199275735493975,0
OASL,-2.42612909152822,0.088378275524286,0.0870436054991072,0.089733410511433,0
SPP2,0.139477030385793,1.14967239788333,1.14821678286041,1.15112985821554,0
SULT1B1,6.93294244966914,1025.50704742092,989.533751519255,1062.78810873841,0
FOXJ1,7.64429179623658,2088.68883462355,1856.19216738348,2350.30678640925,0
NECAB2,0.723980695899672,2.06262758333391,2.01536116959938,2.11100253974606,0
ANO1,3.13537648127544,22.997292262365,22.4387836688304,23.569702315696,0
PLEKHB1,-13.8029041050458,1.01268624920961e-06,9.36644652294205e-07,1.09490129135559e-06,0
ANXA10,-4.1296886355625,0.0160878872387874,0.0158393658642066,0.0163403079407877,0
CTHRC1,-1.29609595064153,0.273597850221675,0.268600620468879,0.278688051856511,0
CFHR2,0.533463191704635,1.70482623690744,1.70138924542008,1.70827017149176,0
CES1,0.0450913337987253,1.04612340196978,1.04590163977577,1.04634521118395,0
SAA1,-0.00493214544118628,0.995079997616163,0.995035562589807,0.995124434626841,0
MMP9,-2.47712205206459,0.0839845813734925,0.0834101855569477,0.0845629327088012,0
MTTP,1.97886237517379,7.23450814589818,7.15794351575604,7.31189174626214,0
AADAT,3.76803634214038,43.2949648115969,42.09146876437,44.5328716973668,0
MNX1,-259.650945293162,1.71801613485036e-113,2.64632583886719e-120,1.1153499679653e-106,6.76321802476332e-231
DUSP9,-2.08508116724653,0.124297030908575,0.12329641060748,0.125305771810928,0
ECHDC3,-2.61811469477108,0.0729402479111198,0.0720969699382163,0.0737933892352876,0
NAT2,1.11366208708524,3.04549085069473,3.01401977033463,3.07729053835489,0
HORMAD2,14.0757128231522,1297192.43700474,713879.629540802,2357131.57931776,0
TRPM8,-1.03001040812816,0.357003244814284,0.336566942992031,0.378680436274889,4.83962726480696e-257
NXPH4,-3.84320032804445,0.0214249247224059,0.0210323545675284,0.0218248222226839,0
TTC36,-0.657648945412745,0.518067909749625,0.504869798074282,0.531611041373594,0
DSG1,-5.76340847395883,0.0031403894001672,0.00260693828844739,0.00378299924796302,0
CA9,-2.45498374787348,0.0858645909120221,0.0851686073768527,0.0865662619075849,0
BCAS1,-68.7632604382073,1.36928999217616e-30,8.6640834996875e-31,2.16405472401256e-30,0
FITM1,-27.1586530003159,1.60378765435098e-12,1.39023701718668e-12,1.85014124099044e-12,0
LPA,2.18637311423862,8.90286481473237,8.68626161538354,9.12486929578852,0
CTNND2,-21.0222031461175,7.41605899866297e-10,6.37700326353562e-10,8.62441632829859e-10,0
CCL20,-0.170516159871781,0.843229463038507,0.839910865120656,0.846561173171711,0
SULT1C2,1.20026613254465,3.32100063148834,3.07451746807414,3.58724427780029,2.24686274960974e-204
ARG1,-0.106194242482413,0.89924995856615,0.897918659749625,0.900583231232443,0
RASAL1,52.4373230408005,5.93253135692677e+22,1.73208172016368e+22,2.03194386795985e+23,0
PYCR1,-0.736146935161931,0.478955812568306,0.464535615536456,0.493823643915983,0
DMBT1,-11.6733031222785,8.51822031397452e-06,7.34640742517798e-06,9.87694707330369e-06,0
HS6ST2,-3.96749519472776,0.0189207666658645,0.0139309087386782,0.0256979223638255,2.53529014024068e-142
PKIA,0,1,0.770336549854407,1.29813391327336,1
NEIL3,0,1,0.6603146043253,1.51442962710447,1
MFSD2A,0,1,0.989358333854132,1.01075612928272,1
DRD1,0,1,0.332116739406344,3.01098945445355,1
CDA,0,1,0.987007274468182,1.01316375863473,1
PNCK,0,1,0.932409765103298,1.07248984022514,1
DMKN,0,1,0.868117364659436,1.15191797873125,1
SEC14L3,0,1,0.591351374080456,1.69104198253532,1
NLRP6,0,1,0.841587032895763,1.18823123564436,1
GLP1R,0,1,0.828595828896975,1.20686101127397,1
SPIB,0,1,0.661110786743924,1.51260578416087,1
KMO,0,1,0.960051833236975,1.04161042704156,1
MDK,0,1,0.998127365200108,1.00187614814019,1
KCNJ4,0,1,0.966473279313604,1.0346897543926,1
LEPR,0,1,0.994305136180327,1.00572748104425,1
CDC25C,0,1,0.796339862830463,1.25574524983047,1
SLC1A2,0,1,0.942930841681533,1.0605231643677,1
VIPR1,0,1,0.805460003339084,1.24152657593728,1
CD300LG,0,1,0.469126009742698,2.13162344281118,1
PHYHD1,0,1,0.938516340253081,1.06551154957019,1
SERPINA11,0,1,0.997959213919135,1.00204495940556,1
UGT1A4,0,1,0.99488244235554,1.00514388175586,1
LCAT,0,1,0.991671017447129,1.00839893715389,1
USH2A,0,1,0.620478715973091,1.61165882770323,1
UGT1A1,0,1,0.993877892738361,1.00615981833017,1
GSTA2,0,1,0.999018892177025,1.00098207134085,1
FMO2,0,1,0.328486266062514,3.04426730525681,1
SLC6A14,0,1,0.741652011465925,1.34834124972362,1
CFHR3,0,1,0.996511824471381,1.00350038548762,1
ZBTB7C,0,1,0.355229635618485,2.81508044298983,1
KCNB1,0,1,0.510442258965029,1.95908544489948,1
ZIC2,0,1,0.836787370435578,1.19504671716002,1
UGT1A3,0,1,0.892443468795363,1.12051915327457,1
ADRA1A,0,1,0.914360935617636,1.09366002094623,1
CLDN18,0,1,0.440954393586521,2.26780822358171,1
SLC7A10,0,1,0.83033193712014,1.20433763329437,1
CA5A,0,1,0.969440828432558,1.03152247220375,1
GLS2,0,1,0.367248570572759,2.72295137443396,1
MMP10,0,1,0.889780866749444,1.12387222221715,1
ADH1A,0,1,0.998786086858947,1.00121538851715,1
FNDC5,0,1,0.990421477699149,1.00967115770056,1
SIX4,0,1,0.0635844472097395,15.7271163607258,1
SHD,0,1,0.93191965134943,1.07305388243717,1
SSTR5,0,1,0.878447654907825,1.13837175660163,1
ATP8A2,0,1,0.489826194684057,2.0415404705847,1
FXYD2,0,1,0.545465158204851,1.83329766339438,1
SALL4,0,1,0.734699490397714,1.36110071269911,1
LECT2,0,1,0.994508976489824,1.0055213413252,1
GSTA1,0,1,0.9996919189959,1.00030817594726,1
B4GALNT4,0,1,0.812378959498698,1.23095260937959,1
CYP2D6,0,1,0.996313859245023,1.00369977865988,1
RANBP3L,0,1,0.906393990461046,1.10327298120251,1
DIRAS1,0,1,0.438749465563719,2.27920505547549,1
SAA4,0,1,0.795700249726562,1.25675466401279,1
ZNF385B,0,1,0.921088769061362,1.08567168940628,1
SLC22A7,0,1,0.996993664763065,1.00301540054184,1
SYT8,0,1,0.810573135504484,1.23369496989019,1
TMEM82,0,1,0.984189185690703,1.01606481206985,1
PACSIN1,0,1,0.643853165475501,1.55314915515166,1
HSD17B13,0,1,0.998355526341516,1.00164718240656,1
DAB1,0,1,0.594000956215658,1.68349897342074,1
SLC29A4,0,1,0.981170234003079,1.01919113049333,1
PLGLA,0,1,0.950656081601435,1.0519051204253,1
DNASE1L3,0,1,0.988204166516153,1.01193663605511,1
PCSK1N,0,1,0.949714703562622,1.05294779184606,1
GLOD5,0,1,0.91376019211475,1.09437903798989,1
LINGO4,0,1,0.658040265555202,1.51966384482001,1
MMP12,0,1,0.937909144890906,1.06620135377432,1
IGF1,0,1,0.912489532500147,1.09590298231705,1
CYP19A1,0,1,0.930373377040998,1.07483729078797,1
SNAP25,0,1,0.930848231564744,1.07428898298385,1
MATN3,-0.455047307375974,0.634417954589605,0.606729999624337,0.663369441687178,7.22839687358551e-89
SLC4A3,0,1,0.861289642686062,1.16104960566035,1
AOX1,0,1,0.998465741007836,1.00153661655994,1
BCO2,0,1,0.931940352370118,1.07303004688743,1
HOXC9,0,1,0.70123387046245,1.42605775636667,1
ARPP21,0,1,0.327733076731754,3.05126357697026,1
RIPPLY1,0,1,0.752745327830653,1.32847055043425,1
EXPH5,0,1,0.507527198707111,1.9703377524346,1
AQP7P1,0,1,0.704111325484814,1.42022996052713,1
TMEM100,0,1,0.935121569997957,1.06937967434778,1
PGC,0,1,0.999510152533662,1.00049008753448,1
BICC1,0,1,0.984966293598906,1.01526316839347,1
DBH,0,1,0.954446982557153,1.04772713233458,1
INHA,0,1,0.919217343915368,1.08788199724403,1
IGDCC3,0,1,0.524779082745927,1.9055637560237,1
CYP3A43,0,1,0.932074776573391,1.07287529405776,1
CKMT1B,0,1,0.0160652408758993,62.2461877618142,1
CYP2A13,0,1,0.951649231743141,1.05080734228965,1
VIL1,0,1,0.97826907150003,1.02221365177849,1
SYT7,0,1,0.986710685168859,1.01346829930079,1
A4GNT,0,1,0.888909144187175,1.12497436497226,1
PGLYRP2,0,1,0.995748823927742,1.00426932572764,1
TNNT1,0,1,0.840258097713787,1.19011051809063,1
BEX2,0,1,0.979893909535529,1.0205186400985,1
FER1L6,0,1,0.886244483285648,1.12835681221125,1
MBL2,0,1,0.994558686080741,1.00547108380371,1
GNG4,0,1,0.970770587227764,1.03010949564892,1
GNAO1,0,1,0.660440700907413,1.51414048017642,1
CACNG4,0,1,0.946244790217323,1.05680898889845,1
MEP1B,0,1,0.578431364798279,1.72881358248742,1
FCAMR,0,1,0.950991226794347,1.05153441149069,1
RHOV,0,1,0.930210389651898,1.07502561906906,1
RHCE,0,1,0.363264539055121,2.7528148015798,1
MEP1A,0,1,0.983196636184211,1.01709054241785,1
C6orf223,0,1,0.861299695612091,1.16103605411046,1
PRR15L,0,1,0.966784848659626,1.03435630108025,1
GPM6A,0,1,0.760987965075428,1.31408122847367,1
IDO2,0,1,0.851182210582197,1.17483658324581,1
PEG10,0,1,0.998180984387036,1.00182233046052,1
GPR182,0,1,0.44134502812334,2.26580098625363,1
HOXC10,0,1,0.849905288951728,1.17660169079945,1
S100P,0,1,0.99968516615949,1.00031493299207,1
OCA2,0,1,0.949170710702251,1.05355126188011,1
CDH17,0,1,0.921581255375273,1.08509151435897,1
MSI1,0,1,0.922994366955081,1.08343023078132,1
THRSP,0,1,0.998051917668092,1.00195188476413,1
DEFB132,0,1,0.963902655759865,1.03744915943994,1
BRSK2,0,1,0.327491986558586,3.05350982938053,1
IGF2BP3,0,1,0.711806574040514,1.4048760386176,1
CYP11A1,0,1,0.825079138735966,1.21200494964885,1
C1orf116,0,1,0.852653597053453,1.17280921989391,1
ATOH8,0,1,0.862820682615445,1.15898937073313,1
SPINT1,0,1,0.981478908163396,1.01887059587583,1
UPP2,0,1,0.984456864616932,1.01578853877881,1
ZG16,0,1,0.962534921860368,1.03892334427433,1
TMC5,0,1,0.918414450304448,1.08883304228119,1
VSIG1,0,1,0.918056767911233,1.08925726050166,1
UGT1A9,0,1,0.987604718682802,1.01255085266677,1
FAM155B,0,1,7.14775276428229e-06,139904.11154077,1
GREM2,0,1,0.97936990366592,1.02106466234755,1
MAP7D2,0,1,0.86096422201146,1.16148845031413,1
PRODH,0,1,0.964959044162955,1.0363134125215,1
PAPPA2,0,1,0.900818466183305,1.11010157711011,1
PIGR,0,1,0.992649352176344,1.00740507995854,1
COL22A1,0,1,0.842465872786855,1.18699170174339,1
KCND3,0,1,0.890901159177132,1.12245897280416,1
HAVCR1,0,1,0.969808282566307,1.03113163495964,1
DIRAS3,0,1,0.882419739187418,1.13324754149409,1
ANXA13,0,1,0.983350289815043,1.01693161669591,1
KLC3,0,1,0.0672950872940102,14.8599257421427,1
HOXB13,0,1,0.505926734526637,1.97657077943437,1
ACSL4,0,1,0.997778220197666,1.00222672709963,1
CTNNA3,0,1,0.22936853556306,4.35979589591559,1
CYP2A7,0,1,0.996726233143998,1.00328451960743,1
ELFN1,0,1,0.951106233629568,1.05140726097846,1
BBOX1,0,1,0.980406086474522,1.01998550783782,1
EPCAM,0,1,0.995802277966172,1.00421541718342,1
CYP39A1,0,1,0.983026950542232,1.01726610796215,1
SLC7A11,0,1,0.923590070534679,1.08273143237788,1
CYP26B1,0,1,0.854539708606157,1.17022063448766,1
PPP1R14D,0,1,0.906283763302437,1.1034071672608,1
ABCB5,0,1,0.449567743165484,2.22435887628153,1
UPK3A,0,1,0.985265416754845,1.0149549380244,1
DCDC2,0,1,0.985358556830673,1.01485900037893,1
CLEC2L,0,1,0.793049669264125,1.2609550684611,1
AVPR1A,0,1,0.981334056692949,1.01902098799053,1
TREH,0,1,0.852710530806931,1.17273091379989,1
SYT9,0,1,0.832870157517916,1.20066734409137,1
MCOLN3,0,1,0.540286615480956,1.85086946695841,1
GLDN,0,1,0.878304940271038,1.13855672915993,1
NR0B1,0,1,0.865677601213608,1.15516446145549,1
PRAMEF10,0,1,0.951743221650655,1.05070356925227,1
PPP2R2C,0,1,0.754407528198142,1.32554350615832,1
DNAH6,0,1,0.448578308774804,2.22926517051457,1
CBS,0,1,0.482606950433933,2.07207956516344,1
TSLP,0,1,0.780177513750383,1.28175957698769,1
ANKRD35,0,1,0.576691136881719,1.73403046456929,1
PEBP4,0,1,0.95083104149561,1.05171156215835,1
APOC1P1,0,1,0.996413942932084,1.00359896315518,1
SLC2A12,0,1,0.764363647087604,1.30827781228244,1
REN,0,1,0.920596324441663,1.08625243600282,1
CRHBP,0,1,0.986735113557258,1.01344320908468,1
MRAP2,0,1,0.946112437237545,1.05695682737223,1
CYP7A1,0,1,0.996146447921398,1.00386845938832,1
GDA,0,1,0.972339998833243,1.02844684081694,1
NRCAM,0,1,0.963454456858704,1.03793178066813,1
ACE2,0,1,0.189988393559872,5.26347942241463,1
GRIN2A,0,1,0.0289411630008082,34.5528616100215,1
MT1X,0,1,0.994978922237359,1.00504641621086,1
IL1RAPL2,0,1,4.43260295921414e-07,2256010.76658869,1
IGFBPL1,0,1,0.896171564510465,1.11585776608104,1
HOXA10,0,1,0.0292613579403809,34.1747639339728,1
BMP7,0,1,0.675052413971962,1.48136645288929,1
MCCD1,0,1,0.968127357423729,1.03292195219138,1
SAA2,0,1,0.999302649338287,1.00069783729902,1
SCUBE1,0,1,0.918217565776552,1.08906651023854,1
FAM99B,0,1,0.939486569352693,1.06441117161366,1
ELOVL7,0,1,0.917067795580236,1.0904319231571,1
CADPS,0,1,0.706156979612167,1.41611572054307,1
GJB6,0,1,0.916431652652035,1.09118884873316,1
MPPED1,0,1,0.890863565036725,1.12250634019226,1
FOLH1B,0,1,0.895237510739009,1.11702200589708,1
GCNT3,0,1,0.858377943729482,1.16498799544545,1
HSD3B1,0,1,0.896497797677084,1.11545170840475,1
B3GNT3,0,1,0.95923572147293,1.0424966226909,1
GCK,0,1,0.968529680803395,1.03249288051813,1
MT1A,0,1,0.994693170640686,1.00533514204777,1
PIK3C2G,0,1,0.890990830424656,1.12234600610131,1
RGSL1,0,1,0.370986301241511,2.69551731870823,1
ZDHHC19,0,1,0.793554095342496,1.26015353694117,1
FAM99A,0,1,0.975462973330682,1.02515423684975,1
CYP1A1,0,1,0.997697037574862,1.00230827830334,1
RBP2,0,1,0.987053791181637,1.01311601144135,1
FCN2,0,1,0.990992139339229,1.00908973977006,1
C9,0,1,0.998926855953077,1.00107429692227,1
SPP1,0,1,0.999919841005455,1.00008016542052,1
CNDP1,0,1,0.956059775597685,1.04595970411457,1
UROC1,0,1,0.990191403080858,1.00990575851156,1
UBE2QL1,0,1,0.710350454811647,1.40775583829978,1
CYP26A1,0,1,0.946182528543417,1.05687853012825,1
ZNF648,0,1,0.505592586081604,1.97787710407327,1
GDNF,0,1,0.63115621413586,1.58439381186976,1
IL20RA,0,1,0.727312634773651,1.374924554021,1
COL2A1,0,1,0.984183277225959,1.01607091193281,1
GCGR,0,1,0.985878376242851,1.01432390049061,1
FAM180A,0,1,0.846910211643111,1.18076271398343,1
IL1RL1,0,1,0.612694816559116,1.63213393189122,1
PDX1,0,1,0.928537009565931,1.07696299630262,1
LGSN,0,1,0.799437758154658,1.25087912073142,1
ACSM1,0,1,0.988044017320985,1.0121006579357,1
CXCL5,0,1,0.969821853956229,1.03111720561943,1
SLC6A11,0,1,0.951108163481688,1.05140512761381,1
KRT19,0,1,0.987415644110459,1.0127447402364,1
B4GALNT2,0,1,0.895133650610879,1.11715161117846,1
POPDC3,0,1,0.85588924809382,1.16837546706789,1
TRIM55,0,1,0.987198690104297,1.01296730842942,1
SYT13,0,1,0.957554327688791,1.04432716879225,1
CLDN2,0,1,0.994527308440207,1.0055028067237,1
FCN3,0,1,0.990876509574941,1.00920749491677,1
AQP4,0,1,0.809143126259774,1.23587529516867,1
GPC3,0,1,0.999500304523988,1.00049994529642,1
NRG1,0,1,0.20967800910022,4.76921735517828,1
KCNK9,0,1,1.79386679786858e-09,557454991.188962,1
KRT23,0,1,0.986285150540472,1.01390556215108,1
AGR2,0,1,0.993451325307432,1.00659184252489,1
FAM3B,0,1,0.975374658095023,1.02524705937416,1
HEPACAM,0,1,0.951598817953744,1.05086301194692,1
GABRA2,0,1,0.285446608740442,3.50328211784539,1
BMPER,0,1,0.585617116539059,1.70760036166617,1
CNTN3,0,1,0.275137897196425,3.63454111625373,1
UGT3A1,0,1,0.973041703152855,1.02770518135019,1
TFF1,0,1,0.978155359106585,1.02233248603102,1
COLEC10,0,1,0.969974971833367,1.03095443597878,1
BMP10,0,1,0.601367845584317,1.66287573794098,1
MT1E,0,1,0.998899626407371,1.0011015857485,1
MME,0,1,0.985805377697637,1.01439901082252,1
SULT1E1,0,1,0.958975195434805,1.04277983910376,1
CYP1A2,0,1,0.99811759119627,1.00188595894946,1
CHRNA4,0,1,0.90044035622221,1.11056772732343,1
NTS,0,1,0.999663396811765,1.00033671652809,1
RXRG,0,1,0.828373991025501,1.20718420765726,1
COX6A2,0,1,0.874030304560535,1.14412508900684,1
IGF2,0,1,0.994562704923056,1.00546702088267,1
TRIM50,0,1,0.958616777430509,1.04316972490343,1
GRPR,0,1,0.645212000829101,1.54987817758348,1
C7,0,1,0.994226350996712,1.0058071776085,1
GPR88,0,1,0.993513162372401,1.00652919143226,1
LHX3,0,1,0.778412197733919,1.28466640542268,1
GRIA3,0,1,0.717477731461767,1.39377148049268,1
SLITRK3,0,1,0.836613957896367,1.19529442529797,1
GDF2,0,1,0.943839065619529,1.05950265932636,1
CLEC4M,0,1,0.930472597457738,1.07472267612418,1
SPINK1,0,1,0.999558436473355,1.00044175859113,1
SLC12A1,0,1,0.652008213545302,1.53372301027082,1
ESRP1,0,1,0.957988419503085,1.04385395443372,1
CYP17A1,0,1,0.988252173750513,1.01188747827885,1
ASCL1,0,1,0.96109359596969,1.04048138931886,1
CLEC1B,0,1,0.859877334306803,1.16295657543545,1
USH1C,0,1,0.947733896349748,1.05514850091524,1
DLK1,0,1,0.997584910530271,1.00242093624737,1
CAMK2B,0,1,0.520485406209829,1.92128345592241,1
FAM151A,0,1,0.930893814547532,1.07423637838442,1
PDZK1IP1,0,1,0.995588308841946,1.00443124042224,1
MT1M,0,1,0.997283372704989,1.00272402746237,1
HGFAC,0,1,0.994339716369427,1.00569250482244,1
NOTUM,0,1,0.997593905125712,1.00241189813002,1
AQP8,0,1,0.975486594365444,1.02512941313202,1
CD5L,0,1,0.989630844231015,1.01047780172721,1
MT1G,0,1,0.999548925433078,1.00045127812701,1
FAM163B,0,1,0.857084798330273,1.16674569651468,1
PAGE4,0,1,0.995357847010698,1.0046638030767,1
ASPG,0,1,0.972706317529004,1.02805953038357,1
SLC6A2,0,1,0.93774829819898,1.06638423329648,1
SLC22A12,0,1,0.979867138538226,1.02054652173743,1
GSTM1,0,1,0.988458484764525,1.01167627716628,1
