node1,node2,node1_string_id,node2_string_id,neighborhood_on_chromosome,gene_fusion,phylogenetic_cooccurrence,homology,coexpression,experimentally_determined_interaction,database_annotated,automated_textmining,combined_score
ADA,NT5C1A,9606.ENSP00000361965,9606.ENSP00000235628,0,0,0,0,0.045,0,0.9,0.222,0.919
ADA,GDA,9606.ENSP00000361965,9606.ENSP00000238018,0.073,0,0,0,0.092,0.052,0,0.709,0.737
ADA,NT5C,9606.ENSP00000361965,9606.ENSP00000245552,0,0,0,0,0.049,0,0.932,0.219,0.945
ADA,NT5E,9606.ENSP00000361965,9606.ENSP00000257770,0.081,0,0,0,0.072,0,0.942,0.715,0.984
ADA,DCK,9606.ENSP00000361965,9606.ENSP00000286648,0,0,0,0,0.044,0,0.9,0.522,0.95
ADA,HPRT1,9606.ENSP00000361965,9606.ENSP00000298556,0,0,0,0,0.067,0,0.352,0.554,0.706
ADA,NT5C2,9606.ENSP00000361965,9606.ENSP00000339479,0,0,0,0,0.042,0,0.909,0.337,0.937
ADA,NT5C1B,9606.ENSP00000361965,9606.ENSP00000352904,0,0,0,0,0.045,0,0.9,0.129,0.909
ADA,PNP,9606.ENSP00000361965,9606.ENSP00000354532,0.079,0,0,0,0.105,0,0.932,0.98,0.998
ADA,ENTPD1,9606.ENSP00000361965,9606.ENSP00000360250,0,0,0,0,0.055,0,0,0.703,0.708
ADA,GMPS,9606.ENSP00000361965,9606.ENSP00000419851,0.1,0,0,0,0.418,0,0,0.508,0.72
ADA,XDH,9606.ENSP00000361965,9606.ENSP00000368727,0.077,0,0,0,0,0,0,0.752,0.761
ADA,ITPA,9606.ENSP00000361965,9606.ENSP00000369456,0.057,0,0,0,0.062,0,0,0.777,0.785
ADA,AMPD1,9606.ENSP00000361965,9606.ENSP00000430075,0,0,0,0,0.074,0.079,0,0.894,0.902
ADA,AMPD2,9606.ENSP00000361965,9606.ENSP00000499465,0,0,0,0,0.081,0.079,0,0.9,0.908
ADA,AMPD3,9606.ENSP00000361965,9606.ENSP00000379802,0,0,0,0,0.074,0.079,0,0.91,0.916
ADA,APRT,9606.ENSP00000361965,9606.ENSP00000367615,0,0,0,0,0.219,0.493,0.449,0.714,0.929
ADA,NT5M,9606.ENSP00000361965,9606.ENSP00000373674,0,0,0,0,0.044,0,0.932,0.201,0.943
ADA,ADK,9606.ENSP00000361965,9606.ENSP00000443965,0,0,0,0,0.059,0.25,0.925,0.875,0.992
ADAL,APRT,9606.ENSP00000456242,9606.ENSP00000367615,0,0,0,0,0.14,0.291,0.449,0.305,0.735
ADK,AK1,9606.ENSP00000443965,9606.ENSP00000223836,0.057,0,0,0,0.094,0.061,0.9,0.657,0.967
ADK,NT5C1A,9606.ENSP00000443965,9606.ENSP00000235628,0,0,0,0,0.051,0.046,0.9,0.291,0.927
ADK,NT5C,9606.ENSP00000443965,9606.ENSP00000245552,0,0,0,0,0.07,0,0.9,0.24,0.923
ADK,NT5E,9606.ENSP00000443965,9606.ENSP00000257770,0.061,0,0,0,0.068,0,0.9,0.707,0.97
ADK,AK7,9606.ENSP00000443965,9606.ENSP00000267584,0.057,0,0,0,0.189,0.071,0.9,0.293,0.94
ADK,HPRT1,9606.ENSP00000443965,9606.ENSP00000298556,0,0,0,0,0.08,0,0,0.766,0.775
ADK,ENTPD3,9606.ENSP00000443965,9606.ENSP00000301825,0,0,0,0,0,0,0.9,0.29,0.925
ADK,NT5C2,9606.ENSP00000443965,9606.ENSP00000339479,0,0,0,0,0.042,0,0.9,0.4,0.937
ADK,AK5,9606.ENSP00000443965,9606.ENSP00000346577,0.057,0,0,0,0.089,0.061,0.9,0.254,0.928
ADK,NT5C1B,9606.ENSP00000443965,9606.ENSP00000352904,0,0,0,0,0.051,0.046,0.9,0.216,0.919
ADK,PNP,9606.ENSP00000443965,9606.ENSP00000354532,0.095,0,0,0,0.047,0.051,0.938,0.77,0.986
ADK,ENTPD1,9606.ENSP00000443965,9606.ENSP00000360250,0,0,0,0,0,0,0.9,0.611,0.959
ADK,ENTPD8,9606.ENSP00000443965,9606.ENSP00000360561,0,0,0,0,0,0,0.9,0.391,0.936
ADK,APRT,9606.ENSP00000443965,9606.ENSP00000367615,0.046,0,0,0,0.176,0.475,0.9,0.924,0.996
ADK,NT5M,9606.ENSP00000443965,9606.ENSP00000373674,0,0,0,0,0.055,0,0.9,0.131,0.91
ADK,AMPD3,9606.ENSP00000443965,9606.ENSP00000379802,0,0,0,0,0.049,0.099,0.925,0.729,0.98
ADK,AMPD1,9606.ENSP00000443965,9606.ENSP00000430075,0,0,0,0,0.049,0.099,0.925,0.694,0.977
ADK,AK2,9606.ENSP00000443965,9606.ENSP00000499935,0.057,0,0,0,0.33,0.091,0.9,0.588,0.972
ADK,ADSL,9606.ENSP00000443965,9606.ENSP00000485525,0.1,0,0,0,0.096,0.25,0.9,0.69,0.977
ADK,AMPD2,9606.ENSP00000443965,9606.ENSP00000499465,0,0,0,0,0.051,0.099,0.925,0.727,0.98
ADSL,AK1,9606.ENSP00000485525,9606.ENSP00000223836,0,0,0,0,0.193,0.095,0.937,0.396,0.968
ADSL,UMPS,9606.ENSP00000485525,9606.ENSP00000232607,0.231,0,0,0,0.295,0.11,0,0.627,0.796
ADSL,NT5C1A,9606.ENSP00000485525,9606.ENSP00000235628,0,0,0,0,0.068,0,0.9,0.214,0.92
ADSL,ATIC,9606.ENSP00000485525,9606.ENSP00000236959,0.231,0,0,0,0.972,0.271,0.98,0.811,0.999
ADSL,NT5C,9606.ENSP00000485525,9606.ENSP00000245552,0,0,0,0,0.068,0,0.9,0.116,0.91
ADSL,NT5E,9606.ENSP00000485525,9606.ENSP00000257770,0.095,0,0,0,0.075,0,0.9,0.402,0.943
ADSL,GMPR,9606.ENSP00000485525,9606.ENSP00000259727,0.102,0,0,0,0.459,0,0,0.587,0.782
ADSL,PPAT,9606.ENSP00000485525,9606.ENSP00000264220,0.231,0,0,0,0.964,0.25,0,0.91,0.997
ADSL,AK7,9606.ENSP00000485525,9606.ENSP00000267584,0,0,0,0,0.191,0.095,0.941,0.204,0.961
ADSL,DCK,9606.ENSP00000485525,9606.ENSP00000286648,0.042,0,0,0,0.062,0,0.9,0.379,0.936
ADSL,HPRT1,9606.ENSP00000485525,9606.ENSP00000298556,0.12,0,0,0,0.072,0,0.792,0.664,0.935
ADSL,ENTPD3,9606.ENSP00000485525,9606.ENSP00000301825,0,0,0,0,0.056,0,0.9,0.096,0.907
ADSL,PFAS,9606.ENSP00000485525,9606.ENSP00000313490,0,0,0,0,0.1,0.215,0,0.8,0.847
ADSL,IMPDH2,9606.ENSP00000485525,9606.ENSP00000321584,0.102,0,0,0,0.55,0,0,0.725,0.879
ADSL,ADSS1,9606.ENSP00000485525,9606.ENSP00000333019,0.12,0,0,0,0.829,0.1,0.978,0.809,0.999
ADSL,NT5C2,9606.ENSP00000485525,9606.ENSP00000339479,0,0,0,0,0.049,0.173,0.9,0.196,0.928
ADSL,IMPDH1,9606.ENSP00000485525,9606.ENSP00000345096,0.102,0,0,0,0.463,0,0,0.693,0.839
ADSL,AK5,9606.ENSP00000485525,9606.ENSP00000346577,0,0,0,0,0.191,0.095,0.937,0.204,0.958
ADSL,NT5C1B,9606.ENSP00000485525,9606.ENSP00000352904,0,0,0,0,0.068,0,0.9,0.269,0.925
ADSL,PNP,9606.ENSP00000485525,9606.ENSP00000354532,0.053,0,0,0,0.062,0,0,0.716,0.725
ADSL,ADSS2,9606.ENSP00000485525,9606.ENSP00000355493,0.12,0,0,0,0.83,0.189,0.978,0.856,0.999
ADSL,ENTPD1,9606.ENSP00000485525,9606.ENSP00000360250,0,0,0,0,0.056,0,0.9,0.083,0.905
ADSL,ENTPD8,9606.ENSP00000485525,9606.ENSP00000360561,0,0,0,0,0.056,0,0.9,0.111,0.908
ADSL,APRT,9606.ENSP00000485525,9606.ENSP00000367615,0.12,0,0,0,0.337,0.294,0.913,0.774,0.99
ADSL,GART,9606.ENSP00000485525,9606.ENSP00000371253,0.356,0,0,0,0.966,0.457,0.837,0.759,0.999
ADSL,NT5M,9606.ENSP00000485525,9606.ENSP00000373674,0,0,0,0,0,0,0.9,0.08,0.904
ADSL,AMPD3,9606.ENSP00000485525,9606.ENSP00000379802,0,0,0,0,0,0,0.9,0.742,0.973
ADSL,PAICS,9606.ENSP00000485525,9606.ENSP00000382595,0.231,0,0,0,0.968,0.32,0.98,0.745,0.999
ADSL,GMPS,9606.ENSP00000485525,9606.ENSP00000419851,0.231,0,0,0,0.424,0,0.172,0.791,0.913
ADSL,AMPD1,9606.ENSP00000485525,9606.ENSP00000430075,0,0,0,0,0,0,0.9,0.745,0.973
ADSL,AK2,9606.ENSP00000485525,9606.ENSP00000499935,0,0,0,0,0.225,0.095,0.941,0.227,0.964
ADSL,AMPD2,9606.ENSP00000485525,9606.ENSP00000499465,0,0,0,0,0.054,0,0.9,0.728,0.972
ADSS1,NT5C1A,9606.ENSP00000333019,9606.ENSP00000235628,0.044,0,0,0,0.07,0.071,0.9,0.278,0.929
ADSS1,ATIC,9606.ENSP00000333019,9606.ENSP00000236959,0.12,0,0,0,0.603,0.099,0.978,0.541,0.996
ADSS1,NT5C,9606.ENSP00000333019,9606.ENSP00000245552,0,0,0,0,0,0,0.9,0.138,0.91
ADSS1,NT5E,9606.ENSP00000333019,9606.ENSP00000257770,0.12,0,0,0,0.044,0,0.9,0.282,0.931
ADSS1,GMPR,9606.ENSP00000333019,9606.ENSP00000259727,0.079,0,0,0,0.4,0,0.91,0.301,0.961
ADSS1,PPAT,9606.ENSP00000333019,9606.ENSP00000264220,0.12,0,0,0,0.373,0,0,0.665,0.799
ADSS1,CAD,9606.ENSP00000333019,9606.ENSP00000264705,0.095,0,0,0,0.295,0,0.9,0.374,0.954
ADSS1,HPRT1,9606.ENSP00000333019,9606.ENSP00000298556,0.111,0,0,0,0.115,0,0.911,0.467,0.958
ADSS1,ENTPD3,9606.ENSP00000333019,9606.ENSP00000301825,0,0,0,0,0,0,0.9,0.089,0.905
ADSS1,IMPDH2,9606.ENSP00000333019,9606.ENSP00000321584,0.079,0,0,0,0.402,0,0.91,0.558,0.975
ADSS1,GMPS,9606.ENSP00000333019,9606.ENSP00000419851,0.12,0,0,0,0.151,0,0,0.647,0.713
ADSS1,APRT,9606.ENSP00000333019,9606.ENSP00000367615,0,0,0,0,0.141,0.299,0,0.573,0.72
ADSS1,PAICS,9606.ENSP00000333019,9606.ENSP00000382595,0.12,0,0,0,0.602,0.095,0,0.517,0.826
ADSS1,NUDT16,9606.ENSP00000333019,9606.ENSP00000422375,0,0,0,0,0.042,0,0.9,0,0.9
ADSS1,NT5M,9606.ENSP00000333019,9606.ENSP00000373674,0,0,0,0,0.044,0,0.9,0.103,0.906
ADSS1,ENTPD8,9606.ENSP00000333019,9606.ENSP00000360561,0,0,0,0,0,0,0.9,0.115,0.907
ADSS1,ENTPD1,9606.ENSP00000333019,9606.ENSP00000360250,0,0,0,0,0,0,0.9,0.115,0.907
ADSS1,ENTPD6,9606.ENSP00000333019,9606.ENSP00000365840,0,0,0,0,0,0,0.9,0.147,0.911
ADSS1,NT5C2,9606.ENSP00000333019,9606.ENSP00000339479,0,0,0,0,0,0,0.9,0.195,0.916
ADSS1,ENTPD4,9606.ENSP00000333019,9606.ENSP00000351520,0,0,0,0,0,0,0.9,0.266,0.923
ADSS1,ENTPD5,9606.ENSP00000333019,9606.ENSP00000335246,0,0,0,0,0,0,0.9,0.323,0.929
ADSS1,NT5C1B,9606.ENSP00000333019,9606.ENSP00000352904,0.044,0,0,0,0.07,0.071,0.9,0.309,0.932
ADSS1,ADSS2,9606.ENSP00000333019,9606.ENSP00000355493,0,0,0.054,0.973,0,0.47,0.9,0.111,0.949
ADSS1,AMPD2,9606.ENSP00000333019,9606.ENSP00000499465,0.057,0,0,0,0.111,0,0.9,0.521,0.954
ADSS1,ITPA,9606.ENSP00000333019,9606.ENSP00000369456,0.112,0,0,0,0,0.13,0.9,0.49,0.955
ADSS1,AMPD3,9606.ENSP00000333019,9606.ENSP00000379802,0.057,0,0,0,0.111,0,0.9,0.558,0.957
ADSS1,AMPD1,9606.ENSP00000333019,9606.ENSP00000430075,0.057,0,0,0,0.111,0,0.9,0.606,0.962
ADSS1,GART,9606.ENSP00000333019,9606.ENSP00000371253,0.321,0,0,0,0.904,0.065,0,0.564,0.969
ADSS1,IMPDH1,9606.ENSP00000333019,9606.ENSP00000345096,0.079,0,0,0,0.4,0,0.91,0.591,0.977
ADSS2,UMPS,9606.ENSP00000355493,9606.ENSP00000232607,0.119,0,0,0,0.093,0.223,0,0.596,0.715
ADSS2,NT5C1A,9606.ENSP00000355493,9606.ENSP00000235628,0.044,0,0,0,0.07,0.071,0.9,0.169,0.918
ADSS2,ATIC,9606.ENSP00000355493,9606.ENSP00000236959,0.12,0,0,0,0.601,0.099,0.978,0.665,0.997
ADSS2,NT5C,9606.ENSP00000355493,9606.ENSP00000245552,0,0,0,0,0.047,0,0.9,0.185,0.915
ADSS2,NT5E,9606.ENSP00000355493,9606.ENSP00000257770,0.12,0,0,0,0.042,0,0.9,0.302,0.933
ADSS2,GMPR,9606.ENSP00000355493,9606.ENSP00000259727,0.079,0,0,0,0.4,0,0.91,0.488,0.971
ADSS2,PPAT,9606.ENSP00000355493,9606.ENSP00000264220,0.12,0,0,0,0.376,0,0,0.688,0.814
ADSS2,CAD,9606.ENSP00000355493,9606.ENSP00000264705,0.095,0,0,0,0.295,0,0.9,0.496,0.963
ADSS2,HPRT1,9606.ENSP00000355493,9606.ENSP00000298556,0.111,0,0,0,0.138,0,0.911,0.517,0.963
ADSS2,ENTPD3,9606.ENSP00000355493,9606.ENSP00000301825,0,0,0,0,0,0,0.9,0.156,0.912
ADSS2,IMPDH2,9606.ENSP00000355493,9606.ENSP00000321584,0.079,0,0,0,0.401,0,0.91,0.796,0.988
ADSS2,ENTPD5,9606.ENSP00000355493,9606.ENSP00000335246,0,0,0,0,0,0,0.9,0.284,0.925
ADSS2,NT5C2,9606.ENSP00000355493,9606.ENSP00000339479,0,0,0,0,0.044,0,0.9,0.23,0.92
ADSS2,IMPDH1,9606.ENSP00000355493,9606.ENSP00000345096,0.079,0,0,0,0.401,0,0.91,0.669,0.981
ADSS2,ENTPD4,9606.ENSP00000355493,9606.ENSP00000351520,0,0,0,0,0,0,0.9,0.129,0.909
ADSS2,NT5C1B,9606.ENSP00000355493,9606.ENSP00000352904,0.044,0,0,0,0.07,0.071,0.9,0.108,0.912
ADSS2,APRT,9606.ENSP00000355493,9606.ENSP00000367615,0,0,0,0,0.141,0.299,0,0.674,0.787
ADSS2,GMPS,9606.ENSP00000355493,9606.ENSP00000419851,0.12,0,0,0,0.158,0.143,0,0.769,0.834
ADSS2,PAICS,9606.ENSP00000355493,9606.ENSP00000382595,0.12,0,0,0,0.602,0.095,0,0.604,0.858
ADSS2,ENTPD8,9606.ENSP00000355493,9606.ENSP00000360561,0,0,0,0,0,0,0.9,0.072,0.903
ADSS2,NT5M,9606.ENSP00000355493,9606.ENSP00000373674,0,0,0,0,0,0,0.9,0.081,0.904
ADSS2,ENTPD1,9606.ENSP00000355493,9606.ENSP00000360250,0,0,0,0,0,0,0.9,0.12,0.908
ADSS2,NUDT16,9606.ENSP00000355493,9606.ENSP00000422375,0,0,0,0,0.049,0,0.9,0.174,0.914
ADSS2,ENTPD6,9606.ENSP00000355493,9606.ENSP00000365840,0,0,0,0,0,0,0.9,0.235,0.92
ADSS2,ITPA,9606.ENSP00000355493,9606.ENSP00000369456,0.112,0,0,0,0.058,0.13,0.9,0.579,0.963
ADSS2,GART,9606.ENSP00000355493,9606.ENSP00000371253,0.321,0,0,0,0.906,0.242,0,0.666,0.981
ADSS2,AMPD1,9606.ENSP00000355493,9606.ENSP00000430075,0.057,0,0,0,0.111,0,0.9,0.924,0.992
ADSS2,AMPD2,9606.ENSP00000355493,9606.ENSP00000499465,0.057,0,0,0,0.111,0,0.9,0.921,0.992
ADSS2,AMPD3,9606.ENSP00000355493,9606.ENSP00000379802,0.057,0,0,0,0.111,0,0.9,0.926,0.993
AGXT2,UPB1,9606.ENSP00000231420,9606.ENSP00000324343,0.058,0,0,0,0.271,0,0.836,0.443,0.929
AK1,NME4,9606.ENSP00000223836,9606.ENSP00000219479,0.053,0,0,0,0.092,0,0.716,0.289,0.803
AK1,NT5C1B,9606.ENSP00000223836,9606.ENSP00000352904,0,0,0,0,0.055,0,0.689,0.081,0.706
AK1,NT5C1A,9606.ENSP00000223836,9606.ENSP00000235628,0,0,0,0,0.055,0,0.689,0.081,0.706
AK1,NT5C,9606.ENSP00000223836,9606.ENSP00000245552,0,0,0,0,0.055,0,0.684,0.108,0.711
AK1,ENTPD8,9606.ENSP00000223836,9606.ENSP00000360561,0,0,0,0,0.055,0,0.675,0.165,0.721
AK1,NT5E,9606.ENSP00000223836,9606.ENSP00000257770,0.042,0,0,0,0.048,0,0.65,0.234,0.722
AK1,ENTPD1,9606.ENSP00000223836,9606.ENSP00000360250,0,0,0,0,0.055,0,0.675,0.205,0.734
AK1,RRM2,9606.ENSP00000223836,9606.ENSP00000353770,0,0,0,0,0.046,0,0.738,0.094,0.754
AK1,ENTPD5,9606.ENSP00000223836,9606.ENSP00000335246,0,0,0,0,0.074,0,0,0.746,0.755
AK1,AK7,9606.ENSP00000223836,9606.ENSP00000267584,0,0,0,0,0.086,0.089,0,0.75,0.773
AK1,AMPD2,9606.ENSP00000223836,9606.ENSP00000499465,0,0,0,0,0.072,0,0.65,0.377,0.78
AK1,AMPD3,9606.ENSP00000223836,9606.ENSP00000379802,0,0,0,0,0.067,0,0.65,0.422,0.794
AK1,NME1,9606.ENSP00000223836,9606.ENSP00000337060,0.053,0,0,0,0.08,0,0.716,0.303,0.805
AK1,RRM2B,9606.ENSP00000223836,9606.ENSP00000251810,0,0,0,0,0.054,0,0.738,0.335,0.821
AK1,NME2,9606.ENSP00000223836,9606.ENSP00000376886,0.053,0,0,0,0.08,0,0.716,0.377,0.825
AK1,RRM1,9606.ENSP00000223836,9606.ENSP00000300738,0.042,0,0,0,0,0,0.795,0.203,0.83
AK1,ENTPD3,9606.ENSP00000223836,9606.ENSP00000301825,0,0,0,0,0.055,0,0.675,0.649,0.882
AK1,AMPD1,9606.ENSP00000223836,9606.ENSP00000430075,0,0,0,0,0.109,0,0.65,0.665,0.886
AK1,ENTPD2,9606.ENSP00000223836,9606.ENSP00000347213,0,0,0,0,0.055,0,0.907,0.22,0.925
AK1,DCK,9606.ENSP00000223836,9606.ENSP00000286648,0,0,0,0,0.055,0,0.91,0.222,0.928
AK1,APRT,9606.ENSP00000223836,9606.ENSP00000367615,0.084,0,0,0,0.142,0,0.934,0.43,0.966
AK2,NME4,9606.ENSP00000499935,9606.ENSP00000219479,0.053,0,0,0,0.08,0,0.713,0.705,0.916
AK2,NT5C,9606.ENSP00000499935,9606.ENSP00000245552,0,0,0,0,0.056,0,0.684,0.144,0.722
AK2,RRM2B,9606.ENSP00000499935,9606.ENSP00000251810,0,0,0,0,0.075,0,0.739,0.237,0.8
AK2,NT5E,9606.ENSP00000499935,9606.ENSP00000257770,0.042,0,0,0,0.045,0,0.65,0.19,0.706
AK2,DCK,9606.ENSP00000499935,9606.ENSP00000286648,0,0,0,0,0.055,0,0.907,0.198,0.923
AK2,RRM1,9606.ENSP00000499935,9606.ENSP00000300738,0.042,0,0,0,0.097,0,0.793,0.242,0.846
AK2,ENTPD3,9606.ENSP00000499935,9606.ENSP00000301825,0,0,0,0,0,0,0.673,0.164,0.715
AK2,DTYMK,9606.ENSP00000499935,9606.ENSP00000304802,0,0,0,0,0.111,0.091,0.287,0.594,0.735
AK2,NME1,9606.ENSP00000499935,9606.ENSP00000337060,0.053,0,0,0,0.145,0,0.713,0.266,0.807
AK2,ENTPD2,9606.ENSP00000499935,9606.ENSP00000347213,0,0,0,0,0,0,0.906,0,0.906
AK2,RRM2,9606.ENSP00000499935,9606.ENSP00000353770,0,0,0,0,0.072,0,0.739,0.182,0.785
AK2,GUK1,9606.ENSP00000499935,9606.ENSP00000355689,0,0,0,0,0.134,0.291,0.184,0.524,0.73
AK2,ENTPD1,9606.ENSP00000499935,9606.ENSP00000360250,0,0,0,0,0,0,0.673,0.16,0.714
AK2,ENTPD8,9606.ENSP00000499935,9606.ENSP00000360561,0,0,0,0,0,0,0.673,0.135,0.705
AK2,APRT,9606.ENSP00000499935,9606.ENSP00000367615,0.084,0,0,0,0.167,0,0.934,0.442,0.968
AK2,NT5M,9606.ENSP00000499935,9606.ENSP00000373674,0,0,0,0,0,0,0.684,0.621,0.875
AK2,NME2,9606.ENSP00000499935,9606.ENSP00000376886,0.053,0,0,0,0.12,0.232,0.713,0.303,0.849
AK2,AMPD3,9606.ENSP00000499935,9606.ENSP00000379802,0,0,0,0,0.057,0,0.65,0.32,0.756
AK2,AMPD1,9606.ENSP00000499935,9606.ENSP00000430075,0,0,0,0,0.057,0,0.65,0.266,0.736
AK2,AMPD2,9606.ENSP00000499935,9606.ENSP00000499465,0,0,0,0,0.064,0,0.65,0.344,0.766
AK5,NME4,9606.ENSP00000346577,9606.ENSP00000219479,0.053,0,0,0,0.08,0,0.716,0.282,0.799
AK5,NT5C1A,9606.ENSP00000346577,9606.ENSP00000235628,0,0,0,0,0.075,0,0.689,0.081,0.712
AK5,RRM2B,9606.ENSP00000346577,9606.ENSP00000251810,0,0,0,0,0.046,0,0.738,0.051,0.742
AK5,NT5E,9606.ENSP00000346577,9606.ENSP00000257770,0.042,0,0,0,0.101,0,0.65,0.196,0.725
AK5,AK7,9606.ENSP00000346577,9606.ENSP00000267584,0,0,0,0,0.084,0.089,0.4,0.734,0.849
AK5,DCK,9606.ENSP00000346577,9606.ENSP00000286648,0,0,0,0,0.055,0,0.91,0.144,0.921
AK5,RRM1,9606.ENSP00000346577,9606.ENSP00000300738,0.042,0,0,0,0,0,0.795,0.203,0.83
AK5,ENTPD3,9606.ENSP00000346577,9606.ENSP00000301825,0,0,0,0,0.075,0,0.675,0.158,0.725
AK5,NME1,9606.ENSP00000346577,9606.ENSP00000337060,0.053,0,0,0,0.08,0,0.716,0.219,0.781
AK5,NT5C1B,9606.ENSP00000346577,9606.ENSP00000352904,0,0,0,0,0.055,0,0.689,0.081,0.706
AK5,AMPD1,9606.ENSP00000346577,9606.ENSP00000430075,0,0,0,0,0.109,0,0.65,0.172,0.719
AK5,AMPD3,9606.ENSP00000346577,9606.ENSP00000379802,0,0,0,0,0.067,0,0.65,0.255,0.736
AK5,AMPD2,9606.ENSP00000346577,9606.ENSP00000499465,0,0,0,0,0.079,0,0.65,0.247,0.736
AK5,RRM2,9606.ENSP00000346577,9606.ENSP00000353770,0,0,0,0,0.046,0,0.738,0.051,0.742
AK5,NME2,9606.ENSP00000346577,9606.ENSP00000376886,0.053,0,0,0,0.08,0,0.716,0.273,0.796
AK5,ENTPD2,9606.ENSP00000346577,9606.ENSP00000347213,0,0,0,0,0.055,0,0.907,0.115,0.915
AK5,APRT,9606.ENSP00000346577,9606.ENSP00000367615,0.084,0,0,0,0.14,0,0.934,0.415,0.965
AK7,NME4,9606.ENSP00000267584,9606.ENSP00000219479,0.053,0,0,0,0.08,0,0.713,0.162,0.763
AK7,RRM2B,9606.ENSP00000267584,9606.ENSP00000251810,0,0,0,0,0,0,0.739,0.073,0.748
AK7,AMPD2,9606.ENSP00000267584,9606.ENSP00000499465,0,0,0,0,0.057,0,0.65,0.184,0.707
AK7,AMPD3,9606.ENSP00000267584,9606.ENSP00000379802,0,0,0,0,0.057,0,0.65,0.199,0.712
AK7,AMPD1,9606.ENSP00000267584,9606.ENSP00000430075,0,0,0,0,0.057,0,0.65,0.224,0.721
AK7,RRM2,9606.ENSP00000267584,9606.ENSP00000353770,0,0,0,0,0,0,0.739,0.073,0.748
AK7,NME2,9606.ENSP00000267584,9606.ENSP00000376886,0.053,0,0,0,0.08,0,0.713,0.135,0.755
AK7,NME1,9606.ENSP00000267584,9606.ENSP00000337060,0.053,0,0,0,0.08,0,0.713,0.201,0.774
AK7,RRM1,9606.ENSP00000267584,9606.ENSP00000300738,0.042,0,0,0,0,0,0.793,0.203,0.828
AK7,ENTPD2,9606.ENSP00000267584,9606.ENSP00000347213,0,0,0,0,0,0,0.906,0,0.906
AK7,DCK,9606.ENSP00000267584,9606.ENSP00000286648,0,0,0,0,0.055,0,0.907,0.143,0.918
AK7,APRT,9606.ENSP00000267584,9606.ENSP00000367615,0.084,0,0,0,0.14,0,0.934,0.204,0.953
AMPD1,NT5C1A,9606.ENSP00000430075,9606.ENSP00000235628,0,0,0,0,0.122,0,0.65,0.578,0.859
AMPD1,ATIC,9606.ENSP00000430075,9606.ENSP00000236959,0,0,0,0,0,0.052,0.9,0.694,0.968
AMPD1,NT5C,9606.ENSP00000430075,9606.ENSP00000245552,0,0,0,0,0,0,0.763,0.336,0.836
AMPD1,NT5E,9606.ENSP00000430075,9606.ENSP00000257770,0.081,0,0,0,0,0,0.798,0.353,0.87
AMPD1,GMPR,9606.ENSP00000430075,9606.ENSP00000259727,0.057,0,0,0,0.14,0.091,0.914,0.391,0.954
AMPD1,DCK,9606.ENSP00000430075,9606.ENSP00000286648,0,0,0,0,0,0,0.9,0.505,0.948
AMPD1,HPRT1,9606.ENSP00000430075,9606.ENSP00000298556,0,0,0,0,0,0,0.932,0.482,0.963
AMPD1,ENTPD3,9606.ENSP00000430075,9606.ENSP00000301825,0,0,0,0,0.047,0,0.9,0.195,0.916
AMPD1,IMPDH2,9606.ENSP00000430075,9606.ENSP00000321584,0.057,0,0,0,0.067,0.091,0.914,0.587,0.966
AMPD1,ENTPD5,9606.ENSP00000430075,9606.ENSP00000335246,0,0,0,0,0.055,0,0.9,0.205,0.918
AMPD1,NT5C2,9606.ENSP00000430075,9606.ENSP00000339479,0,0,0,0,0,0,0.678,0.396,0.797
AMPD1,IMPDH1,9606.ENSP00000430075,9606.ENSP00000345096,0.057,0,0,0,0.067,0.091,0.914,0.543,0.963
AMPD1,ENTPD4,9606.ENSP00000430075,9606.ENSP00000351520,0,0,0,0,0.042,0,0.9,0.181,0.914
AMPD1,NT5C1B,9606.ENSP00000430075,9606.ENSP00000352904,0,0,0,0,0.122,0,0.65,0.239,0.745
AMPD1,PNP,9606.ENSP00000430075,9606.ENSP00000354532,0.079,0,0,0,0.074,0,0.352,0.717,0.822
AMPD1,ENTPD1,9606.ENSP00000430075,9606.ENSP00000360250,0,0,0,0,0.058,0,0.9,0.245,0.922
AMPD1,ENTPD8,9606.ENSP00000430075,9606.ENSP00000360561,0,0,0,0,0.046,0,0.9,0.228,0.919
AMPD1,ENTPD6,9606.ENSP00000430075,9606.ENSP00000365840,0,0,0,0,0.055,0,0.9,0.183,0.916
AMPD1,APRT,9606.ENSP00000430075,9606.ENSP00000367615,0,0,0,0,0.14,0.163,0.942,0.685,0.985
AMPD1,ITPA,9606.ENSP00000430075,9606.ENSP00000369456,0.057,0,0,0,0,0,0.9,0.653,0.964
AMPD1,NT5M,9606.ENSP00000430075,9606.ENSP00000373674,0,0,0,0,0,0,0.763,0.166,0.794
AMPD1,AMPD3,9606.ENSP00000430075,9606.ENSP00000379802,0,0,0.06,0.96,0.067,0.311,0.9,0.077,0.934
AMPD1,NUDT16,9606.ENSP00000430075,9606.ENSP00000422375,0,0,0,0,0,0,0.9,0.139,0.91
AMPD1,AMPD2,9606.ENSP00000430075,9606.ENSP00000499465,0,0,0.073,0.933,0.067,0.311,0.9,0.379,0.956
AMPD2,NT5C1A,9606.ENSP00000499465,9606.ENSP00000235628,0,0,0,0,0.094,0,0.65,0.42,0.8
AMPD2,ATIC,9606.ENSP00000499465,9606.ENSP00000236959,0,0,0,0,0.05,0.052,0.9,0.524,0.951
AMPD2,NT5C,9606.ENSP00000499465,9606.ENSP00000245552,0,0,0,0,0.047,0,0.763,0.316,0.832
AMPD2,NT5E,9606.ENSP00000499465,9606.ENSP00000257770,0.081,0,0,0,0.042,0,0.798,0.431,0.885
AMPD2,GMPR,9606.ENSP00000499465,9606.ENSP00000259727,0.057,0,0,0,0.093,0.091,0.914,0.448,0.956
AMPD2,DCK,9606.ENSP00000499465,9606.ENSP00000286648,0,0,0,0,0.044,0,0.9,0.522,0.95
AMPD2,HPRT1,9606.ENSP00000499465,9606.ENSP00000298556,0,0,0,0,0.057,0,0.932,0.484,0.964
AMPD2,ENTPD3,9606.ENSP00000499465,9606.ENSP00000301825,0,0,0,0,0.055,0,0.9,0.242,0.922
AMPD2,IMPDH2,9606.ENSP00000499465,9606.ENSP00000321584,0.057,0,0,0,0.074,0.091,0.914,0.581,0.966
AMPD2,ENTPD5,9606.ENSP00000499465,9606.ENSP00000335246,0,0,0,0,0.055,0,0.9,0.167,0.914
AMPD2,NT5C2,9606.ENSP00000499465,9606.ENSP00000339479,0,0,0,0,0.054,0,0.678,0.569,0.857
AMPD2,IMPDH1,9606.ENSP00000499465,9606.ENSP00000345096,0.057,0,0,0,0.132,0.091,0.914,0.582,0.968
AMPD2,ENTPD4,9606.ENSP00000499465,9606.ENSP00000351520,0,0,0,0,0.06,0,0.9,0.134,0.911
AMPD2,NT5C1B,9606.ENSP00000499465,9606.ENSP00000352904,0,0,0,0,0.094,0,0.65,0.181,0.717
AMPD2,PNP,9606.ENSP00000499465,9606.ENSP00000354532,0.079,0,0,0,0.074,0,0.352,0.739,0.836
AMPD2,ENTPD1,9606.ENSP00000499465,9606.ENSP00000360250,0,0,0,0,0.055,0,0.9,0.342,0.932
AMPD2,ENTPD8,9606.ENSP00000499465,9606.ENSP00000360561,0,0,0,0,0.055,0,0.9,0.207,0.918
AMPD2,ENTPD6,9606.ENSP00000499465,9606.ENSP00000365840,0,0,0,0,0.08,0,0.9,0.184,0.918
AMPD2,APRT,9606.ENSP00000499465,9606.ENSP00000367615,0,0,0,0,0.151,0.163,0.942,0.698,0.986
AMPD2,ITPA,9606.ENSP00000499465,9606.ENSP00000369456,0.057,0,0,0,0.043,0,0.9,0.362,0.934
AMPD2,NT5M,9606.ENSP00000499465,9606.ENSP00000373674,0,0,0,0,0.042,0,0.763,0.115,0.781
AMPD2,AMPD3,9606.ENSP00000499465,9606.ENSP00000379802,0,0,0.069,0.941,0.056,0.166,0.9,0.094,0.921
AMPD2,GMPS,9606.ENSP00000499465,9606.ENSP00000419851,0.1,0,0,0,0.141,0,0,0.669,0.722
AMPD2,NUDT16,9606.ENSP00000499465,9606.ENSP00000422375,0,0,0,0,0.049,0,0.9,0.164,0.913
AMPD3,NT5C1A,9606.ENSP00000379802,9606.ENSP00000235628,0,0,0,0,0.094,0,0.65,0.418,0.799
AMPD3,ATIC,9606.ENSP00000379802,9606.ENSP00000236959,0,0,0,0,0,0.052,0.9,0.492,0.947
AMPD3,NT5C,9606.ENSP00000379802,9606.ENSP00000245552,0,0,0,0,0,0,0.763,0.374,0.845
AMPD3,NT5E,9606.ENSP00000379802,9606.ENSP00000257770,0.081,0,0,0,0,0,0.798,0.416,0.882
AMPD3,GMPR,9606.ENSP00000379802,9606.ENSP00000259727,0.057,0,0,0,0.086,0.091,0.914,0.476,0.958
AMPD3,DCK,9606.ENSP00000379802,9606.ENSP00000286648,0,0,0,0,0.045,0,0.9,0.296,0.926
AMPD3,HPRT1,9606.ENSP00000379802,9606.ENSP00000298556,0,0,0,0,0.042,0,0.932,0.486,0.963
AMPD3,ENTPD3,9606.ENSP00000379802,9606.ENSP00000301825,0,0,0,0,0.068,0,0.9,0.187,0.917
AMPD3,IMPDH2,9606.ENSP00000379802,9606.ENSP00000321584,0.057,0,0,0,0.067,0.091,0.914,0.582,0.966
AMPD3,ENTPD5,9606.ENSP00000379802,9606.ENSP00000335246,0,0,0,0,0.055,0,0.9,0.277,0.925
AMPD3,NT5C2,9606.ENSP00000379802,9606.ENSP00000339479,0,0,0,0,0,0,0.678,0.422,0.806
AMPD3,IMPDH1,9606.ENSP00000379802,9606.ENSP00000345096,0.057,0,0,0,0.067,0.091,0.914,0.569,0.965
AMPD3,ENTPD4,9606.ENSP00000379802,9606.ENSP00000351520,0,0,0,0,0.042,0,0.9,0.289,0.925
AMPD3,NT5C1B,9606.ENSP00000379802,9606.ENSP00000352904,0,0,0,0,0.094,0,0.65,0.335,0.771
AMPD3,PNP,9606.ENSP00000379802,9606.ENSP00000354532,0.079,0,0,0,0.074,0,0.352,0.746,0.841
AMPD3,ENTPD1,9606.ENSP00000379802,9606.ENSP00000360250,0,0,0,0,0.107,0,0.9,0.247,0.926
AMPD3,ENTPD8,9606.ENSP00000379802,9606.ENSP00000360561,0,0,0,0,0.091,0,0.9,0.21,0.921
AMPD3,ENTPD6,9606.ENSP00000379802,9606.ENSP00000365840,0,0,0,0,0.055,0,0.9,0.089,0.906
AMPD3,APRT,9606.ENSP00000379802,9606.ENSP00000367615,0,0,0,0,0.14,0.163,0.942,0.706,0.986
AMPD3,ITPA,9606.ENSP00000379802,9606.ENSP00000369456,0.057,0,0,0,0,0,0.9,0.361,0.934
AMPD3,NT5M,9606.ENSP00000379802,9606.ENSP00000373674,0,0,0,0,0,0,0.763,0.223,0.808
AMPD3,GMPS,9606.ENSP00000379802,9606.ENSP00000419851,0.1,0,0,0,0.141,0,0,0.665,0.718
AMPD3,NUDT16,9606.ENSP00000379802,9606.ENSP00000422375,0,0,0,0,0,0,0.9,0.153,0.911
APRT,UMPS,9606.ENSP00000367615,9606.ENSP00000232607,0.151,0,0,0,0.224,0.422,0,0.68,0.862
APRT,NT5C1A,9606.ENSP00000367615,9606.ENSP00000235628,0.042,0,0,0,0.091,0,0.9,0.286,0.929
APRT,ATIC,9606.ENSP00000367615,9606.ENSP00000236959,0.231,0,0,0,0.425,0.091,0.9,0.627,0.982
APRT,GDA,9606.ENSP00000367615,9606.ENSP00000238018,0.042,0,0,0,0.053,0,0.9,0.716,0.97
APRT,NT5C,9606.ENSP00000367615,9606.ENSP00000245552,0,0,0,0,0.081,0,0.9,0.121,0.912
APRT,NT5E,9606.ENSP00000367615,9606.ENSP00000257770,0.231,0,0,0,0.043,0,0.9,0.441,0.953
APRT,GMPR,9606.ENSP00000367615,9606.ENSP00000259727,0.095,0,0,0,0.128,0,0.9,0.52,0.957
APRT,PPAT,9606.ENSP00000367615,9606.ENSP00000264220,0.046,0,0,0,0.309,0,0,0.717,0.797
APRT,DCK,9606.ENSP00000367615,9606.ENSP00000286648,0.057,0,0,0,0.115,0,0.9,0.48,0.95
APRT,HPRT1,9606.ENSP00000367615,9606.ENSP00000298556,0.117,0,0,0,0.067,0.226,0.9,0.933,0.994
APRT,ENTPD3,9606.ENSP00000367615,9606.ENSP00000301825,0,0,0,0,0,0,0.9,0.201,0.916
APRT,IMPDH2,9606.ENSP00000367615,9606.ENSP00000321584,0.095,0,0,0,0.318,0,0,0.673,0.78
APRT,UPP1,9606.ENSP00000367615,9606.ENSP00000330032,0.046,0,0,0,0.042,0,0.792,0.453,0.882
APRT,ENTPD5,9606.ENSP00000367615,9606.ENSP00000335246,0,0,0,0,0.104,0,0.9,0.088,0.911
APRT,NT5C2,9606.ENSP00000367615,9606.ENSP00000339479,0,0,0,0,0.049,0,0.9,0.151,0.912
APRT,ENTPD4,9606.ENSP00000367615,9606.ENSP00000351520,0,0,0,0,0.042,0,0.9,0.121,0.908
APRT,NT5C1B,9606.ENSP00000367615,9606.ENSP00000352904,0.042,0,0,0,0.086,0,0.9,0.134,0.914
APRT,PNP,9606.ENSP00000367615,9606.ENSP00000354532,0.12,0,0,0,0.148,0,0.978,0.808,0.996
APRT,GUK1,9606.ENSP00000367615,9606.ENSP00000355689,0.048,0,0,0,0.322,0,0.923,0.488,0.971
APRT,ENTPD1,9606.ENSP00000367615,9606.ENSP00000360250,0,0,0,0,0,0,0.9,0.125,0.908
APRT,ENTPD8,9606.ENSP00000367615,9606.ENSP00000360561,0,0,0,0,0,0,0.9,0.135,0.909
APRT,ENTPD6,9606.ENSP00000367615,9606.ENSP00000365840,0,0,0,0,0.129,0,0.9,0.072,0.912
APRT,GART,9606.ENSP00000367615,9606.ENSP00000371253,0.268,0,0,0,0.597,0.115,0,0.592,0.879
APRT,UPP2,9606.ENSP00000367615,9606.ENSP00000474090,0.046,0,0,0,0,0,0.792,0.445,0.88
APRT,NT5M,9606.ENSP00000367615,9606.ENSP00000373674,0,0,0,0,0.044,0,0.9,0.05,0.901
APRT,TYMP,9606.ENSP00000367615,9606.ENSP00000379038,0.223,0,0,0,0.074,0,0.809,0.457,0.915
APRT,ITPA,9606.ENSP00000367615,9606.ENSP00000369456,0.045,0,0,0,0.226,0.079,0.98,0.344,0.989
APRT,GMPS,9606.ENSP00000367615,9606.ENSP00000419851,0.231,0,0,0,0.76,0.226,0.9,0.717,0.995
ATIC,UMPS,9606.ENSP00000236959,9606.ENSP00000232607,0.102,0,0,0,0.371,0,0,0.617,0.765
ATIC,NT5C1A,9606.ENSP00000236959,9606.ENSP00000235628,0,0,0,0,0,0,0.9,0.325,0.929
ATIC,GMPR2,9606.ENSP00000236959,9606.ENSP00000454038,0.102,0,0,0,0.307,0,0.449,0.24,0.704
ATIC,PFAS,9606.ENSP00000236959,9606.ENSP00000313490,0,0,0,0,0.173,0,0,0.79,0.819
ATIC,TYMS,9606.ENSP00000236959,9606.ENSP00000315644,0,0,0,0,0.181,0.222,0,0.794,0.857
ATIC,NUDT16,9606.ENSP00000236959,9606.ENSP00000422375,0,0,0,0,0.062,0,0.9,0,0.902
ATIC,NT5C,9606.ENSP00000236959,9606.ENSP00000245552,0,0,0,0,0.097,0,0.9,0,0.905
ATIC,ENTPD6,9606.ENSP00000236959,9606.ENSP00000365840,0,0,0,0,0.063,0,0.9,0.09,0.907
ATIC,NT5M,9606.ENSP00000236959,9606.ENSP00000373674,0,0,0,0,0.083,0,0.9,0.104,0.91
ATIC,ENTPD5,9606.ENSP00000236959,9606.ENSP00000335246,0,0,0,0,0,0,0.9,0.141,0.91
ATIC,NT5C2,9606.ENSP00000236959,9606.ENSP00000339479,0,0,0,0,0.049,0,0.9,0.135,0.91
ATIC,ENTPD3,9606.ENSP00000236959,9606.ENSP00000301825,0,0,0,0,0,0,0.9,0.165,0.913
ATIC,NT5C1B,9606.ENSP00000236959,9606.ENSP00000352904,0,0,0,0,0,0,0.9,0.223,0.919
ATIC,ENTPD8,9606.ENSP00000236959,9606.ENSP00000360561,0,0,0,0,0,0,0.9,0.226,0.919
ATIC,ENTPD1,9606.ENSP00000236959,9606.ENSP00000360250,0,0,0,0,0,0,0.9,0.224,0.919
ATIC,GMPS,9606.ENSP00000236959,9606.ENSP00000419851,0.231,0,0,0,0.486,0,0,0.817,0.921
ATIC,ENTPD4,9606.ENSP00000236959,9606.ENSP00000351520,0,0,0,0,0,0,0.9,0.258,0.922
ATIC,NT5E,9606.ENSP00000236959,9606.ENSP00000257770,0,0,0,0,0.058,0,0.9,0.392,0.937
ATIC,HPRT1,9606.ENSP00000236959,9606.ENSP00000298556,0.119,0,0,0,0.088,0,0.9,0.542,0.958
ATIC,ITPA,9606.ENSP00000236959,9606.ENSP00000369456,0,0,0,0,0.137,0,0.9,0.727,0.974
ATIC,GMPR,9606.ENSP00000236959,9606.ENSP00000259727,0.102,0,0,0,0.296,0,0.942,0.404,0.975
ATIC,IMPDH1,9606.ENSP00000236959,9606.ENSP00000345096,0.102,0,0,0,0.309,0,0.942,0.502,0.979
ATIC,IMPDH2,9606.ENSP00000236959,9606.ENSP00000321584,0.102,0,0,0,0.577,0,0.942,0.637,0.991
ATIC,PPAT,9606.ENSP00000236959,9606.ENSP00000264220,0.231,0,0.252,0,0.966,0.164,0,0.761,0.995
ATIC,PAICS,9606.ENSP00000236959,9606.ENSP00000382595,0.231,0,0,0,0.978,0.425,0,0.735,0.997
ATIC,GART,9606.ENSP00000236959,9606.ENSP00000371253,0.356,0.001,0.349,0,0.971,0.225,0.98,0.916,0.999
CAD,DHODH,9606.ENSP00000264705,9606.ENSP00000219240,0.095,0,0,0,0.619,0.071,0.937,0.778,0.994
CAD,UMPS,9606.ENSP00000264705,9606.ENSP00000232607,0.111,0,0,0,0.699,0.099,0,0.804,0.946
CAD,PPAT,9606.ENSP00000264705,9606.ENSP00000264220,0.111,0,0,0,0.539,0,0.911,0.804,0.991
CAD,GMPS,9606.ENSP00000264705,9606.ENSP00000419851,0.109,0,0,0,0.376,0,0,0.585,0.749
CAD,DPYS,9606.ENSP00000264705,9606.ENSP00000276651,0.059,0,0,0,0.401,0.071,0.281,0.487,0.772
CAD,DPYD,9606.ENSP00000264705,9606.ENSP00000359211,0.095,0,0,0,0.602,0.079,0.4,0.321,0.84
CAD,GART,9606.ENSP00000264705,9606.ENSP00000371253,0.214,0,0,0,0.326,0,0.514,0.581,0.877
CDA,NT5C1A,9606.ENSP00000364212,9606.ENSP00000235628,0,0,0,0,0.045,0,0.9,0.308,0.928
CDA,NT5C,9606.ENSP00000364212,9606.ENSP00000245552,0,0,0,0,0,0,0.9,0.305,0.927
CDA,NT5E,9606.ENSP00000364212,9606.ENSP00000257770,0.231,0,0,0,0.062,0,0.9,0.212,0.935
CDA,DCK,9606.ENSP00000364212,9606.ENSP00000286648,0.053,0,0,0,0,0,0.948,0.94,0.996
CDA,TK2,9606.ENSP00000364212,9606.ENSP00000299697,0.053,0,0,0,0.042,0,0.948,0.483,0.972
CDA,DTYMK,9606.ENSP00000364212,9606.ENSP00000304802,0.061,0,0,0,0,0,0.792,0.49,0.891
CDA,TYMS,9606.ENSP00000364212,9606.ENSP00000315644,0,0,0,0,0,0,0.796,0.648,0.925
CDA,UPP1,9606.ENSP00000364212,9606.ENSP00000330032,0.12,0,0,0,0.61,0,0.978,0.665,0.997
CDA,NT5C2,9606.ENSP00000364212,9606.ENSP00000339479,0,0,0,0,0.048,0,0.9,0.4,0.937
CDA,DCTD,9606.ENSP00000364212,9606.ENSP00000349576,0.099,0,0,0,0.11,0,0,0.909,0.921
CDA,NT5C1B,9606.ENSP00000364212,9606.ENSP00000352904,0,0,0,0,0,0,0.9,0.117,0.907
CDA,PNP,9606.ENSP00000364212,9606.ENSP00000354532,0.12,0,0,0,0.109,0,0.911,0.334,0.947
CDA,UCK2,9606.ENSP00000364212,9606.ENSP00000356853,0.086,0,0,0,0,0,0.945,0.575,0.977
CDA,DPYD,9606.ENSP00000364212,9606.ENSP00000359211,0.07,0,0,0,0.06,0,0.217,0.646,0.725
CDA,UCK1,9606.ENSP00000364212,9606.ENSP00000361285,0.086,0,0,0,0,0,0.945,0.578,0.977
CDA,NT5M,9606.ENSP00000364212,9606.ENSP00000373674,0,0,0,0,0,0,0.9,0.183,0.914
CDA,TK1,9606.ENSP00000364212,9606.ENSP00000468425,0.231,0,0,0,0.044,0,0.809,0.509,0.921
CDA,UPP2,9606.ENSP00000364212,9606.ENSP00000474090,0.12,0,0,0,0.592,0,0.978,0.665,0.997
CDA,TYMP,9606.ENSP00000364212,9606.ENSP00000379038,0.231,0,0.418,0,0.311,0,0.98,0.717,0.997
CMPK1,NME4,9606.ENSP00000360939,9606.ENSP00000219479,0.053,0,0,0,0.08,0,0.223,0.757,0.813
CMPK1,UMPS,9606.ENSP00000360939,9606.ENSP00000232607,0,0,0,0,0.11,0.067,0.357,0.63,0.776
CMPK1,DGUOK,9606.ENSP00000360939,9606.ENSP00000264093,0,0,0,0,0.067,0,0.139,0.713,0.749
CMPK1,DCK,9606.ENSP00000360939,9606.ENSP00000286648,0,0,0,0,0.097,0,0.139,0.698,0.745
CMPK1,ENTPD3,9606.ENSP00000360939,9606.ENSP00000301825,0,0,0,0,0.055,0,0.111,0.717,0.741
CMPK1,DTYMK,9606.ENSP00000360939,9606.ENSP00000304802,0,0,0,0,0.044,0.099,0.287,0.922,0.946
CMPK1,ENTPD5,9606.ENSP00000360939,9606.ENSP00000335246,0,0,0,0,0.068,0,0,0.831,0.836
CMPK1,UCK2,9606.ENSP00000360939,9606.ENSP00000356853,0.042,0,0,0,0.048,0.045,0.188,0.798,0.831
CMPK1,NT5M,9606.ENSP00000360939,9606.ENSP00000373674,0,0,0,0,0,0,0.136,0.761,0.784
CTPS2,DHODH,9606.ENSP00000401264,9606.ENSP00000219240,0.091,0,0,0,0.192,0.079,0.152,0.6,0.729
CTPS2,NME4,9606.ENSP00000401264,9606.ENSP00000219479,0.042,0,0,0,0.121,0,0.923,0.2,0.941
CTPS2,NUDT15,9606.ENSP00000401264,9606.ENSP00000258662,0.111,0,0,0,0.049,0,0.673,0.051,0.702
CTPS2,ENTPD3,9606.ENSP00000401264,9606.ENSP00000301825,0,0,0,0,0,0,0.918,0.169,0.929
CTPS2,NME1,9606.ENSP00000401264,9606.ENSP00000337060,0.042,0,0,0,0.116,0,0.923,0.173,0.939
CTPS2,ENTPD1,9606.ENSP00000401264,9606.ENSP00000360250,0,0,0,0,0,0,0.918,0.1,0.923
CTPS2,ENTPD8,9606.ENSP00000401264,9606.ENSP00000360561,0,0,0,0,0,0,0.918,0.205,0.932
CTPS2,ITPA,9606.ENSP00000401264,9606.ENSP00000369456,0,0,0,0,0.084,0,0.673,0.433,0.815
CTPS2,NME2,9606.ENSP00000401264,9606.ENSP00000376886,0.042,0,0,0,0.116,0,0.923,0.138,0.936
CTPS2,GMPS,9606.ENSP00000401264,9606.ENSP00000419851,0.115,0,0,0,0.694,0,0,0.694,0.91
DCK,NT5C1A,9606.ENSP00000286648,9606.ENSP00000235628,0,0,0,0,0,0,0.9,0.5,0.947
DCK,NT5C,9606.ENSP00000286648,9606.ENSP00000245552,0,0,0,0,0.042,0,0.9,0.506,0.948
DCK,NT5E,9606.ENSP00000286648,9606.ENSP00000257770,0,0,0,0,0,0,0.9,0.25,0.921
DCK,DTYMK,9606.ENSP00000286648,9606.ENSP00000304802,0.045,0,0,0,0.13,0,0.385,0.597,0.766
DCK,RRM2,9606.ENSP00000286648,9606.ENSP00000353770,0,0,0,0,0.318,0,0,0.675,0.769
DCK,RRM1,9606.ENSP00000286648,9606.ENSP00000300738,0.056,0,0,0,0.22,0,0.14,0.752,0.822
DCK,TYMS,9606.ENSP00000286648,9606.ENSP00000315644,0.07,0,0,0,0.191,0.155,0.51,0.66,0.874
DCK,ENTPD1,9606.ENSP00000286648,9606.ENSP00000360250,0,0,0,0,0,0,0.9,0.097,0.905
DCK,ENTPD8,9606.ENSP00000286648,9606.ENSP00000360561,0,0,0,0,0,0,0.9,0.107,0.906
DCK,ENTPD3,9606.ENSP00000286648,9606.ENSP00000301825,0,0,0,0,0,0,0.9,0.107,0.906
DCK,TK1,9606.ENSP00000286648,9606.ENSP00000468425,0.042,0,0,0,0.307,0,0.194,0.887,0.931
DCK,NT5C1B,9606.ENSP00000286648,9606.ENSP00000352904,0,0,0,0,0,0,0.9,0.363,0.933
DCK,DCTPP1,9606.ENSP00000286648,9606.ENSP00000322524,0,0,0,0,0.06,0,0.9,0.355,0.934
DCK,NT5M,9606.ENSP00000286648,9606.ENSP00000373674,0,0,0,0,0,0,0.9,0.465,0.944
DCK,PNP,9606.ENSP00000286648,9606.ENSP00000354532,0,0,0,0,0.053,0,0.9,0.527,0.951
DCK,NT5C2,9606.ENSP00000286648,9606.ENSP00000339479,0,0,0,0,0.047,0,0.9,0.687,0.967
DCK,DCTD,9606.ENSP00000286648,9606.ENSP00000349576,0,0,0,0,0.112,0,0.928,0.784,0.985
DCTD,NT5C1A,9606.ENSP00000349576,9606.ENSP00000235628,0,0,0,0,0.055,0,0.9,0.397,0.938
DCTD,NT5C,9606.ENSP00000349576,9606.ENSP00000245552,0,0,0,0,0.065,0,0.9,0.434,0.942
DCTD,NT5E,9606.ENSP00000349576,9606.ENSP00000257770,0.083,0,0,0,0.092,0,0.9,0.068,0.912
DCTD,NUDT15,9606.ENSP00000349576,9606.ENSP00000258662,0.055,0,0,0,0.056,0,0.616,0.249,0.708
DCTD,TK2,9606.ENSP00000349576,9606.ENSP00000299697,0,0,0,0,0.067,0,0.928,0.59,0.97
DCTD,DTYMK,9606.ENSP00000349576,9606.ENSP00000304802,0.102,0,0,0,0.054,0,0.94,0.703,0.983
DCTD,TYMS,9606.ENSP00000349576,9606.ENSP00000315644,0.115,0,0,0,0.15,0,0.965,0.933,0.998
DCTD,DCTPP1,9606.ENSP00000349576,9606.ENSP00000322524,0,0,0,0,0.077,0,0.9,0.597,0.959
DCTD,NT5C2,9606.ENSP00000349576,9606.ENSP00000339479,0,0,0,0,0.049,0,0.9,0.512,0.949
DCTD,TYMP,9606.ENSP00000349576,9606.ENSP00000379038,0.081,0,0,0,0.042,0,0.673,0.478,0.829
DCTD,TK1,9606.ENSP00000349576,9606.ENSP00000468425,0.099,0,0,0,0.157,0,0.673,0.586,0.883
DCTD,NT5C1B,9606.ENSP00000349576,9606.ENSP00000352904,0,0,0,0,0.055,0,0.9,0.225,0.92
DCTD,NT5M,9606.ENSP00000349576,9606.ENSP00000373674,0,0,0,0,0,0,0.9,0.321,0.929
DCTD,DUT,9606.ENSP00000349576,9606.ENSP00000370376,0.079,0,0,0,0.143,0.073,0.914,0.695,0.977
DCTPP1,NME4,9606.ENSP00000322524,9606.ENSP00000219479,0,0,0,0,0.112,0.095,0.9,0,0.912
DCTPP1,NT5C1A,9606.ENSP00000322524,9606.ENSP00000235628,0,0,0,0,0,0.113,0.9,0.061,0.909
DCTPP1,NT5C,9606.ENSP00000322524,9606.ENSP00000245552,0,0,0,0,0.075,0,0.9,0.256,0.925
DCTPP1,RRM2B,9606.ENSP00000322524,9606.ENSP00000251810,0,0,0,0,0.086,0.047,0.9,0.151,0.916
DCTPP1,NT5E,9606.ENSP00000322524,9606.ENSP00000257770,0,0,0,0,0.058,0,0.9,0.065,0.904
DCTPP1,RRM1,9606.ENSP00000322524,9606.ENSP00000300738,0,0,0,0,0.099,0.045,0.9,0.15,0.917
DCTPP1,NT5C1B,9606.ENSP00000322524,9606.ENSP00000352904,0,0,0,0,0,0.113,0.9,0.048,0.908
DCTPP1,NT5C2,9606.ENSP00000322524,9606.ENSP00000339479,0,0,0,0,0.042,0,0.9,0.135,0.909
DCTPP1,NME2,9606.ENSP00000322524,9606.ENSP00000376886,0,0,0,0,0.129,0.095,0.9,0,0.914
DCTPP1,RRM2,9606.ENSP00000322524,9606.ENSP00000353770,0,0,0,0,0.128,0.047,0.9,0.175,0.922
DCTPP1,NT5M,9606.ENSP00000322524,9606.ENSP00000373674,0,0,0,0,0,0,0.9,0.252,0.922
DCTPP1,NME1,9606.ENSP00000322524,9606.ENSP00000337060,0,0,0,0,0.295,0.095,0.9,0,0.93
DGUOK,NME4,9606.ENSP00000264093,9606.ENSP00000219479,0,0,0,0,0.066,0,0.188,0.775,0.815
DGUOK,NT5C1A,9606.ENSP00000264093,9606.ENSP00000235628,0,0,0,0,0,0,0.9,0.202,0.916
DGUOK,NT5C,9606.ENSP00000264093,9606.ENSP00000245552,0,0,0,0,0.074,0,0.9,0.325,0.932
DGUOK,RRM2B,9606.ENSP00000264093,9606.ENSP00000251810,0,0,0,0,0.277,0,0,0.911,0.932
DGUOK,NT5E,9606.ENSP00000264093,9606.ENSP00000257770,0,0,0,0,0.042,0,0.9,0.122,0.908
DGUOK,TYMS,9606.ENSP00000264093,9606.ENSP00000315644,0.07,0,0,0,0.172,0,0.51,0.438,0.759
DGUOK,DTYMK,9606.ENSP00000264093,9606.ENSP00000304802,0.045,0,0,0,0.167,0,0.385,0.632,0.796
DGUOK,TYMP,9606.ENSP00000264093,9606.ENSP00000379038,0.045,0,0,0,0.042,0,0.154,0.844,0.863
DGUOK,TK1,9606.ENSP00000264093,9606.ENSP00000468425,0.042,0,0,0,0.309,0,0.194,0.811,0.885
DGUOK,ITPA,9606.ENSP00000264093,9606.ENSP00000369456,0,0,0,0,0.082,0,0.9,0.104,0.91
DGUOK,NT5C1B,9606.ENSP00000264093,9606.ENSP00000352904,0,0,0,0,0,0,0.9,0.154,0.911
DGUOK,NT5C2,9606.ENSP00000264093,9606.ENSP00000339479,0,0,0,0,0.047,0,0.9,0.288,0.926
DGUOK,GUK1,9606.ENSP00000264093,9606.ENSP00000355689,0,0,0,0,0.099,0,0.9,0.315,0.932
DGUOK,PNP,9606.ENSP00000264093,9606.ENSP00000354532,0,0,0,0,0.042,0,0.9,0.439,0.941
DGUOK,NT5M,9606.ENSP00000264093,9606.ENSP00000373674,0,0,0,0,0,0,0.9,0.786,0.977
DHODH,PPAT,9606.ENSP00000219240,9606.ENSP00000264220,0.12,0,0,0,0.243,0,0,0.602,0.711
DHODH,IMPDH2,9606.ENSP00000219240,9606.ENSP00000321584,0.079,0,0,0,0.123,0.071,0.119,0.641,0.72
DHODH,GART,9606.ENSP00000219240,9606.ENSP00000371253,0.32,0,0,0,0.335,0,0,0.509,0.758
DHODH,NUDT15,9606.ENSP00000219240,9606.ENSP00000258662,0.12,0,0,0,0.077,0,0.631,0.348,0.778
DHODH,UPP2,9606.ENSP00000219240,9606.ENSP00000474090,0.103,0,0,0,0,0,0.585,0.481,0.79
DHODH,UPP1,9606.ENSP00000219240,9606.ENSP00000330032,0.103,0,0,0,0,0,0.585,0.499,0.797
DHODH,DPYS,9606.ENSP00000219240,9606.ENSP00000276651,0.079,0,0,0,0.565,0.07,0.352,0.318,0.805
DHODH,NT5E,9606.ENSP00000219240,9606.ENSP00000257770,0.114,0,0,0,0.057,0,0.771,0.175,0.821
DHODH,TYMP,9606.ENSP00000219240,9606.ENSP00000379038,0.06,0,0,0,0,0,0.792,0.363,0.864
DHODH,GMPS,9606.ENSP00000219240,9606.ENSP00000419851,0.12,0,0,0,0.267,0.087,0.792,0.589,0.94
DHODH,UMPS,9606.ENSP00000219240,9606.ENSP00000232607,0.12,0,0,0,0.851,0.088,0.979,0.978,0.999
DPYD,UMPS,9606.ENSP00000359211,9606.ENSP00000232607,0.12,0,0,0,0.831,0.073,0.978,0.873,0.999
DPYD,NT5E,9606.ENSP00000359211,9606.ENSP00000257770,0.114,0,0,0,0.087,0,0.771,0.174,0.826
DPYD,NUDT15,9606.ENSP00000359211,9606.ENSP00000258662,0.12,0,0,0,0.07,0,0.631,0.715,0.902
DPYD,DPYS,9606.ENSP00000359211,9606.ENSP00000276651,0.079,0,0,0,0.567,0.066,0.932,0.9,0.997
DPYD,TYMS,9606.ENSP00000359211,9606.ENSP00000315644,0,0,0,0,0.083,0,0,0.978,0.979
DPYD,UPB1,9606.ENSP00000359211,9606.ENSP00000324343,0.061,0,0,0,0.194,0.089,0.8,0.792,0.966
DPYD,UPP1,9606.ENSP00000359211,9606.ENSP00000330032,0.103,0,0,0,0,0,0.956,0.704,0.987
DPYD,PNP,9606.ENSP00000359211,9606.ENSP00000354532,0.042,0,0,0,0.105,0,0.911,0.325,0.941
DPYD,GART,9606.ENSP00000359211,9606.ENSP00000371253,0.32,0,0,0,0.291,0,0,0.479,0.726
DPYD,GMPS,9606.ENSP00000359211,9606.ENSP00000419851,0.12,0,0,0,0.188,0.077,0.792,0.454,0.911
DPYD,UPP2,9606.ENSP00000359211,9606.ENSP00000474090,0.103,0,0,0,0,0,0.956,0.727,0.988
DPYD,TYMP,9606.ENSP00000359211,9606.ENSP00000379038,0.06,0,0,0,0.078,0,0.978,0.839,0.996
DPYS,UMPS,9606.ENSP00000276651,9606.ENSP00000232607,0.102,0,0,0,0.66,0,0,0.667,0.889
DPYS,UPB1,9606.ENSP00000276651,9606.ENSP00000324343,0.057,0.183,0,0,0.152,0,0.923,0.816,0.989
DTYMK,NME4,9606.ENSP00000304802,9606.ENSP00000219479,0.057,0,0,0,0.123,0,0.925,0.651,0.975
DTYMK,UMPS,9606.ENSP00000304802,9606.ENSP00000232607,0.108,0,0,0,0.186,0,0,0.665,0.735
DTYMK,NT5C1A,9606.ENSP00000304802,9606.ENSP00000235628,0.052,0,0,0,0,0,0.9,0.063,0.903
DTYMK,NT5C,9606.ENSP00000304802,9606.ENSP00000245552,0,0,0,0,0.218,0,0.9,0.348,0.944
DTYMK,RRM2B,9606.ENSP00000304802,9606.ENSP00000251810,0,0,0,0,0.11,0,0.9,0.393,0.941
DTYMK,NT5E,9606.ENSP00000304802,9606.ENSP00000257770,0.051,0,0,0,0.203,0,0.9,0.075,0.92
DTYMK,TK2,9606.ENSP00000304802,9606.ENSP00000299697,0.045,0,0,0,0.106,0,0.935,0.851,0.99
DTYMK,RRM1,9606.ENSP00000304802,9606.ENSP00000300738,0.114,0,0,0,0.289,0,0.918,0.572,0.975
DTYMK,ENTPD3,9606.ENSP00000304802,9606.ENSP00000301825,0,0,0,0,0,0,0.9,0.179,0.914
DTYMK,GART,9606.ENSP00000304802,9606.ENSP00000371253,0.281,0,0,0,0.628,0,0,0.432,0.835
DTYMK,ENTPD1,9606.ENSP00000304802,9606.ENSP00000360250,0,0,0,0,0,0,0.9,0.143,0.91
DTYMK,ENTPD8,9606.ENSP00000304802,9606.ENSP00000360561,0,0,0,0,0,0,0.9,0.143,0.91
DTYMK,NT5C1B,9606.ENSP00000304802,9606.ENSP00000352904,0.052,0,0,0,0,0,0.9,0.15,0.912
DTYMK,NT5C2,9606.ENSP00000304802,9606.ENSP00000339479,0,0,0,0,0.054,0,0.9,0.197,0.917
DTYMK,RRM2,9606.ENSP00000304802,9606.ENSP00000353770,0,0,0,0,0.306,0,0.9,0.382,0.953
DTYMK,NME1,9606.ENSP00000304802,9606.ENSP00000337060,0.057,0,0,0,0.223,0,0.925,0.335,0.958
DTYMK,NME2,9606.ENSP00000304802,9606.ENSP00000376886,0.057,0,0,0,0.176,0,0.925,0.37,0.958
DTYMK,NT5M,9606.ENSP00000304802,9606.ENSP00000373674,0,0,0,0,0.198,0,0.9,0.633,0.967
DTYMK,TK1,9606.ENSP00000304802,9606.ENSP00000468425,0.116,0,0,0,0.421,0,0.792,0.765,0.971
DTYMK,DUT,9606.ENSP00000304802,9606.ENSP00000370376,0.095,0,0,0,0.304,0,0.91,0.709,0.981
DTYMK,TYMS,9606.ENSP00000304802,9606.ENSP00000315644,0.12,0,0,0,0.334,0,0.978,0.82,0.997
DUT,NME4,9606.ENSP00000370376,9606.ENSP00000219479,0,0,0,0,0.113,0,0.92,0.132,0.933
DUT,NT5C1A,9606.ENSP00000370376,9606.ENSP00000235628,0,0,0,0,0.056,0,0.9,0.043,0.901
DUT,NT5C,9606.ENSP00000370376,9606.ENSP00000245552,0,0,0,0,0.126,0,0.9,0.398,0.942
DUT,NT5E,9606.ENSP00000370376,9606.ENSP00000257770,0.042,0,0,0,0.044,0,0.9,0.065,0.902
DUT,TK2,9606.ENSP00000370376,9606.ENSP00000299697,0,0,0,0,0.142,0,0.9,0.518,0.955
DUT,RRM1,9606.ENSP00000370376,9606.ENSP00000300738,0.108,0,0,0,0.586,0,0.376,0.563,0.886
DUT,TYMS,9606.ENSP00000370376,9606.ENSP00000315644,0.111,0,0,0,0.489,0.225,0.956,0.714,0.994
DUT,NME1,9606.ENSP00000370376,9606.ENSP00000337060,0,0,0,0,0.169,0,0.92,0.238,0.945
DUT,NT5C2,9606.ENSP00000370376,9606.ENSP00000339479,0,0,0,0,0.042,0,0.9,0.069,0.903
DUT,NT5C1B,9606.ENSP00000370376,9606.ENSP00000352904,0,0,0,0,0.056,0,0.9,0.145,0.912
DUT,RRM2,9606.ENSP00000370376,9606.ENSP00000353770,0,0,0,0,0.585,0,0,0.449,0.761
DUT,ITPA,9606.ENSP00000370376,9606.ENSP00000369456,0.047,0,0,0,0.206,0.132,0.9,0.475,0.959
DUT,TK1,9606.ENSP00000370376,9606.ENSP00000468425,0,0,0,0,0.44,0,0,0.575,0.752
DUT,NT5M,9606.ENSP00000370376,9606.ENSP00000373674,0,0,0,0,0.111,0,0.9,0.138,0.916
DUT,NME2,9606.ENSP00000370376,9606.ENSP00000376886,0,0,0,0,0.147,0,0.92,0.152,0.937
ENTPD1,UMPS,9606.ENSP00000360250,9606.ENSP00000232607,0,0,0,0,0,0,0.9,0.124,0.908
ENTPD1,NT5C,9606.ENSP00000360250,9606.ENSP00000245552,0,0,0,0,0,0,0.65,0.202,0.708
ENTPD1,RRM2B,9606.ENSP00000360250,9606.ENSP00000251810,0,0,0,0,0.047,0,0.914,0,0.914
ENTPD1,NT5E,9606.ENSP00000360250,9606.ENSP00000257770,0,0,0,0,0,0,0.69,0.998,0.999
ENTPD1,GMPR,9606.ENSP00000360250,9606.ENSP00000259727,0,0,0,0,0,0,0.9,0,0.9
ENTPD1,HPRT1,9606.ENSP00000360250,9606.ENSP00000298556,0,0,0,0,0,0,0.9,0.163,0.912
ENTPD1,TK2,9606.ENSP00000360250,9606.ENSP00000299697,0,0,0,0,0.048,0,0.9,0.153,0.912
ENTPD1,RRM1,9606.ENSP00000360250,9606.ENSP00000300738,0,0,0,0,0,0,0.915,0.091,0.919
ENTPD1,ENTPD3,9606.ENSP00000360250,9606.ENSP00000301825,0,0,0.087,0.876,0.057,0,0.9,0.151,0.917
ENTPD1,TYMS,9606.ENSP00000360250,9606.ENSP00000315644,0,0,0,0,0,0,0.9,0.108,0.906
ENTPD1,IMPDH2,9606.ENSP00000360250,9606.ENSP00000321584,0,0,0,0,0,0,0.9,0.157,0.912
ENTPD1,ENTPD5,9606.ENSP00000360250,9606.ENSP00000335246,0,0,0.112,0.652,0,0.129,0.9,0.386,0.946
ENTPD1,NT5C2,9606.ENSP00000360250,9606.ENSP00000339479,0,0,0,0,0.05,0,0.679,0.247,0.751
ENTPD1,IMPDH1,9606.ENSP00000360250,9606.ENSP00000345096,0,0,0,0,0.048,0,0.9,0,0.9
ENTPD1,ENTPD2,9606.ENSP00000360250,9606.ENSP00000347213,0,0,0.077,0.893,0,0,0.9,0.444,0.944
ENTPD1,ENTPD4,9606.ENSP00000360250,9606.ENSP00000351520,0,0,0.104,0.673,0.048,0,0.9,0.316,0.933
ENTPD1,RRM2,9606.ENSP00000360250,9606.ENSP00000353770,0,0,0,0,0.049,0,0.914,0,0.914
ENTPD1,GUK1,9606.ENSP00000360250,9606.ENSP00000355689,0,0,0,0,0,0.1,0.9,0,0.906
ENTPD1,UCK2,9606.ENSP00000360250,9606.ENSP00000356853,0,0,0,0,0.074,0,0.9,0.172,0.916
ENTPD1,NUDT16,9606.ENSP00000360250,9606.ENSP00000422375,0,0,0,0,0.056,0,0.9,0,0.901
ENTPD1,GMPS,9606.ENSP00000360250,9606.ENSP00000419851,0,0,0,0,0,0,0.9,0.112,0.907
ENTPD1,ENTPD8,9606.ENSP00000360250,9606.ENSP00000360561,0,0,0.077,0.911,0,0,0.9,0.097,0.909
ENTPD1,ITPA,9606.ENSP00000360250,9606.ENSP00000369456,0,0,0,0,0,0,0.9,0.172,0.913
ENTPD1,UCK1,9606.ENSP00000360250,9606.ENSP00000361285,0,0,0,0,0.074,0,0.9,0.151,0.914
ENTPD1,ENTPD6,9606.ENSP00000360250,9606.ENSP00000365840,0,0,0.15,0.607,0,0.129,0.9,0.442,0.953
ENTPD2,NME4,9606.ENSP00000347213,9606.ENSP00000219479,0,0,0,0,0.096,0,0.9,0.05,0.906
ENTPD2,RRM2B,9606.ENSP00000347213,9606.ENSP00000251810,0,0,0,0,0,0,0.914,0,0.914
ENTPD2,RRM1,9606.ENSP00000347213,9606.ENSP00000300738,0,0,0,0,0,0,0.915,0.091,0.919
ENTPD2,ENTPD3,9606.ENSP00000347213,9606.ENSP00000301825,0,0,0.079,0.906,0,0,0.9,0.123,0.912
ENTPD2,NME1,9606.ENSP00000347213,9606.ENSP00000337060,0,0,0,0,0.067,0,0.9,0.05,0.903
ENTPD2,NME2,9606.ENSP00000347213,9606.ENSP00000376886,0,0,0,0,0.067,0,0.9,0.067,0.905
ENTPD2,ENTPD8,9606.ENSP00000347213,9606.ENSP00000360561,0,0,0.081,0.914,0.105,0,0.9,0.103,0.916
ENTPD2,RRM2,9606.ENSP00000347213,9606.ENSP00000353770,0,0,0,0,0,0,0.914,0.091,0.918
ENTPD3,NME4,9606.ENSP00000301825,9606.ENSP00000219479,0,0,0,0,0.096,0,0.65,0.153,0.708
ENTPD3,UMPS,9606.ENSP00000301825,9606.ENSP00000232607,0,0,0,0,0,0,0.9,0.174,0.913
ENTPD3,RRM2B,9606.ENSP00000301825,9606.ENSP00000251810,0,0,0,0,0,0,0.914,0.074,0.917
ENTPD3,NT5E,9606.ENSP00000301825,9606.ENSP00000257770,0,0,0,0,0,0,0.69,0.479,0.831
ENTPD3,GMPR,9606.ENSP00000301825,9606.ENSP00000259727,0,0,0,0,0,0,0.9,0.129,0.909
ENTPD3,HPRT1,9606.ENSP00000301825,9606.ENSP00000298556,0,0,0,0,0,0,0.9,0.13,0.909
ENTPD3,TK2,9606.ENSP00000301825,9606.ENSP00000299697,0,0,0,0,0,0,0.9,0.079,0.903
ENTPD3,RRM1,9606.ENSP00000301825,9606.ENSP00000300738,0,0,0,0,0,0,0.915,0.138,0.923
ENTPD3,NT5M,9606.ENSP00000301825,9606.ENSP00000373674,0,0,0,0,0,0,0.65,0.183,0.702
ENTPD3,IMPDH2,9606.ENSP00000301825,9606.ENSP00000321584,0,0,0,0,0,0,0.9,0,0.9
ENTPD3,TYMS,9606.ENSP00000301825,9606.ENSP00000315644,0,0,0,0,0,0,0.9,0,0.9
ENTPD3,NUDT16,9606.ENSP00000301825,9606.ENSP00000422375,0,0,0,0,0,0,0.9,0,0.9
ENTPD3,IMPDH1,9606.ENSP00000301825,9606.ENSP00000345096,0,0,0,0,0,0,0.9,0.079,0.903
ENTPD3,GMPS,9606.ENSP00000301825,9606.ENSP00000419851,0,0,0,0,0,0,0.9,0.101,0.906
ENTPD3,GUK1,9606.ENSP00000301825,9606.ENSP00000355689,0,0,0,0,0,0.1,0.9,0.058,0.907
ENTPD3,ENTPD8,9606.ENSP00000301825,9606.ENSP00000360561,0,0,0.088,0.897,0,0,0.9,0.101,0.91
ENTPD3,ITPA,9606.ENSP00000301825,9606.ENSP00000369456,0,0,0,0,0,0,0.9,0.201,0.916
ENTPD3,UCK1,9606.ENSP00000301825,9606.ENSP00000361285,0,0,0,0,0.074,0,0.9,0.168,0.916
ENTPD3,RRM2,9606.ENSP00000301825,9606.ENSP00000353770,0,0,0,0,0,0,0.914,0.067,0.916
ENTPD3,UCK2,9606.ENSP00000301825,9606.ENSP00000356853,0,0,0,0,0.074,0,0.9,0.187,0.918
ENTPD3,ENTPD4,9606.ENSP00000301825,9606.ENSP00000351520,0,0,0,0.664,0,0,0.9,0.337,0.93
ENTPD3,ENTPD5,9606.ENSP00000301825,9606.ENSP00000335246,0,0,0.111,0.653,0,0.129,0.9,0.417,0.948
ENTPD3,ENTPD6,9606.ENSP00000301825,9606.ENSP00000365840,0,0,0.107,0.614,0,0.129,0.9,0.458,0.952
ENTPD4,UMPS,9606.ENSP00000351520,9606.ENSP00000232607,0,0,0,0,0.049,0,0.9,0.07,0.903
ENTPD4,NT5C1A,9606.ENSP00000351520,9606.ENSP00000235628,0,0,0,0,0.052,0,0.65,0.237,0.724
ENTPD4,RRM2B,9606.ENSP00000351520,9606.ENSP00000251810,0,0,0,0,0.049,0,0.914,0,0.914
ENTPD4,NT5E,9606.ENSP00000351520,9606.ENSP00000257770,0,0,0,0,0,0,0.694,0.18,0.738
ENTPD4,GMPR,9606.ENSP00000351520,9606.ENSP00000259727,0,0,0,0,0,0,0.9,0,0.9
ENTPD4,HPRT1,9606.ENSP00000351520,9606.ENSP00000298556,0,0,0,0,0,0,0.9,0,0.9
ENTPD4,RRM1,9606.ENSP00000351520,9606.ENSP00000300738,0,0,0,0,0,0,0.915,0.102,0.92
ENTPD4,IMPDH2,9606.ENSP00000351520,9606.ENSP00000321584,0,0,0,0,0,0,0.9,0,0.9
ENTPD4,ENTPD5,9606.ENSP00000351520,9606.ENSP00000335246,0,0,0,0.652,0.049,0.146,0.9,0.395,0.944
ENTPD4,IMPDH1,9606.ENSP00000351520,9606.ENSP00000345096,0,0,0,0,0,0,0.9,0,0.9
ENTPD4,NT5C1B,9606.ENSP00000351520,9606.ENSP00000352904,0,0,0,0,0.052,0,0.65,0.409,0.787
ENTPD4,GMPS,9606.ENSP00000351520,9606.ENSP00000419851,0,0,0,0,0,0,0.9,0.047,0.9
ENTPD4,UCK2,9606.ENSP00000351520,9606.ENSP00000356853,0,0,0,0,0.074,0,0.9,0.09,0.908
ENTPD4,UCK1,9606.ENSP00000351520,9606.ENSP00000361285,0,0,0,0,0.081,0,0.9,0.09,0.909
ENTPD4,RRM2,9606.ENSP00000351520,9606.ENSP00000353770,0,0,0,0,0,0,0.914,0,0.914
ENTPD4,ITPA,9606.ENSP00000351520,9606.ENSP00000369456,0,0,0,0,0,0,0.9,0.236,0.92
ENTPD4,ENTPD8,9606.ENSP00000351520,9606.ENSP00000360561,0,0,0,0.655,0,0,0.9,0.365,0.933
ENTPD4,ENTPD6,9606.ENSP00000351520,9606.ENSP00000365840,0,0,0,0.614,0.06,0.146,0.9,0.371,0.942
ENTPD5,UMPS,9606.ENSP00000335246,9606.ENSP00000232607,0,0,0,0,0.067,0,0.9,0.228,0.921
ENTPD5,NT5C1A,9606.ENSP00000335246,9606.ENSP00000235628,0,0,0,0,0,0.091,0.65,0.237,0.736
ENTPD5,RRM2B,9606.ENSP00000335246,9606.ENSP00000251810,0,0,0,0,0,0,0.911,0.086,0.915
ENTPD5,NT5E,9606.ENSP00000335246,9606.ENSP00000257770,0,0,0,0,0,0,0.65,0.187,0.703
ENTPD5,GMPR,9606.ENSP00000335246,9606.ENSP00000259727,0,0,0,0,0.125,0,0.9,0.072,0.911
ENTPD5,HPRT1,9606.ENSP00000335246,9606.ENSP00000298556,0,0,0,0,0,0,0.9,0,0.9
ENTPD5,RRM1,9606.ENSP00000335246,9606.ENSP00000300738,0,0,0,0,0,0,0.912,0.099,0.918
ENTPD5,IMPDH2,9606.ENSP00000335246,9606.ENSP00000321584,0,0,0,0,0.109,0,0.9,0.042,0.907
ENTPD5,NME2,9606.ENSP00000335246,9606.ENSP00000376886,0,0,0,0,0,0,0.65,0.181,0.701
ENTPD5,NME1,9606.ENSP00000335246,9606.ENSP00000337060,0,0,0,0,0,0,0.65,0.225,0.717
ENTPD5,NT5C1B,9606.ENSP00000335246,9606.ENSP00000352904,0,0,0,0,0,0.091,0.65,0.297,0.756
ENTPD5,UCK1,9606.ENSP00000335246,9606.ENSP00000361285,0,0,0,0,0,0,0.9,0.046,0.9
ENTPD5,IMPDH1,9606.ENSP00000335246,9606.ENSP00000345096,0,0,0,0,0.109,0,0.9,0.042,0.907
ENTPD5,ENTPD6,9606.ENSP00000335246,9606.ENSP00000365840,0,0,0.077,0.926,0.049,0,0.9,0.11,0.911
ENTPD5,UCK2,9606.ENSP00000335246,9606.ENSP00000356853,0,0,0,0,0,0,0.9,0.163,0.912
ENTPD5,GMPS,9606.ENSP00000335246,9606.ENSP00000419851,0,0,0,0,0.113,0,0.9,0.135,0.916
ENTPD5,RRM2,9606.ENSP00000335246,9606.ENSP00000353770,0,0,0,0,0,0,0.911,0.092,0.916
ENTPD5,ITPA,9606.ENSP00000335246,9606.ENSP00000369456,0,0,0,0,0,0,0.9,0.302,0.927
ENTPD5,ENTPD8,9606.ENSP00000335246,9606.ENSP00000360561,0,0,0.13,0.662,0,0.129,0.9,0.298,0.939
ENTPD6,NME4,9606.ENSP00000365840,9606.ENSP00000219479,0,0,0,0,0.047,0,0.65,0.241,0.724
ENTPD6,UMPS,9606.ENSP00000365840,9606.ENSP00000232607,0,0,0,0,0.06,0,0.9,0.051,0.903
ENTPD6,RRM2B,9606.ENSP00000365840,9606.ENSP00000251810,0,0,0,0,0,0,0.911,0.108,0.918
ENTPD6,GMPR,9606.ENSP00000365840,9606.ENSP00000259727,0,0,0,0,0.107,0,0.9,0.042,0.906
ENTPD6,HPRT1,9606.ENSP00000365840,9606.ENSP00000298556,0,0,0,0,0,0,0.9,0,0.9
ENTPD6,RRM1,9606.ENSP00000365840,9606.ENSP00000300738,0,0,0,0,0,0,0.912,0.079,0.916
ENTPD6,IMPDH2,9606.ENSP00000365840,9606.ENSP00000321584,0,0,0,0,0.109,0,0.9,0.042,0.907
ENTPD6,IMPDH1,9606.ENSP00000365840,9606.ENSP00000345096,0,0,0,0,0.133,0,0.9,0.042,0.909
ENTPD6,RRM2,9606.ENSP00000365840,9606.ENSP00000353770,0,0,0,0,0,0,0.911,0.079,0.915
ENTPD6,UCK2,9606.ENSP00000365840,9606.ENSP00000356853,0,0,0,0,0.049,0,0.9,0.172,0.914
ENTPD6,ENTPD8,9606.ENSP00000365840,9606.ENSP00000360561,0,0,0.131,0.598,0,0.129,0.9,0.328,0.942
ENTPD6,UCK1,9606.ENSP00000365840,9606.ENSP00000361285,0,0,0,0,0.138,0,0.9,0.073,0.913
ENTPD6,GMPS,9606.ENSP00000365840,9606.ENSP00000419851,0,0,0,0,0.113,0,0.9,0.135,0.916
ENTPD6,ITPA,9606.ENSP00000365840,9606.ENSP00000369456,0,0,0,0,0.097,0,0.9,0.233,0.924
ENTPD8,UMPS,9606.ENSP00000360561,9606.ENSP00000232607,0,0,0,0,0,0,0.9,0.155,0.911
ENTPD8,NT5C1A,9606.ENSP00000360561,9606.ENSP00000235628,0,0,0,0,0.052,0,0.65,0.193,0.709
ENTPD8,NT5C,9606.ENSP00000360561,9606.ENSP00000245552,0,0,0,0,0,0,0.65,0.207,0.71
ENTPD8,RRM2B,9606.ENSP00000360561,9606.ENSP00000251810,0,0,0,0,0,0,0.914,0,0.914
ENTPD8,NT5E,9606.ENSP00000360561,9606.ENSP00000257770,0,0,0,0,0,0,0.69,0.579,0.864
ENTPD8,GMPR,9606.ENSP00000360561,9606.ENSP00000259727,0,0,0,0,0,0,0.9,0.079,0.903
ENTPD8,HPRT1,9606.ENSP00000360561,9606.ENSP00000298556,0,0,0,0,0,0,0.9,0.137,0.91
ENTPD8,TK2,9606.ENSP00000360561,9606.ENSP00000299697,0,0,0,0,0,0,0.9,0.093,0.905
ENTPD8,RRM1,9606.ENSP00000360561,9606.ENSP00000300738,0,0,0,0,0,0,0.915,0.138,0.923
ENTPD8,TYMS,9606.ENSP00000360561,9606.ENSP00000315644,0,0,0,0,0,0,0.9,0,0.9
ENTPD8,IMPDH2,9606.ENSP00000360561,9606.ENSP00000321584,0,0,0,0,0,0,0.9,0.068,0.902
ENTPD8,IMPDH1,9606.ENSP00000360561,9606.ENSP00000345096,0,0,0,0,0,0,0.9,0,0.9
ENTPD8,NT5C1B,9606.ENSP00000360561,9606.ENSP00000352904,0,0,0,0,0.052,0,0.65,0.238,0.725
ENTPD8,RRM2,9606.ENSP00000360561,9606.ENSP00000353770,0,0,0,0,0,0,0.914,0,0.914
ENTPD8,GUK1,9606.ENSP00000360561,9606.ENSP00000355689,0,0,0,0,0,0.1,0.9,0,0.906
ENTPD8,UCK2,9606.ENSP00000360561,9606.ENSP00000356853,0,0,0,0,0.074,0,0.9,0.137,0.913
ENTPD8,NT5M,9606.ENSP00000360561,9606.ENSP00000373674,0,0,0,0,0,0,0.65,0.2,0.708
ENTPD8,NUDT16,9606.ENSP00000360561,9606.ENSP00000422375,0,0,0,0,0,0,0.9,0.064,0.902
ENTPD8,GMPS,9606.ENSP00000360561,9606.ENSP00000419851,0,0,0,0,0,0,0.9,0.108,0.906
ENTPD8,ITPA,9606.ENSP00000360561,9606.ENSP00000369456,0,0,0,0,0,0,0.9,0.201,0.916
ENTPD8,UCK1,9606.ENSP00000360561,9606.ENSP00000361285,0,0,0,0,0.074,0,0.9,0.204,0.919
GART,UMPS,9606.ENSP00000371253,9606.ENSP00000232607,0.355,0,0,0,0.854,0,0,0.578,0.956
GART,PPAT,9606.ENSP00000371253,9606.ENSP00000264220,0.356,0.672,0.288,0,0.967,0.299,0.983,0.977,0.999
GART,PFAS,9606.ENSP00000371253,9606.ENSP00000313490,0,0.023,0,0,0.229,0.456,0.925,0.976,0.999
GART,TYMS,9606.ENSP00000371253,9606.ENSP00000315644,0.054,0,0,0,0.2,0,0,0.873,0.895
GART,IMPDH2,9606.ENSP00000371253,9606.ENSP00000321584,0.272,0,0,0,0.324,0,0,0.647,0.811
GART,IMPDH1,9606.ENSP00000371253,9606.ENSP00000345096,0.272,0,0,0,0.27,0,0,0.608,0.773
GART,GMPS,9606.ENSP00000371253,9606.ENSP00000419851,0.356,0,0,0,0.587,0,0,0.784,0.937
GART,PAICS,9606.ENSP00000371253,9606.ENSP00000382595,0.356,0,0.276,0,0.976,0.55,0.983,0.922,0.999
GDA,UPP1,9606.ENSP00000238018,9606.ENSP00000330032,0.072,0,0,0,0.044,0,0.585,0.343,0.725
GDA,UPP2,9606.ENSP00000238018,9606.ENSP00000474090,0.072,0,0,0,0.082,0,0.585,0.394,0.757
GDA,NT5E,9606.ENSP00000238018,9606.ENSP00000257770,0,0,0,0,0.092,0,0.792,0.243,0.844
GDA,HPRT1,9606.ENSP00000238018,9606.ENSP00000298556,0.111,0,0,0,0.056,0,0.911,0.54,0.961
GDA,XDH,9606.ENSP00000238018,9606.ENSP00000368727,0.111,0,0.217,0,0.109,0,0.956,0.626,0.988
GDA,PNP,9606.ENSP00000238018,9606.ENSP00000354532,0.111,0,0,0,0.083,0,0.956,0.789,0.991
GLRX,GSR,9606.ENSP00000369314,9606.ENSP00000221130,0.079,0,0,0,0.067,0.07,0.385,0.967,0.98
GLRX,RRM2B,9606.ENSP00000369314,9606.ENSP00000251810,0,0,0,0,0.047,0,0.75,0.455,0.858
GLRX,RRM1,9606.ENSP00000369314,9606.ENSP00000300738,0.12,0,0,0,0.579,0.412,0.75,0.628,0.976
GLRX,RRM2,9606.ENSP00000369314,9606.ENSP00000353770,0,0,0,0,0.042,0,0.75,0.235,0.8
GLRX,TXN,9606.ENSP00000369314,9606.ENSP00000363641,0.045,0,0,0,0.192,0.065,0,0.959,0.966
GLRX,ITPA,9606.ENSP00000369314,9606.ENSP00000369456,0,0,0,0,0.061,0,0.733,0.052,0.741
GLRX,TXNRD1,9606.ENSP00000369314,9606.ENSP00000434516,0.079,0,0,0,0.079,0.077,0.385,0.866,0.923
GMPR,NT5C1A,9606.ENSP00000259727,9606.ENSP00000235628,0,0,0,0,0.062,0,0.906,0.072,0.911
GMPR,NT5C,9606.ENSP00000259727,9606.ENSP00000245552,0,0,0,0,0,0,0.932,0.047,0.932
GMPR,NT5E,9606.ENSP00000259727,9606.ENSP00000257770,0.069,0,0,0,0,0,0.942,0.261,0.957
GMPR,GMPR2,9606.ENSP00000259727,9606.ENSP00000454038,0,0,0.051,0.978,0,0.672,0.7,0.062,0.9
GMPR,NUDT16,9606.ENSP00000259727,9606.ENSP00000422375,0,0,0,0,0,0,0.9,0.089,0.905
GMPR,NT5C1B,9606.ENSP00000259727,9606.ENSP00000352904,0,0,0,0,0.062,0,0.906,0.072,0.911
GMPR,GUK1,9606.ENSP00000259727,9606.ENSP00000355689,0.044,0,0,0,0.128,0,0.9,0.224,0.926
GMPR,NT5C2,9606.ENSP00000259727,9606.ENSP00000339479,0,0,0,0,0.094,0,0.914,0.159,0.928
GMPR,IMPDH2,9606.ENSP00000259727,9606.ENSP00000321584,0,0,0.124,0.705,0,0,0.9,0.267,0.93
GMPR,IMPDH1,9606.ENSP00000259727,9606.ENSP00000345096,0,0,0.126,0.694,0.042,0,0.9,0.271,0.93
GMPR,ITPA,9606.ENSP00000259727,9606.ENSP00000369456,0.079,0,0,0,0.074,0.094,0.9,0.279,0.934
GMPR,NT5M,9606.ENSP00000259727,9606.ENSP00000373674,0,0,0,0,0.111,0,0.932,0.047,0.937
GMPR,HPRT1,9606.ENSP00000259727,9606.ENSP00000298556,0.057,0,0,0,0,0,0.91,0.376,0.943
GMPR,GMPS,9606.ENSP00000259727,9606.ENSP00000419851,0.102,0,0,0,0.627,0,0.942,0.666,0.992
GMPR2,GMPS,9606.ENSP00000454038,9606.ENSP00000419851,0.102,0,0,0,0.629,0,0.449,0.269,0.848
GMPS,UMPS,9606.ENSP00000419851,9606.ENSP00000232607,0.221,0,0,0,0.281,0,0,0.675,0.802
GMPS,NT5C1A,9606.ENSP00000419851,9606.ENSP00000235628,0.042,0,0,0,0.055,0,0.9,0.096,0.907
GMPS,NT5C,9606.ENSP00000419851,9606.ENSP00000245552,0,0,0,0,0,0,0.912,0.156,0.923
GMPS,NT5E,9606.ENSP00000419851,9606.ENSP00000257770,0,0,0,0,0.062,0,0.9,0.274,0.926
GMPS,PPAT,9606.ENSP00000419851,9606.ENSP00000264220,0.231,0,0.206,0,0.322,0,0,0.759,0.886
GMPS,HPRT1,9606.ENSP00000419851,9606.ENSP00000298556,0.12,0,0,0,0.17,0,0.9,0.665,0.972
GMPS,RRM1,9606.ENSP00000419851,9606.ENSP00000300738,0.083,0,0,0,0.458,0,0,0.533,0.748
GMPS,IMPDH2,9606.ENSP00000419851,9606.ENSP00000321584,0.102,0,0.245,0,0.658,0.216,0.942,0.877,0.998
GMPS,NT5C2,9606.ENSP00000419851,9606.ENSP00000339479,0,0,0,0,0.044,0,0.9,0.311,0.928
GMPS,IMPDH1,9606.ENSP00000419851,9606.ENSP00000345096,0.102,0,0.247,0,0.63,0.476,0.942,0.921,0.999
GMPS,NT5C1B,9606.ENSP00000419851,9606.ENSP00000352904,0.042,0,0,0,0.055,0,0.9,0,0.901
GMPS,PNP,9606.ENSP00000419851,9606.ENSP00000354532,0.12,0,0,0,0.193,0.255,0,0.598,0.759
GMPS,GUK1,9606.ENSP00000419851,9606.ENSP00000355689,0.045,0,0,0,0.133,0,0.941,0.612,0.978
GMPS,ITPA,9606.ENSP00000419851,9606.ENSP00000369456,0.118,0,0,0,0.149,0,0.9,0.647,0.97
GMPS,NT5M,9606.ENSP00000419851,9606.ENSP00000373674,0,0,0,0,0,0,0.912,0.089,0.917
GMPS,PAICS,9606.ENSP00000419851,9606.ENSP00000382595,0.231,0,0,0,0.519,0,0,0.626,0.85
GSR,XDH,9606.ENSP00000221130,9606.ENSP00000368727,0,0,0,0,0,0,0,0.733,0.733
GSR,TXN,9606.ENSP00000221130,9606.ENSP00000363641,0,0,0,0,0.115,0.197,0,0.891,0.916
GUK1,NME4,9606.ENSP00000355689,9606.ENSP00000219479,0,0,0,0,0.147,0.09,0.918,0.295,0.949
GUK1,NT5C1A,9606.ENSP00000355689,9606.ENSP00000235628,0,0,0,0,0.053,0.084,0.908,0.164,0.925
GUK1,NT5C,9606.ENSP00000355689,9606.ENSP00000245552,0,0,0,0,0.139,0,0.9,0.139,0.919
GUK1,RRM2B,9606.ENSP00000355689,9606.ENSP00000251810,0,0,0,0,0.11,0,0.925,0.087,0.934
GUK1,NT5E,9606.ENSP00000355689,9606.ENSP00000257770,0.044,0,0,0,0.042,0,0.9,0.046,0.9
GUK1,HPRT1,9606.ENSP00000355689,9606.ENSP00000298556,0,0,0,0,0.053,0,0.918,0.348,0.945
GUK1,RRM1,9606.ENSP00000355689,9606.ENSP00000300738,0,0,0,0,0.042,0,0.941,0.238,0.953
GUK1,NME1,9606.ENSP00000355689,9606.ENSP00000337060,0,0,0,0,0.126,0.09,0.918,0.264,0.945
GUK1,NT5C2,9606.ENSP00000355689,9606.ENSP00000339479,0,0,0,0,0.066,0,0.9,0,0.902
GUK1,NT5C1B,9606.ENSP00000355689,9606.ENSP00000352904,0,0,0,0,0.053,0.084,0.908,0.102,0.919
GUK1,RRM2,9606.ENSP00000355689,9606.ENSP00000353770,0,0,0,0,0.074,0,0.925,0.096,0.932
GUK1,NT5M,9606.ENSP00000355689,9606.ENSP00000373674,0,0,0,0,0.101,0,0.9,0.09,0.911
GUK1,ITPA,9606.ENSP00000355689,9606.ENSP00000369456,0.059,0,0,0,0.147,0,0.9,0.391,0.944
GUK1,NME2,9606.ENSP00000355689,9606.ENSP00000376886,0,0,0,0,0.179,0.09,0.918,0.219,0.946
HPRT1,NT5C1A,9606.ENSP00000298556,9606.ENSP00000235628,0,0,0,0,0,0.177,0.9,0.167,0.925
HPRT1,NT5C,9606.ENSP00000298556,9606.ENSP00000245552,0,0,0,0,0.044,0,0.9,0.046,0.9
HPRT1,NT5E,9606.ENSP00000298556,9606.ENSP00000257770,0,0,0,0,0.05,0,0.9,0.345,0.932
HPRT1,PPAT,9606.ENSP00000298556,9606.ENSP00000264220,0.101,0,0,0,0.09,0.229,0,0.596,0.711
HPRT1,RRM1,9606.ENSP00000298556,9606.ENSP00000300738,0.053,0,0,0,0.142,0,0.792,0.329,0.871
HPRT1,NT5M,9606.ENSP00000298556,9606.ENSP00000373674,0,0,0,0,0,0,0.9,0,0.9
HPRT1,NUDT16,9606.ENSP00000298556,9606.ENSP00000422375,0,0,0,0,0.047,0,0.9,0,0.9
HPRT1,NT5C1B,9606.ENSP00000298556,9606.ENSP00000352904,0,0,0,0,0,0.177,0.9,0.053,0.915
HPRT1,NT5C2,9606.ENSP00000298556,9606.ENSP00000339479,0,0,0,0,0.054,0,0.9,0.304,0.928
HPRT1,ITPA,9606.ENSP00000298556,9606.ENSP00000369456,0.046,0,0,0,0.071,0,0.9,0.431,0.942
HPRT1,XDH,9606.ENSP00000298556,9606.ENSP00000368727,0,0,0,0,0,0,0.9,0.475,0.945
HPRT1,IMPDH1,9606.ENSP00000298556,9606.ENSP00000345096,0.057,0,0,0,0.042,0,0.91,0.515,0.955
HPRT1,IMPDH2,9606.ENSP00000298556,9606.ENSP00000321584,0.057,0,0,0,0.067,0,0.91,0.633,0.967
HPRT1,PNP,9606.ENSP00000298556,9606.ENSP00000354532,0.111,0,0,0,0.123,0.069,0.956,0.704,0.989
IMPDH1,NT5C1A,9606.ENSP00000345096,9606.ENSP00000235628,0,0,0,0,0,0,0.91,0.177,0.923
IMPDH1,NT5C,9606.ENSP00000345096,9606.ENSP00000245552,0,0,0,0,0.073,0,0.932,0.146,0.941
IMPDH1,NT5E,9606.ENSP00000345096,9606.ENSP00000257770,0.069,0,0,0,0,0,0.942,0.204,0.953
IMPDH1,PPAT,9606.ENSP00000345096,9606.ENSP00000264220,0.102,0,0,0,0.366,0,0,0.667,0.794
IMPDH1,IMPDH2,9606.ENSP00000345096,9606.ENSP00000321584,0,0,0.049,0.983,0.054,0.846,0.9,0.056,0.984
IMPDH1,NT5C2,9606.ENSP00000345096,9606.ENSP00000339479,0,0,0,0,0.063,0,0.915,0.279,0.937
IMPDH1,NUDT16,9606.ENSP00000345096,9606.ENSP00000422375,0,0,0,0,0.049,0,0.9,0.048,0.901
IMPDH1,NT5C1B,9606.ENSP00000345096,9606.ENSP00000352904,0,0,0,0,0,0,0.912,0.072,0.915
IMPDH1,NT5M,9606.ENSP00000345096,9606.ENSP00000373674,0,0,0,0,0.059,0,0.932,0.067,0.935
IMPDH1,ITPA,9606.ENSP00000345096,9606.ENSP00000369456,0.079,0,0,0,0.101,0.094,0.9,0.516,0.957
IMPDH2,NT5C1A,9606.ENSP00000321584,9606.ENSP00000235628,0,0,0,0,0,0,0.91,0.191,0.924
IMPDH2,NT5C,9606.ENSP00000321584,9606.ENSP00000245552,0,0,0,0,0.056,0,0.932,0.203,0.944
IMPDH2,NT5E,9606.ENSP00000321584,9606.ENSP00000257770,0.069,0,0,0,0.053,0,0.942,0.214,0.954
IMPDH2,PPAT,9606.ENSP00000321584,9606.ENSP00000264220,0.102,0,0,0,0.392,0.224,0,0.664,0.839
IMPDH2,PAICS,9606.ENSP00000321584,9606.ENSP00000382595,0.102,0,0,0,0.432,0,0,0.539,0.744
IMPDH2,PNP,9606.ENSP00000321584,9606.ENSP00000354532,0.075,0,0,0,0.09,0,0.309,0.625,0.753
IMPDH2,NUDT16,9606.ENSP00000321584,9606.ENSP00000422375,0,0,0,0,0.063,0,0.9,0.078,0.906
IMPDH2,NT5C1B,9606.ENSP00000321584,9606.ENSP00000352904,0,0,0,0,0,0,0.912,0.072,0.915
IMPDH2,NT5M,9606.ENSP00000321584,9606.ENSP00000373674,0,0,0,0,0,0,0.932,0.067,0.934
IMPDH2,NT5C2,9606.ENSP00000321584,9606.ENSP00000339479,0,0,0,0,0.058,0,0.915,0.368,0.945
IMPDH2,ITPA,9606.ENSP00000321584,9606.ENSP00000369456,0.079,0,0,0,0.151,0.094,0.9,0.657,0.971
ITPA,NME4,9606.ENSP00000369456,9606.ENSP00000219479,0.08,0,0,0,0.128,0.064,0.935,0.195,0.954
ITPA,NT5C1A,9606.ENSP00000369456,9606.ENSP00000235628,0.056,0,0,0,0.043,0,0.9,0.276,0.925
ITPA,NT5C,9606.ENSP00000369456,9606.ENSP00000245552,0,0,0,0,0.252,0,0.9,0.216,0.936
ITPA,NT5E,9606.ENSP00000369456,9606.ENSP00000257770,0.055,0,0,0,0.068,0,0.9,0.159,0.916
ITPA,NUDT15,9606.ENSP00000369456,9606.ENSP00000258662,0.157,0,0,0,0.085,0,0,0.823,0.851
ITPA,RRM1,9606.ENSP00000369456,9606.ENSP00000300738,0,0,0,0,0.082,0,0.809,0.267,0.86
ITPA,TYMS,9606.ENSP00000369456,9606.ENSP00000315644,0.231,0,0,0,0.111,0,0.809,0.608,0.941
ITPA,NME1,9606.ENSP00000369456,9606.ENSP00000337060,0.08,0,0,0,0.191,0.065,0.935,0.207,0.958
ITPA,NT5C2,9606.ENSP00000369456,9606.ENSP00000339479,0,0,0,0,0.042,0,0.9,0.286,0.925
ITPA,NT5C1B,9606.ENSP00000369456,9606.ENSP00000352904,0.056,0,0,0,0.043,0,0.9,0.306,0.928
ITPA,NT5M,9606.ENSP00000369456,9606.ENSP00000373674,0,0,0,0,0,0,0.9,0.159,0.912
ITPA,NUDT16,9606.ENSP00000369456,9606.ENSP00000422375,0,0,0,0,0.042,0,0.9,0.379,0.935
ITPA,NME2,9606.ENSP00000369456,9606.ENSP00000376886,0.08,0,0,0,0.164,0.065,0.935,0.184,0.955
NME1,NME4,9606.ENSP00000337060,9606.ENSP00000219479,0,0,0.069,0.943,0.073,0.83,0.9,0.086,0.984
NME1,RRM2B,9606.ENSP00000337060,9606.ENSP00000251810,0,0,0,0,0.049,0,0.729,0.14,0.759
NME1,RRM1,9606.ENSP00000337060,9606.ENSP00000300738,0,0,0,0,0.126,0,0.775,0.281,0.846
NME1,RRM2,9606.ENSP00000337060,9606.ENSP00000353770,0,0,0,0,0.187,0,0.729,0.148,0.796
NME1,NUDT16,9606.ENSP00000337060,9606.ENSP00000422375,0,0,0,0,0.088,0,0.9,0.047,0.905
NME1,NME2,9606.ENSP00000337060,9606.ENSP00000376886,0,0,0.049,0.982,0.768,0.801,0.9,0.058,0.995
NME2,NME4,9606.ENSP00000376886,9606.ENSP00000219479,0,0,0.063,0.955,0.06,0.4,0.9,0.079,0.942
NME2,RRM2B,9606.ENSP00000376886,9606.ENSP00000251810,0,0,0,0,0.049,0,0.729,0.351,0.818
NME2,RRM1,9606.ENSP00000376886,9606.ENSP00000300738,0,0,0,0,0.087,0,0.775,0.34,0.853
NME2,RRM2,9606.ENSP00000376886,9606.ENSP00000353770,0,0,0,0,0.074,0,0.729,0.244,0.794
NME2,NUDT16,9606.ENSP00000376886,9606.ENSP00000422375,0,0,0,0,0.127,0,0.9,0.047,0.909
NME4,RRM2,9606.ENSP00000219479,9606.ENSP00000353770,0,0,0,0,0.062,0,0.729,0.226,0.786
NME4,RRM2B,9606.ENSP00000219479,9606.ENSP00000251810,0,0,0,0,0.042,0,0.729,0.244,0.787
NME4,NT5M,9606.ENSP00000219479,9606.ENSP00000373674,0,0,0,0,0.082,0,0,0.79,0.798
NME4,RRM1,9606.ENSP00000219479,9606.ENSP00000300738,0,0,0,0,0.049,0,0.775,0.242,0.824
NME4,NUDT16,9606.ENSP00000219479,9606.ENSP00000422375,0,0,0,0,0.077,0,0.9,0.074,0.907
NT5C,UMPS,9606.ENSP00000245552,9606.ENSP00000232607,0.059,0,0,0,0.044,0,0.9,0.394,0.938
NT5C,NT5C1A,9606.ENSP00000245552,9606.ENSP00000235628,0,0,0,0,0,0,0.9,0.685,0.967
NT5C,TK1,9606.ENSP00000245552,9606.ENSP00000468425,0,0,0,0,0.074,0,0,0.769,0.776
NT5C,NT5M,9606.ENSP00000245552,9606.ENSP00000373674,0,0,0.06,0.961,0.042,0,0.9,0.076,0.905
NT5C,NUDT16,9606.ENSP00000245552,9606.ENSP00000422375,0,0,0,0,0.044,0,0.9,0.182,0.915
NT5C,TYMS,9606.ENSP00000245552,9606.ENSP00000315644,0,0,0,0,0.044,0,0.9,0.301,0.927
NT5C,TK2,9606.ENSP00000245552,9606.ENSP00000299697,0,0,0,0,0,0,0.9,0.349,0.932
NT5C,UPP2,9606.ENSP00000245552,9606.ENSP00000474090,0,0,0,0,0,0,0.918,0.241,0.935
NT5C,NT5E,9606.ENSP00000245552,9606.ENSP00000257770,0,0,0,0,0.042,0,0.9,0.392,0.936
NT5C,UPP1,9606.ENSP00000245552,9606.ENSP00000330032,0,0,0,0,0.042,0,0.918,0.269,0.937
NT5C,NT5C1B,9606.ENSP00000245552,9606.ENSP00000352904,0,0,0,0,0,0,0.9,0.598,0.958
NT5C,NT5C2,9606.ENSP00000245552,9606.ENSP00000339479,0,0,0,0,0.042,0,0.9,0.653,0.963
NT5C,TYMP,9606.ENSP00000245552,9606.ENSP00000379038,0,0,0,0,0.048,0,0.9,0.655,0.964
NT5C,PNP,9606.ENSP00000245552,9606.ENSP00000354532,0,0,0,0,0.049,0,0.956,0.254,0.966
NT5C1A,UMPS,9606.ENSP00000235628,9606.ENSP00000232607,0,0,0,0,0,0.046,0.9,0.091,0.905
NT5C1A,NUDT16,9606.ENSP00000235628,9606.ENSP00000422375,0,0,0,0,0.044,0,0.9,0,0.9
NT5C1A,NT5C1B,9606.ENSP00000235628,9606.ENSP00000352904,0,0,0.059,0.962,0.043,0,0.9,0.077,0.905
NT5C1A,TYMP,9606.ENSP00000235628,9606.ENSP00000379038,0,0,0,0,0.067,0,0.9,0.091,0.907
NT5C1A,TK2,9606.ENSP00000235628,9606.ENSP00000299697,0,0,0,0,0,0,0.9,0.182,0.914
NT5C1A,UPP1,9606.ENSP00000235628,9606.ENSP00000330032,0.049,0,0,0,0,0,0.9,0.181,0.915
NT5C1A,TYMS,9606.ENSP00000235628,9606.ENSP00000315644,0,0,0,0,0,0,0.918,0.083,0.922
NT5C1A,UPP2,9606.ENSP00000235628,9606.ENSP00000474090,0.049,0,0,0,0.056,0,0.9,0.302,0.929
NT5C1A,NT5E,9606.ENSP00000235628,9606.ENSP00000257770,0,0,0,0,0,0,0.9,0.375,0.934
NT5C1A,PNP,9606.ENSP00000235628,9606.ENSP00000354532,0,0,0,0,0.06,0,0.911,0.335,0.94
NT5C1A,NT5M,9606.ENSP00000235628,9606.ENSP00000373674,0,0,0,0,0,0,0.9,0.653,0.963
NT5C1A,NT5C2,9606.ENSP00000235628,9606.ENSP00000339479,0,0,0,0,0,0,0.9,0.692,0.967
NT5C1B,UMPS,9606.ENSP00000352904,9606.ENSP00000232607,0,0,0,0,0,0.046,0.9,0.181,0.915
NT5C1B,NT5E,9606.ENSP00000352904,9606.ENSP00000257770,0,0,0,0,0,0,0.9,0.275,0.924
NT5C1B,TK2,9606.ENSP00000352904,9606.ENSP00000299697,0,0,0,0,0,0,0.9,0.11,0.907
NT5C1B,TYMS,9606.ENSP00000352904,9606.ENSP00000315644,0,0,0,0,0,0,0.918,0.093,0.922
NT5C1B,UPP1,9606.ENSP00000352904,9606.ENSP00000330032,0.049,0,0,0,0,0,0.9,0.169,0.914
NT5C1B,NT5C2,9606.ENSP00000352904,9606.ENSP00000339479,0,0,0,0,0,0,0.9,0.523,0.95
NT5C1B,NUDT16,9606.ENSP00000352904,9606.ENSP00000422375,0,0,0,0,0,0,0.9,0,0.9
NT5C1B,UPP2,9606.ENSP00000352904,9606.ENSP00000474090,0.049,0,0,0,0.056,0,0.9,0.076,0.905
NT5C1B,TYMP,9606.ENSP00000352904,9606.ENSP00000379038,0,0,0,0,0.067,0,0.9,0.125,0.911
NT5C1B,PNP,9606.ENSP00000352904,9606.ENSP00000354532,0,0,0,0,0.06,0,0.912,0.057,0.915
NT5C1B,NT5M,9606.ENSP00000352904,9606.ENSP00000373674,0,0,0,0,0,0,0.9,0.626,0.961
NT5C2,UMPS,9606.ENSP00000339479,9606.ENSP00000232607,0,0,0,0,0.054,0,0.9,0.195,0.917
NT5C2,NT5E,9606.ENSP00000339479,9606.ENSP00000257770,0,0,0,0,0.042,0,0.9,0.325,0.929
NT5C2,TK2,9606.ENSP00000339479,9606.ENSP00000299697,0,0,0,0,0,0,0.9,0.154,0.911
NT5C2,TYMS,9606.ENSP00000339479,9606.ENSP00000315644,0,0,0,0,0.044,0,0.9,0.18,0.914
NT5C2,UPP1,9606.ENSP00000339479,9606.ENSP00000330032,0,0,0,0,0.047,0,0.9,0.191,0.916
NT5C2,TYMP,9606.ENSP00000339479,9606.ENSP00000379038,0,0,0,0,0.048,0,0.9,0.095,0.906
NT5C2,NUDT16,9606.ENSP00000339479,9606.ENSP00000422375,0,0,0,0,0.055,0,0.9,0.108,0.908
NT5C2,UPP2,9606.ENSP00000339479,9606.ENSP00000474090,0,0,0,0,0,0,0.9,0.213,0.917
NT5C2,PNP,9606.ENSP00000339479,9606.ENSP00000354532,0,0,0,0,0.049,0,0.919,0.479,0.956
NT5C2,NT5M,9606.ENSP00000339479,9606.ENSP00000373674,0,0,0,0,0,0,0.9,0.599,0.958
NT5E,UMPS,9606.ENSP00000257770,9606.ENSP00000232607,0.113,0,0,0,0.042,0,0.9,0.232,0.926
NT5E,NUDT13,9606.ENSP00000257770,9606.ENSP00000349874,0.118,0,0,0,0,0,0.792,0,0.808
NT5E,NUDT15,9606.ENSP00000257770,9606.ENSP00000258662,0.057,0,0,0,0.05,0,0.807,0.05,0.813
NT5E,NUDT16,9606.ENSP00000257770,9606.ENSP00000422375,0,0,0,0,0.042,0,0.9,0,0.9
NT5E,TK2,9606.ENSP00000257770,9606.ENSP00000299697,0,0,0,0,0,0,0.9,0.233,0.92
NT5E,TYMS,9606.ENSP00000257770,9606.ENSP00000315644,0.122,0,0,0,0.08,0,0.9,0.21,0.927
NT5E,TYMP,9606.ENSP00000257770,9606.ENSP00000379038,0.215,0,0,0,0.044,0,0.9,0.199,0.931
NT5E,NT5M,9606.ENSP00000257770,9606.ENSP00000373674,0,0,0,0,0,0,0.9,0.436,0.941
NT5E,UPP2,9606.ENSP00000257770,9606.ENSP00000474090,0.087,0,0,0,0,0,0.978,0.115,0.98
NT5E,UPP1,9606.ENSP00000257770,9606.ENSP00000330032,0.087,0,0,0,0.047,0,0.978,0.163,0.982
NT5E,PNP,9606.ENSP00000257770,9606.ENSP00000354532,0.098,0,0,0,0.099,0,0.978,0.518,0.99
NT5M,UMPS,9606.ENSP00000373674,9606.ENSP00000232607,0.059,0,0,0,0,0,0.9,0.187,0.916
NT5M,TK2,9606.ENSP00000373674,9606.ENSP00000299697,0,0,0,0,0,0,0.9,0.628,0.961
NT5M,TYMS,9606.ENSP00000373674,9606.ENSP00000315644,0,0,0,0,0.042,0,0.9,0.213,0.918
NT5M,UPP1,9606.ENSP00000373674,9606.ENSP00000330032,0,0,0,0,0,0,0.918,0.328,0.942
NT5M,PNP,9606.ENSP00000373674,9606.ENSP00000354532,0,0,0,0,0,0,0.956,0.178,0.962
NT5M,NUDT16,9606.ENSP00000373674,9606.ENSP00000422375,0,0,0,0,0.042,0,0.9,0.091,0.905
NT5M,UPP2,9606.ENSP00000373674,9606.ENSP00000474090,0,0,0,0,0,0,0.918,0.301,0.94
NT5M,TYMP,9606.ENSP00000373674,9606.ENSP00000379038,0,0,0,0,0,0,0.9,0.797,0.978
NUDT1,NUDT15,9606.ENSP00000380241,9606.ENSP00000258662,0,0,0,0,0.049,0,0,0.761,0.763
NUDT1,NUDT18,9606.ENSP00000380241,9606.ENSP00000480722,0,0,0,0,0.042,0,0,0.765,0.765
NUDT1,NUDT5,9606.ENSP00000380241,9606.ENSP00000419628,0,0,0,0,0.062,0.046,0,0.76,0.767
NUDT15,RRM1,9606.ENSP00000258662,9606.ENSP00000300738,0.113,0,0,0,0.072,0,0.809,0,0.829
NUDT15,NUDT5,9606.ENSP00000258662,9606.ENSP00000419628,0.061,0,0,0,0.093,0,0.183,0.792,0.836
NUDT15,NUDT18,9606.ENSP00000258662,9606.ENSP00000480722,0,0,0,0,0,0,0,0.844,0.844
NUDT15,TYMS,9606.ENSP00000258662,9606.ENSP00000315644,0.166,0,0,0,0.073,0,0.809,0.296,0.882
NUDT18,NUDT5,9606.ENSP00000480722,9606.ENSP00000419628,0,0,0,0,0,0,0,0.811,0.811
NUDT5,NUDT9,9606.ENSP00000419628,9606.ENSP00000303575,0,0,0,0,0.067,0.06,0.9,0.794,0.979
PAICS,UMPS,9606.ENSP00000382595,9606.ENSP00000232607,0.201,0,0,0,0.292,0,0,0.543,0.719
PAICS,PPAT,9606.ENSP00000382595,9606.ENSP00000264220,0.231,0,0.408,0,0.975,0.126,0.798,0.986,0.999
PAICS,PFAS,9606.ENSP00000382595,9606.ENSP00000313490,0,0,0,0,0.108,0.229,0,0.761,0.821
PFAS,PPAT,9606.ENSP00000313490,9606.ENSP00000264220,0,0,0,0,0.117,0.215,0,0.983,0.987
PNP,TK2,9606.ENSP00000354532,9606.ENSP00000299697,0,0,0,0,0,0,0.9,0.44,0.941
PNP,UPP1,9606.ENSP00000354532,9606.ENSP00000330032,0.099,0,0,0,0.072,0,0.956,0.877,0.994
PNP,TYMP,9606.ENSP00000354532,9606.ENSP00000379038,0.12,0,0,0,0.042,0,0.9,0.642,0.965
PNP,UPP2,9606.ENSP00000354532,9606.ENSP00000474090,0.099,0,0,0,0,0,0.956,0.924,0.996
PNP,XDH,9606.ENSP00000354532,9606.ENSP00000368727,0,0,0,0,0.11,0,0.956,0.931,0.997
PPAT,UMPS,9606.ENSP00000264220,9606.ENSP00000232607,0.231,0,0,0,0.272,0,0,0.644,0.783
PPAT,TYMS,9606.ENSP00000264220,9606.ENSP00000315644,0,0,0,0,0.194,0.201,0,0.589,0.712
RRM1,RRM2B,9606.ENSP00000300738,9606.ENSP00000251810,0,0,0.535,0,0.62,0.902,0.9,0.995,0.999
RRM1,TK1,9606.ENSP00000300738,9606.ENSP00000468425,0.143,0,0,0,0.345,0,0,0.614,0.765
RRM1,TXN,9606.ENSP00000300738,9606.ENSP00000363641,0.057,0,0,0,0.223,0,0.75,0.306,0.856
RRM1,TYMS,9606.ENSP00000300738,9606.ENSP00000315644,0.211,0,0,0,0.881,0,0,0.772,0.976
RRM1,RRM2,9606.ENSP00000300738,9606.ENSP00000353770,0,0,0.534,0,0.688,0.933,0.9,0.999,0.999
RRM2,RRM2B,9606.ENSP00000353770,9606.ENSP00000251810,0,0,0.051,0.979,0,0.816,0.9,0.893,0.997
RRM2,TYMS,9606.ENSP00000353770,9606.ENSP00000315644,0,0,0,0,0.844,0,0,0.628,0.939
RRM2,TXN,9606.ENSP00000353770,9606.ENSP00000363641,0,0,0,0,0.102,0,0.75,0.529,0.885
RRM2,TK1,9606.ENSP00000353770,9606.ENSP00000468425,0,0,0,0,0.782,0,0,0.623,0.914
RRM2B,TYMP,9606.ENSP00000251810,9606.ENSP00000379038,0,0,0,0,0.042,0,0,0.798,0.798
RRM2B,TYMS,9606.ENSP00000251810,9606.ENSP00000315644,0,0,0,0,0.678,0,0,0.419,0.805
RRM2B,TXN,9606.ENSP00000251810,9606.ENSP00000363641,0,0,0,0,0.078,0,0.75,0.248,0.811
RRM2B,TK2,9606.ENSP00000251810,9606.ENSP00000299697,0,0,0,0,0.402,0,0,0.713,0.821
TK1,TK2,9606.ENSP00000468425,9606.ENSP00000299697,0.042,0,0,0,0.296,0,0.194,0.938,0.961
TK1,TYMS,9606.ENSP00000468425,9606.ENSP00000315644,0.075,0,0,0,0.71,0,0.809,0.854,0.991
TK1,UCK2,9606.ENSP00000468425,9606.ENSP00000356853,0.071,0,0,0,0.276,0,0,0.692,0.775
TK1,TYMP,9606.ENSP00000468425,9606.ENSP00000379038,0.115,0,0,0,0.055,0,0.809,0.716,0.948
TK2,UPP1,9606.ENSP00000299697,9606.ENSP00000330032,0,0,0,0,0,0,0.9,0.503,0.948
TK2,UPP2,9606.ENSP00000299697,9606.ENSP00000474090,0,0,0,0,0,0,0.9,0.544,0.952
TK2,TYMP,9606.ENSP00000299697,9606.ENSP00000379038,0.045,0,0,0,0.044,0,0.913,0.82,0.983
TK2,TYMS,9606.ENSP00000299697,9606.ENSP00000315644,0.07,0,0,0,0.154,0,0.948,0.875,0.994
TXN,TXNRD1,9606.ENSP00000363641,9606.ENSP00000434516,0,0,0,0,0.17,0.915,0.75,0.994,0.999
TYMP,UMPS,9606.ENSP00000379038,9606.ENSP00000232607,0.091,0,0,0,0,0,0.9,0.815,0.981
TYMP,TYMS,9606.ENSP00000379038,9606.ENSP00000315644,0.224,0,0,0,0.042,0,0,0.91,0.927
TYMP,UPP1,9606.ENSP00000379038,9606.ENSP00000330032,0.102,0,0,0,0.385,0,0.978,0.962,0.999
TYMP,UCK2,9606.ENSP00000379038,9606.ENSP00000356853,0.088,0,0,0,0.044,0,0.404,0.563,0.742
TYMP,UCK1,9606.ENSP00000379038,9606.ENSP00000361285,0.088,0,0,0,0,0,0.404,0.643,0.789
TYMP,UPP2,9606.ENSP00000379038,9606.ENSP00000474090,0.102,0,0,0,0.358,0,0.978,0.85,0.997
TYMS,UMPS,9606.ENSP00000315644,9606.ENSP00000232607,0,0,0,0,0.247,0,0,0.816,0.856
TYMS,UPP1,9606.ENSP00000315644,9606.ENSP00000330032,0,0,0,0,0,0,0,0.747,0.747
TYMS,UCK2,9606.ENSP00000315644,9606.ENSP00000356853,0.06,0,0,0,0.179,0,0,0.738,0.781
UCK1,UMPS,9606.ENSP00000361285,9606.ENSP00000232607,0,0,0,0,0.076,0.067,0.9,0.81,0.981
UCK1,UPP1,9606.ENSP00000361285,9606.ENSP00000330032,0,0,0,0,0,0,0.9,0.807,0.979
UCK1,UCK2,9606.ENSP00000361285,9606.ENSP00000356853,0,0,0.058,0.964,0.049,0.805,0.9,0.072,0.98
UCK1,UPP2,9606.ENSP00000361285,9606.ENSP00000474090,0,0,0,0,0,0,0.9,0.834,0.982
UCK2,UMPS,9606.ENSP00000356853,9606.ENSP00000232607,0,0,0,0,0.133,0.067,0.9,0.768,0.978
UCK2,UPP1,9606.ENSP00000356853,9606.ENSP00000330032,0,0,0,0,0.044,0.226,0.9,0.753,0.979
UCK2,UPP2,9606.ENSP00000356853,9606.ENSP00000474090,0,0,0,0,0,0,0.9,0.762,0.975
UMPS,UPP1,9606.ENSP00000232607,9606.ENSP00000330032,0.057,0,0,0,0.042,0,0.9,0.836,0.983
UMPS,UPP2,9606.ENSP00000232607,9606.ENSP00000474090,0.057,0,0,0,0,0,0.9,0.845,0.984
UPP1,UPP2,9606.ENSP00000330032,9606.ENSP00000474090,0,0,0.059,0.963,0,0,0.9,0.205,0.918
