,Activated B cell,Activated CD4 T cell,Activated CD8 T cell,Activated dendritic cell,CD56bright natural killer cell,CD56dim natural killer cell,Central memory CD4 T cell,Central memory CD8 T cell,Effector memeory CD4 T cell,Effector memeory CD8 T cell,Eosinophil,Gamma delta T cell,Immature  B cell,Immature dendritic cell,Macrophage,Mast cell,MDSC,Memory B cell,Monocyte,Natural killer cell,Natural killer T cell,Neutrophil,Plasmacytoid dendritic cell,Regulatory T cell,T follicular helper cell,Type 1 T helper cell,Type 17 T helper cell,Type 2 T helper cell
L001P,0.777707616870215,0.7827751817976,1.08799901592684,0.870736396870908,0.930648401999072,0.78594117691462,1.1079633658436,0.992708766680528,0.779698359306516,0.983476440682873,0.543886403302529,0.988877276054336,0.79355328341162,1.0524506091631,0.758115179557857,0.697480402991931,1.02523679522519,0.72965337729157,1.11647014975192,0.944835860164186,0.742037727276659,0.521545667047163,1.00182304134613,0.860818743815738,0.814681157160366,0.908051672279187,0.699736934748177,0.817605140170748
L003P,0.74623299195589,0.85941335244722,1.09330865860061,0.923073151417523,0.963130554782022,0.803346109283146,1.10471077522388,1.0320751937422,0.883738996268421,1.01133100217517,0.590908739806562,1.05291497654543,0.793668015875608,1.08764767477136,0.891294376924127,0.710251765690209,1.08469458722758,0.782995661169231,1.10221105197779,0.973584221254779,0.770487509608539,0.816713843206711,1.01656640094402,0.901876148762876,0.853439633116273,0.924490074952915,0.653148572418682,0.857602731633486
L004P,0.766546264424841,0.878820827307625,1.09342149533928,0.880225079138407,0.944449358836527,0.804420714327028,1.12535486428091,1.04309148539124,0.839604470393659,1.03483727635083,0.699478514491719,1.03587548851331,0.828393086985386,1.08667398214012,0.882941660435988,0.643413986721894,1.08312042237727,0.820261010650252,1.18395541191271,0.987682572967915,0.802143847228397,0.79400151432747,1.02261277957688,0.907226903310181,0.85825033033181,0.943773837311459,0.750948248487216,0.86547340141303
L005P,0.689990625037783,0.85246497543512,1.03829202455171,0.89679971617453,0.953905659377984,0.8074767236727,1.11634580549579,1.04104965494926,0.841883871120183,1.00965656815048,0.577507243447539,1.04042714364475,0.782475315459907,1.08041945255157,0.867507375457462,0.752771055996077,1.0742306023418,0.826285353429296,1.11665150100416,0.939148600853362,0.781514583808963,0.744781445500375,1.01234828690085,0.885239310495513,0.860400323315063,0.92680546335285,0.648577481656245,0.876979804960806
L008P,0.75331401024047,0.906769655260033,1.10584556181722,0.968068758660309,0.946562830681138,0.809262172304119,1.14621412631179,1.02802194130903,0.86483591921928,1.06236241618124,0.723704768158026,1.05252426081867,0.881217247622513,1.08732763644247,0.88705599164197,0.774814143419899,1.12708855729717,0.823051186374981,1.17428777112295,1.00059023072911,0.804006042369663,0.814754486139508,1.03078756599185,0.98271010945454,0.890528158028356,0.958079903465505,0.719578597025043,0.89682686058488
L010P,0.824755516741123,0.890100946562923,1.08539627267263,0.935959855167947,0.952056672078632,0.834844752638806,1.14201141482016,1.04830715996317,0.834456504286843,1.02749545655815,0.662342506040087,1.01977676938846,0.841634903902565,1.09895907986873,0.851280875884301,0.750209241385783,1.1081586745203,0.815617415315365,1.18604491720426,1.00125881770448,0.79225274672757,0.813632151594052,1.06864639211106,0.921933026608433,0.852002627711429,0.958275336154822,0.706129295485907,0.88224975099865
L012P,0.777931347623914,0.873852103293945,1.08023212404362,0.879740403369791,0.943548503567923,0.80105175154785,1.12763410284119,0.972814039180599,0.88843081427929,1.04898086471188,0.64225844995016,1.03068929486988,0.82581442209084,1.10456105088139,0.869569993133861,0.726811842312414,1.10889645967768,0.790079429722807,1.10746477266524,0.996421386701435,0.806198117544656,0.756975444958908,1.00091274307246,0.913154549637296,0.862905500638213,0.93767853656944,0.689666420350171,0.866061255715435
L014P,0.708174602441328,0.796017853603607,1.03357843669592,0.897585715232866,0.944690489444172,0.810394967048177,1.11452138356343,0.966778512612885,0.850691509332383,1.00404466577476,0.559224945670281,0.996898229007248,0.793117410689122,1.07579890296136,0.856965669218395,0.670239473175541,1.07312733070518,0.773636275271078,1.11632928671965,0.976835379519176,0.778077246746839,0.77675821021589,1.01706732814411,0.907725852097806,0.844262544209861,0.896571871249678,0.7230520668387,0.82275951228526
L016P,0.477590459882271,0.830430954348154,0.92573928834995,0.877726879347255,0.9711624405176,0.883273251825499,1.11377305752856,1.0089707479873,0.817813050793161,0.876645723420456,0.485764271509991,0.998409670381907,0.607674119310228,1.02730403911873,0.755136718534837,0.554848823752861,0.954166519975349,0.765865443248843,1.16093563814427,0.932705845333354,0.716565540626023,0.733484180720582,1.03626387212226,0.792376309463703,0.786102938517292,0.841344935266476,0.716505675183737,0.853839340499526
L017P,0.814899957555349,0.910183489916586,1.03403592053186,0.954999743165447,0.973464742535035,0.840820302884388,1.16420082434952,1.05208753566137,0.907675189222974,1.04296314113137,0.687137268811579,1.06404167544374,0.844589153221414,1.11081623884152,0.930499182923646,0.911450561432739,1.16752422783771,0.832229745590565,1.18702439642321,1.02558252067995,0.824584902974728,0.882083802182316,1.08062066722376,1.01655263753438,0.894683650620076,0.971453194969527,0.747247659784414,0.887456315494676
L019P,0.608193445987507,0.815611159787349,1.00726944333479,0.880498294427744,0.939832299788669,0.876270853208493,1.11905578828694,0.987779229877459,0.804906255073159,0.925453290560735,0.462710557852554,1.00183690604402,0.651753046087964,1.05282531935692,0.746712773563076,0.665621739931314,1.00326364663785,0.798262733535983,1.13472550657565,0.95739220433608,0.725101314926997,0.496612480395168,0.998060649445166,0.825780770972031,0.774536010525647,0.882082372196768,0.711491411049044,0.800745161941029
L021P,0.686560668793837,0.699371222241724,1.02210853394083,0.818629138945159,0.943625846174391,0.805162286125173,1.11671930541616,1.00006162100525,0.732879324603681,0.962280327546785,0.570713192770725,1.0064543452947,0.714518636279616,1.0576962328255,0.789712495269418,0.569278805829725,1.01191435008593,0.781242348791652,1.1034623503981,0.94364867271477,0.748017998950484,0.660714569277646,1.00766130845183,0.884162083263712,0.842646928843859,0.88316074589825,0.699041124183033,0.788858544124596
L023P,0.88926168808796,0.856827214015772,1.11519444714021,0.954224515295424,0.970841122231682,0.827798023344374,1.14139162108058,1.00419493056701,0.823418683409317,1.05373128948436,0.602696586100854,1.02483745946799,0.895789679754093,1.06455378485813,0.897371391628847,0.813906584591349,1.12076585372805,0.798510975300557,1.1856338985387,0.97912402896538,0.79460730941557,0.724163233247583,1.03135039349523,0.934633729879671,0.879245102335074,0.94130691905501,0.717855937830453,0.866697702156034
L024P,0.83829539444591,0.822205435540447,1.04812752655637,0.912221032514266,0.956936367274202,0.858023691398324,1.15041047791136,1.031373767316,0.816536559545584,1.02404404195574,0.633383432482963,1.03597420912606,0.862762766778637,1.09008302591634,0.861264350248493,0.725424742661998,1.09271737307264,0.824715234267231,1.19182943616584,0.994358712481282,0.803877953430775,0.724084264826181,1.04619031513195,0.936387768704013,0.860514210915053,0.94000060291187,0.670054447217999,0.843331258158603
L025P,0.629522663732428,0.647653681994362,0.986881153904009,0.888813106098268,0.922394874682345,0.799416345821444,1.110492651188,1.00404325472672,0.769834223936068,0.949207875816935,0.54005481159319,0.994863445936324,0.707186204266055,1.07023996417775,0.847031139943661,0.639066247994626,1.04950297504334,0.728954658663769,1.1841933259604,0.960072507780581,0.75022395806761,0.754775319724791,1.01441338730449,0.899944713597932,0.819796101357808,0.906327066605815,0.700827712810211,0.761630345925691
L026P,0.710234171340796,0.824923323549303,1.05464714664722,0.931489808282458,0.937141177693056,0.82137404247621,1.11902756452593,1.02253695176112,0.835579009434677,1.01420436499053,0.60348440104009,1.03022822663801,0.794492282268793,1.07717237194217,0.868263420046402,0.703546675510939,1.09922397697374,0.755293911564481,1.11539770784023,0.976909837862054,0.799542977233664,0.693369355358857,1.02302148187601,0.915733427196845,0.847572116434491,0.922333625675285,0.690894331916355,0.814296289226475
L028P,0.766303571610875,0.800122532831265,1.0500104488737,0.884077321702972,0.928067599756308,0.802148601276868,1.11845461735394,1.01077981452554,0.731235481260299,0.998173538783107,0.544224958991924,1.01601585085003,0.770624426222619,1.06937572476915,0.840683788950015,0.733498639404341,1.08524264144883,0.774690127477106,1.11432478480548,0.948046441385339,0.766483698146663,0.692963004936389,1.02377288690563,0.904077574789377,0.821539007622394,0.898192433238326,0.706831962190894,0.805418887963077
L030P,0.649544955579215,0.743310808739003,1.02707824429447,0.841680384825094,0.92593868876411,0.780131333565734,1.09140787673002,0.973879577765149,0.748242544422458,0.971783932880503,0.520673363306103,1.00702487012097,0.725790362988968,1.08117559914824,0.818752430608555,0.595938424379724,1.03583290169208,0.775346172200786,1.15845626761287,0.934767838262966,0.745385067635779,0.582265443981873,0.99465077258104,0.862224365705261,0.798873818198548,0.876450152697558,0.705024299905219,0.811991090728661
L032P,0.562673553172827,0.669751562252983,0.983714003072942,0.797727503175818,0.874190974787118,0.846808712802783,1.06971743186237,0.935702521032823,0.727920813794416,0.966250006543211,0.602638913731049,0.997884840303053,0.633797872426833,1.06520169645755,0.774745725949785,0.79549110547743,1.03331404362109,0.759608588437205,1.11023593229375,0.913598720672131,0.696762418628919,0.596754659831726,1.00322054031599,0.853107433776402,0.8308295549994,0.918557659845996,0.643128207383722,0.85572784520409
L033P,0.499419042066295,0.696910829442571,0.973645879967425,0.841112280413508,0.939736425744121,0.836179969706595,1.07225098045462,0.925570376381281,0.750592508376761,0.933451408726427,0.609355416666952,0.967146052588542,0.560324693564643,1.06815822493852,0.808287318163825,0.647761117338441,1.06828649285084,0.742519301801712,1.09335309569268,0.957550337342751,0.709933542236111,0.817056475529438,1.06211574963194,0.964219533823455,0.794649209011548,0.906980604349191,0.648478296852062,0.786947773156689
L035P,0.79669130003996,0.793906354185265,1.0283515385436,0.881394622402912,0.923913386905741,0.841873249265301,1.14079401244917,1.0348475664771,0.76055225665449,0.99236981757134,0.447506132207903,1.02287080804215,0.829339795484427,1.06028418117054,0.839992343233467,0.754844190201184,1.04743249690586,0.799662560407012,1.10417009172824,0.950905794414452,0.720023415582816,0.577391818453389,1.01586640085652,0.917862131802263,0.863946343991031,0.928944560612737,0.649098010997823,0.802206426360588
L037P,0.678449127700211,0.746969917284611,1.06353394651193,0.828779307794762,0.979549882126605,0.853304392933106,1.10083431791345,0.920781843199929,0.739591025327418,0.989831632168862,0.494719757534648,0.991081373612859,0.7438621372664,0.98877601962971,0.810756867005107,0.758231838731732,1.03183635186437,0.828867443046742,1.10537535139112,0.937985129921189,0.730151112776545,0.587977009801933,1.00794215278807,0.883406891326836,0.860344106006605,0.911042008923191,0.733572793891197,0.786540034927289
L038P,0.746441253783217,0.780898133081856,1.04049032709944,0.944461397241325,0.938155636001441,0.81845448080556,1.11256597988638,0.996217749322548,0.816307691590153,1.01259989673358,0.63278768110765,1.02150421611524,0.770430419299351,1.08568383582843,0.864913025512467,0.769258792114522,1.07494316819034,0.751883595420927,1.16289241473325,0.96561952167823,0.769059654193224,0.720191438006013,1.01419132398406,0.913169682833279,0.837179378782603,0.90508002098711,0.695685957461015,0.797898910133372
L039P,0.81464845402312,0.860393761038769,1.10559640685177,0.938165961824064,0.967080613453711,0.811667568482468,1.13876930848538,1.02047721711929,0.855132353677327,1.05099165266843,0.632353367574769,1.01323345510475,0.841315258664397,1.08320570995334,0.840833855912986,0.809972864539599,1.11970123657163,0.757992481444767,1.16794958347668,0.983156254403951,0.780793946867102,0.704710780812431,1.0352942021832,0.929644319730951,0.869984300026607,0.937625589957806,0.722927682979595,0.831861363771787
L040P,0.693007493413703,0.641666991592897,0.987393196315266,0.87087090555383,0.908253779394101,0.807326624250844,1.08847308440665,0.935815586705533,0.728748805035696,0.977628489471108,0.502670950251181,0.985930313021002,0.719405823443468,1.07690812290352,0.803562070872549,0.53022425556031,1.02924176478609,0.711595642224732,1.09517311640981,0.927623903465653,0.736257920714142,0.70414046702444,0.997276352055432,0.891268938272836,0.79927830957694,0.861664061655412,0.680002846367737,0.779692682566561
L041P,0.763922580028841,0.817502766323064,1.04761571935849,0.906348037799601,0.917585361303157,0.788052918455282,1.11705656865827,0.940447242340951,0.797764298051347,1.02683892912909,0.656288813569413,1.00013874695544,0.790592541032128,1.07963546626519,0.816905208627428,0.715865379744129,1.08086746617152,0.818493234288379,1.16409249336257,0.941109580006239,0.762921185065554,0.717399700351818,1.01251997472399,0.892169557384894,0.833135491887369,0.898687480132417,0.724685778338802,0.823926973573773
L042P,0.596217476317816,0.704655940613346,1.0377244342753,0.885814402661189,0.923788737707943,0.783049055419711,1.08926717467817,0.941156018909104,0.767219086592244,0.975964290636124,0.625956649223796,0.989412216439538,0.701514336787133,1.0763901276973,0.789138068268789,0.693211637372729,1.04446085231915,0.742920636930898,1.09562059059346,0.937640451485356,0.714556668012822,0.750865326685494,1.01375627319353,0.861740864892518,0.80444421437847,0.879747311250864,0.691580614906611,0.794008573738992
L076P,0.767043121775085,0.885373325748542,1.09846011011712,0.91235308590174,0.968363970870355,0.803915908128124,1.12525144220347,1.032164330489,0.783183647655552,1.00614467434404,0.581871026609,1.04627646237176,0.79282464793691,1.08242929743915,0.851656578302812,0.714963243049727,1.08933609937073,0.769895722601046,1.16440690609975,0.983502810659054,0.805046999114401,0.744610580180006,1.04218591557742,0.939670345455668,0.840202829517331,0.953270374128281,0.726573819939557,0.86013651784307
L044P,0.658007377275861,0.671838717379894,1.0008862950412,0.824862843709927,0.949703147440408,0.786067494271361,1.09519338138495,1.02347842161211,0.72633751274539,0.986188054007474,0.581577225414203,0.981934520073535,0.617218751282458,1.05216340460056,0.809795901280942,0.6749534988899,1.02111822381365,0.706610035671796,1.15746708122565,0.937318405991682,0.74819152135569,0.704583020603761,1.01495045847933,0.875750578722822,0.788632621699002,0.885275672088988,0.677570496071807,0.789847309416192
L045P,0.705292015005245,0.768603646438009,1.02610359090938,0.841029818761946,0.92359336843892,0.801734826873819,1.1095273745484,1.03087284900961,0.753361543856298,1.00350803333687,0.576410009437793,1.00688658887511,0.709240177865987,1.07209982290091,0.850771550212506,0.658707445883412,1.05914600732031,0.773751829418379,1.10240929610592,0.957794107308371,0.745362669789162,0.758606962190547,1.00970454881296,0.88660573144406,0.837776176043962,0.897875525069935,0.683747930670824,0.801511168904187
L046P,0.808712427279025,0.779197021377913,1.10431364239647,0.913344124576137,0.953814922846408,0.846266402004141,1.12775509333119,0.990314606479132,0.67221794324178,1.0369313238991,0.55679938406239,1.02162754703142,0.810314474911197,1.08372134358585,0.879789528197827,0.842843317433819,1.12230651752903,0.718745410893262,1.17698768742139,0.974861648713605,0.804592902541993,0.752043679705712,1.05633173185893,0.943334593452851,0.850157080699121,0.933765542055627,0.693182286475547,0.771032571650276
L047P,0.683758325375621,0.786783907374871,1.01602142000205,0.817944802846289,0.932106507231299,0.805172432705817,1.09792645466781,0.953840889068333,0.758637267835969,0.968293827011658,0.6248169479618,0.987071213207079,0.765499275129658,1.06889148381573,0.775941427359959,0.712130951152501,1.04073523783878,0.746300609415326,1.14678910008936,0.939883813475967,0.735161961246221,0.75422131226278,1.01620750867445,0.893100787532477,0.813199397196503,0.888160335333629,0.672628573173931,0.782925331644972
L048P,0.742943148536486,0.773986347364144,1.05740960776564,0.902071369797673,0.951699399600963,0.785218635457154,1.09827336564323,0.980203594847678,0.670694536448124,1.02805338757149,0.594687939485904,1.00057205024679,0.765373053703794,1.08130307494023,0.847838953210623,0.718115030931173,1.08492454958786,0.733243078994327,1.10699592644996,0.93998082743768,0.749719635262772,0.74394277974818,1.02107077972133,0.889010451323603,0.856918694703907,0.909546780015559,0.712797726713508,0.797071363362604
L052P,0.688735969177518,0.803398968843532,1.06557671753115,0.901063488586893,0.937757811238178,0.813541230950003,1.09666747457325,0.945850817418552,0.708761160079469,1.03529031559277,0.626600769262036,0.991309835049118,0.761668407212508,1.08021774965802,0.857362477424522,0.717755155361085,1.09751837792332,0.731538473941,1.1563315542329,0.946444295894322,0.762590554976776,0.770003011515301,1.02266105947375,0.906985136357968,0.848150407345802,0.901312650603974,0.708925577620917,0.81980379416869
L056P,0.725541190422756,0.832890519509488,1.0844289656628,0.948813238435128,0.941374009254688,0.797337012362271,1.11683272639373,0.999799166499451,0.811532358362482,1.01896465057711,0.580617517134845,1.00658136304793,0.794513997518619,1.07994661471699,0.865365653120032,0.661926822246944,1.07412606590622,0.740041949005829,1.10049684598925,0.958034553120847,0.761925751319981,0.73904237111501,1.0200778708223,0.929703875982563,0.832035293397914,0.916561884123537,0.727400925296701,0.823934414349853
L001T,0.804123938879497,0.884242997472743,1.07291281062492,0.932831693689023,0.95367374453291,0.831967921148979,1.17169881743235,1.05099877792013,0.878387040032694,1.01400720595415,0.542442178655103,1.02801350571026,0.817354729841025,1.06571664383403,0.80209693189634,0.757855356856894,1.10148575799129,0.779215602017088,1.11352638412161,1.00633090704681,0.778032742787607,0.475714323826188,1.02595091722462,0.943917941347413,0.860141503017582,0.941796965738905,0.602955920151609,0.861048066977449
L003T,0.589524821647455,0.883211804816555,0.970901019249913,0.890085860393593,0.942089611237761,0.82779742334438,1.10793279794441,1.02149443591848,0.868172071331047,0.901955326411614,0.512274524117159,1.03650053262035,0.564506161065618,1.0681339188209,0.75438482691744,0.642477467047344,0.973481356909596,0.781179553729156,1.10850856217654,0.975664107751779,0.730495762784869,0.645426193383703,1.00648870644048,0.818629587836047,0.797524957153139,0.881555569734374,0.680910966686812,0.900222867971164
L004T,0.703289800906606,0.954295762683863,1.03399274102402,0.879099463849357,0.970142443067247,0.826607867730571,1.15089040463778,1.03885575728339,0.893430349590531,0.969492759409352,0.569344723274203,1.0425300931623,0.767889881491408,1.06902375896021,0.796261576356997,0.733771320033265,1.04316937706935,0.859108975298208,1.17021542941321,0.961287844872204,0.79570887055973,0.631464514154171,1.02958663722694,0.8888402108787,0.831350070104388,0.926666139874855,0.72604251914542,0.890021763496516
L005T,0.389556474083368,0.787511148191517,0.926325543035091,0.862354062427897,0.931874403905403,0.806592708006783,1.09983616864089,0.947080369887783,0.813738370455687,0.966053271719238,0.601436363951094,1.02821147397075,0.587134692610785,1.03751637582405,0.678754650156963,0.582601784253882,0.904885806999132,0.805218431796967,1.07075632699946,0.962680031843757,0.6766550105553,0.579883886735101,0.991491498807181,0.785915355038067,0.839954701098834,0.856335761252788,0.644206683334454,0.83236956185477
L008T,0.751868402898913,0.929699785699753,1.05072259401967,0.93041506225021,0.939847436907649,0.820407826383337,1.13864193876285,0.982724357182463,0.872288661409012,0.982590584626783,0.572837584714358,1.02272274440911,0.809189263504203,1.07345254664881,0.783497228042914,0.691733245490439,1.04309263970058,0.780764759483065,1.16488966779304,0.974434923940327,0.782433199754869,0.591534027552614,0.988206543389114,0.937790046123152,0.83640113350527,0.920104715174942,0.703383235066402,0.855093479202244
L010T,0.757865515944855,0.940094587389674,1.01543303297398,0.781569777539187,0.960767363107017,0.798984456371603,1.12567473667865,0.994487160784941,0.81810444447954,0.906385826806057,0.546295202118254,1.01620750204255,0.783718188071162,1.02077788163874,0.770244780020519,0.688329430259362,0.997238829355849,0.851586032679189,1.1148250380945,0.936082060368537,0.762044336456592,0.509718986663426,0.972788588466612,0.793957630757245,0.807096946347347,0.872487913590866,0.641554122538724,0.862865697395353
L012T,0.604054222223162,0.856990872025787,1.01871337173333,0.870959467285924,0.966065719864502,0.800069201402319,1.11541579330521,0.965451122457655,0.796525616273383,0.983427502433761,0.49574062494943,1.00901402698721,0.67699062360631,1.04170751706187,0.818835495187592,0.625602645858737,1.01256268812057,0.663043765099585,1.08572242483266,0.946473015331614,0.727534132554953,0.71845020960427,0.993533715513518,0.856988070640906,0.779938772950817,0.874898931377835,0.66104292278065,0.790330071720531
L014T,0.539666202798752,0.881256322166734,0.955722164426944,0.868545812272718,0.950999998670817,0.837588448948214,1.11793139485407,1.0261645279886,0.861091396274364,0.955949019487244,0.547650330277462,1.04404128262634,0.688467318425084,1.04033241970896,0.783679845992047,0.608403042606446,0.973400281657479,0.795163629662434,1.11781815533001,0.975087820937923,0.735961138580577,0.683290740680093,0.963382317716657,0.826570987672758,0.814851688088954,0.871373523393121,0.670856938977446,0.864610129780575
L016T,0.797582349548304,0.791188097388454,1.08626266952726,0.924923251225495,0.959478797273905,0.840861871034523,1.1343203048796,1.03178628869411,0.791311152647059,1.04296561552119,0.596015877343966,1.02067373985815,0.823754625422706,1.08958257425332,0.862228959737408,0.679844639825554,1.12837806232071,0.751136584878357,1.18567166669064,0.982540899098409,0.789189020014085,0.761527828817419,1.02388972318717,0.911023986169486,0.884109937787962,0.92518115871139,0.681955662755309,0.796101488123798
L017T,0.708340511705176,0.987067082733491,0.967630723779549,0.878461557419119,0.909332708254435,0.808415577052495,1.11691405374665,1.02655965656087,0.882538056917659,0.878311715818532,0.506277291067369,0.987701207323785,0.783854679615777,1.05025943602494,0.713258773268066,0.681269690965867,1.02046775305561,0.84642314892548,1.14139178008774,0.933893437940775,0.71788962366552,0.594735190207447,1.00448738728182,0.890965600895667,0.851180531794882,0.863759830015017,0.642980778661921,0.857829144251432
L019T,0.860742060208742,0.856386708484188,1.11978622332797,0.973219872707059,0.980725150383012,0.858752283855443,1.1559083553401,0.953427391493515,0.860021322163265,1.05247860123157,0.647408822052464,1.02719504921485,0.859593446900182,1.06627032235016,0.847490796820035,0.760637143450253,1.11461414578139,0.805370583083023,1.17796803576757,0.977414919695978,0.796939003614431,0.730117325427569,1.04897008579554,0.956571572359778,0.860045031598661,0.958821216119255,0.735515120026121,0.862872890458474
L021T,0.756092096039343,0.904200608841552,1.04940476518723,0.954354782424242,0.972329940184397,0.911405047143262,1.18333508150849,1.06642818351937,0.888840160430273,1.02784071265128,0.59626418056683,1.06521720157463,0.754613614074466,1.07623049462667,0.911777858454952,0.791191656641593,1.134942224703,0.825388307399963,1.15317452153914,1.00471102559772,0.827917239496438,0.619343694312779,1.07655580774758,1.0007492408262,0.894075356019865,0.959007350392737,0.727915088237616,0.874462888052503
L023T,0.573077255219325,0.737388000618717,0.977902791983277,0.802552833802334,0.944879652594243,0.824526839265626,1.1294751941102,0.968298684882196,0.748304206160518,0.917029714572712,0.491082962296716,0.995562442848664,0.663346262444199,1.03734829995138,0.702641988128517,0.631200826314896,0.930846586958669,0.790302246624768,1.1281243130065,0.95556936919089,0.716349310456287,0.626087676769993,0.982805596321104,0.84452835775575,0.777447893558985,0.853509896919879,0.618625739562697,0.76353518112363
L024T,0.625233590835736,0.808420567989275,0.978268393324173,0.897233972065068,0.935100740622772,0.800643864102436,1.14866101653301,0.95767753854546,0.828816033680376,0.941681454153724,0.491494199000573,1.00246335284439,0.648701778350588,1.08639192816971,0.833718782630894,0.765042259722349,1.04088228475342,0.810943222417534,1.16043642533603,0.989942023465058,0.757334094275211,0.696904872574894,1.0072709104187,0.860569799717219,0.831529255333292,0.863362870151188,0.630839740176568,0.760597279750659
L025T,0.306437139008804,0.662717486225102,0.916290791169505,0.778214687615089,0.904471423655427,0.839247804665544,1.07609724378422,0.889912560838188,0.765324645540084,0.853141858067704,0.410899957722722,1.00179499575967,0.529223745836435,0.989516103500805,0.662290992652125,0.665168605069479,0.882646155689146,0.722716502944519,1.01619987469173,0.923693635689664,0.688386527661421,0.525472402723188,0.947577030857953,0.801484359938508,0.747816554090812,0.830642491167605,0.60139630675908,0.756000213156673
L026T,0.403313723688966,0.895248160654631,1.01342136370241,0.940632660614805,0.949687889400353,0.854039728334611,1.14616398567538,1.01941161867447,0.811459770874244,0.955806784028349,0.557172139805126,1.03246761596925,0.654669961117817,1.05885612492879,0.72315436333107,0.665049940597166,1.02056716913979,0.805638409163652,1.07950063063855,0.967308298639027,0.807830219508556,0.596874931379757,1.01670321744476,0.812698532536786,0.815616776179622,0.875838213088353,0.605955883347125,0.845943221201174
L028T,0.762882815145034,0.975300638342895,1.06441582363933,0.973109850931841,0.936494717309387,0.83099857549171,1.15191987328258,1.0041442880417,0.811329029332432,0.941216161527714,0.540693265072579,1.03836325674273,0.808107048582388,1.06927398973509,0.792402895591942,0.725704202367349,1.09161473594752,0.823977970230619,1.15077462652218,0.926993309991276,0.763313658692755,0.780257202895628,1.05675106238052,0.895891933259874,0.8331452924614,0.898868719742446,0.715143468882333,0.865036041345557
L030T,0.665824606420595,0.944858010240973,1.05183204642411,0.943293167406501,0.963880759098014,0.828659730078841,1.16211407137869,0.981504137357772,0.837625431296313,0.991530984749475,0.575153084042434,1.02001832231405,0.758356243232756,1.05646029048029,0.814317056336497,0.767541724508713,1.03401090039954,0.808245915016129,1.15973031054906,0.948908466023405,0.773954495531823,0.705272484542256,1.03647562557052,0.793947443510471,0.856317589902873,0.886787190611765,0.688912237586364,0.833959145700944
L032T,0.480496303056717,0.850631257053246,0.857297106500235,0.827636310746907,0.888160969351555,0.822979116721633,1.10530918260275,1.0303085708833,0.74424255666,0.809024948369034,0.448602387555384,1.03310332326331,0.498848599862932,0.981076203859374,0.713775044297212,0.540607573387672,0.973589864237956,0.811183551271757,1.148203029494,0.907766244318146,0.692944646681356,0.442679489612779,0.980767409855416,0.821516647390353,0.6948463875726,0.782722810991669,0.69226251901333,0.789189410351551
L033T,0.200462115955672,0.778002122719843,0.812019633741466,0.771732296820748,0.919450824409478,0.808927222224504,1.06657617740247,0.974586647059486,0.622427163875602,0.771461640866051,0.433242287820521,0.923459360313788,0.437293927099853,1.0297788460596,0.644802084896202,0.31412029323227,0.835581986248808,0.717356421137406,1.08286341428282,0.867673618838124,0.571768191142921,0.429833094384697,0.975570723137295,0.696949845250899,0.719571154051496,0.6711480021612,0.593244077088286,0.824452774210534
L035T,0.85131457111131,0.932786507778821,1.05942839868786,0.862068484547396,0.932308609293039,0.857858340495142,1.17290812137295,0.985931429333052,0.803621570393619,1.01891818092144,0.603849991351984,1.03274238337262,0.862415810563591,1.07798351917118,0.849319299407079,0.664717314850833,1.11163823957357,0.784970664793596,1.14489232222275,0.985293216493431,0.781483253457218,0.626320349711894,1.02954217415855,0.895177581528958,0.86692663348623,0.912615963214812,0.59948961146919,0.819753165998914
L037T,0.768654816111451,0.897712165249393,1.11549261793826,0.954691845267859,0.95155029502513,0.903533768564359,1.17514340686171,1.03903118644782,0.762067834291924,1.00416340234946,0.563388371153888,1.02054009477484,0.880330819687867,1.06253743127725,0.84757628091066,0.769848787548882,1.09955665193428,0.754220446879388,1.08500270522879,0.998064260187584,0.752309777855833,0.740036859047824,1.03229882330704,0.929518000261386,0.84977221004566,0.956775336521202,0.736925309206993,0.799422850358252
L038T,0.44211831446617,0.843496605308698,0.972513808892134,0.949809622690131,0.9442603524416,0.833926934974675,1.129025413639,0.95825767414825,0.797932650800647,0.902581461111742,0.572234028059319,1.01648277317467,0.55785265382093,1.04788758724748,0.72754906144901,0.620751294110072,0.936531306706667,0.798899484381566,1.14055427862389,0.949313646337234,0.713578615149769,0.512167228424524,0.998732387747586,0.860710506855719,0.782314484911518,0.821418431982452,0.683412886802301,0.842960688231727
L039T,0.765282444763639,0.847643535775639,1.06287199917477,0.977958227559992,0.987579556753601,0.849164828336035,1.17284081940059,1.02943062294137,0.874312640438103,1.00577878081853,0.601068843679313,1.01179212833255,0.783705884350118,1.04875958673868,0.816952295517005,0.769351288469403,1.0925178516117,0.780248504300968,1.12809053650894,0.972199153320503,0.770459429296568,0.660343105832276,1.0373931352238,0.867646804550631,0.865340219925391,0.915633101824644,0.646767330938828,0.825700114777706
L040T,0.804778611411154,0.910714853595104,1.07130290228016,0.911499958849379,0.972533321647351,0.846922355224458,1.13431976067237,0.977763734616578,0.87849906275262,1.00444761648835,0.612955261795922,1.05745504595145,0.830015075571102,1.05756833404726,0.830540460379226,0.771232096782836,1.0815786630175,0.762923718098518,1.14450897516608,0.993045352672316,0.797813358198106,0.767414659761654,1.04859354136694,0.929651651753922,0.865394904505808,0.896042966116047,0.630592287023299,0.905080419517939
L041T,1.02463809670173,1.02713078676103,1.16260527314383,0.985377537462755,0.939798510354749,0.855562541517144,1.20046211595567,0.969763222974927,0.886026767442077,1.05478656552596,0.638969149347408,1.00164766130447,1.03075950363574,1.04347655697069,0.820142306163589,0.730818876566148,1.13964806445356,0.84436771963057,1.17583833138715,0.971587204877855,0.797604669087315,0.596057380965062,1.03576227298952,0.871984993411238,0.870889891134624,0.955127771478145,0.678673095114419,0.861858890987729
L042T,0.366957108731275,0.896624257708475,0.889672135242148,0.890461209947038,0.894783845010897,0.726552675780093,1.10954838330995,0.966045266818955,0.84214111251706,0.83215915610483,0.434918795867087,1.00262369596065,0.619744316878791,1.04007323448659,0.712437585971861,0.552248510764817,0.962821523719575,0.800640987853998,1.10928657533355,0.846016668138733,0.666429190309829,0.637952233516296,1.01037986299752,0.768707421182542,0.785776971435463,0.825596881856445,0.624687285216257,0.837175721280404
L076T,0.489367269835252,0.872155571356713,1.05428335185122,0.853746090145269,0.958134405533689,0.83028415759033,1.10594340856819,0.97816138769674,0.727948974352398,0.923660139469687,0.491613797452629,0.988728296906711,0.685197566099069,1.06095233573072,0.669238429185937,0.558724026839489,0.98548111386545,0.747074539818664,1.12029590739083,0.970930331369261,0.72732734473955,0.576509733388051,0.947883123765974,0.705293667913127,0.76445481048795,0.894370182900029,0.677552446224001,0.826247454349563
L044T,0.70975552143773,0.868105646091149,1.066945789493,0.892658475235228,0.963601793048504,0.82962396716143,1.15741700601508,1.03776777159408,0.861555581842487,1.0161160029078,0.541264563031979,1.01090620296534,0.740769357816662,1.06757869503729,0.802792629472763,0.765724472620149,1.08246667553031,0.779718287560682,1.15205256254222,0.99630723967087,0.766375023177429,0.577694337811572,1.03102734874197,0.901033568925275,0.83260183748845,0.931605126211676,0.70760375248737,0.814905464286501
L045T,0.772994267368793,0.885022390126799,1.03521930569083,0.869218684592,0.957049637518393,0.83972621996353,1.14561814210397,1.02416288680255,0.828077575358404,0.943436979683495,0.474802333377846,0.986794205044415,0.792248280236394,1.0330168171879,0.763340501635198,0.654091364614247,1.00416305122428,0.791123802631063,1.09601925739804,0.979662351643451,0.739021959534634,0.579572093807065,1.01969497774331,0.809801272596729,0.806596501904063,0.883909481319601,0.660779473018397,0.846351566529148
L046T,0.606330723177907,0.877480878457403,1.00960493595178,0.829964844905092,0.926647233911523,0.880176034454872,1.12761964762587,0.949142088138459,0.738908464164269,0.899371003409759,0.524821566218204,1.01173973401605,0.654901671937624,1.01304192045737,0.671301996307922,0.613957178934245,0.92941103212601,0.778947487862582,1.11606706787367,0.940167171699998,0.742057039256159,0.591647188052067,1.02949754812766,0.784941608344125,0.795802730924381,0.830137128925171,0.58817998877714,0.846351243528486
L047T,0.679117266147242,0.967330862714142,1.04281517746474,0.916070268791323,0.937749722350288,0.761005687405484,1.13299935941406,1.04880167086481,0.804313590776299,0.926982245669242,0.453705025118945,0.997287878278068,0.824065940479745,1.05083324111314,0.74012854127222,0.703826560417497,1.03531059257881,0.839526906815781,1.1290709592219,0.91367455789137,0.708453763897812,0.532259168936917,1.02229737287822,0.866831141216555,0.835732035348153,0.847717042686019,0.65850593448312,0.893842753839681
L048T,0.892745663551581,0.939122055311856,1.11148048140817,0.960296879417723,0.968402308191297,0.837495033157559,1.15610255564181,1.0516814997285,0.830901192134694,1.0552892733295,0.636392920536518,1.03962911217354,0.858712018803178,1.06575297140433,0.855197762521192,0.712695831513057,1.14161098799959,0.77428807667597,1.1667640293683,0.973903084061957,0.765328515652828,0.720181742520251,1.03208700363222,0.934664830175025,0.836827905128011,0.916043306200644,0.706860395783738,0.890691493095132
L052T,0.798164911539075,1.0957620672352,1.12075959605834,0.917461661578427,0.971975770104581,0.797876074037863,1.1572205779884,0.978365345055144,0.875842930337026,0.99459020032022,0.5988147072175,0.946682040278706,0.934135573648623,1.03584583305053,0.792324618334217,0.664287665033906,1.09063552885383,0.80799872861058,1.09289828366107,0.903618099753686,0.765344926275693,0.38583851618865,0.988286064467596,0.952416572436963,0.827459556416074,0.895301249786172,0.745710513201668,0.879641198412067
L056T,0.828321753744843,0.968367713108618,1.0697893731271,0.922912032455224,0.953504158095477,0.803025253445336,1.16481512689292,1.01833624073778,0.866934129538379,0.977061331531911,0.542573076963792,1.04434141572431,0.845593629546311,1.03515708492105,0.796162386414525,0.760492588157967,1.0471836058316,0.836271356024124,1.12548908277497,0.956391504095835,0.738126427596454,0.602228246868573,1.02630520815505,0.892719640496777,0.832070954827059,0.915936737607106,0.686024378469791,0.909679841209982
