Name,Degree
A2M,4
APOA1,41
APOE,47
ALB,23
APOA2,27
AACS,10
OXCT1,13
EHHADH,28
ACAT1,30
BDH2,6
HMGCS1,41
BDH1,7
HMGCLL1,16
HMGCS2,32
ACAT2,35
HMGCL,21
ABCA1,29
CETP,29
APOC3,30
APOB,45
SCARB1,37
SPTLC1,21
LCAT,35
NPC1,10
PPARG,51
HMGCR,51
NPC1L1,14
LIPC,42
CYP7A1,48
LPA,22
LIPA,14
SREBF1,65
MYLIP,9
SREBF2,48
NR1H4,24
ZDHHC8,1
PLTP,23
CD36,30
PPARA,77
RXRA,32
NR1H3,24
NR1H2,17
ABCB11,12
SLC10A1,11
SLC10A2,8
SLCO1B1,7
CYP27A1,20
BAAT,9
SLCO1B3,3
SLC27A5,8
SLCO1A2,8
CYP8B1,13
FABP6,8
ABCB4,5
ABCC3,5
ABCD1,9
ACSL1,39
ACSL4,22
AGPS,7
ACSL6,18
ACSL3,22
SLC25A17,1
ACBD5,4
ACSBG1,14
SLC27A2,8
ABCG1,16
ABCG5,16
ABCG8,11
CYP7B1,16
MTTP,14
ABHD4,3
FAAH,5
GDE1,1
MGLL,30
ABHD5,11
PNPLA5,1
PNPLA3,28
PLIN3,4
LIPE,35
PLIN2,10
PLIN1,16
PNPLA2,38
G0S2,2
PNPLA4,3
ALOX12B,23
ACAA1,36
TECR,21
ACADL,19
ACADS,22
PHYH,5
PECR,4
ACAA2,29
ACOX1,54
ACOX2,14
HADHB,31
ACSL5,20
CPT2,17
ACADM,22
GNPAT,23
ACSS3,11
ACLY,21
PCCA,16
HADH,19
PCCB,22
ECHS1,21
ACADVL,17
SCP2,33
ACOX3,29
HADHA,23
HSD17B4,30
MVK,25
CPT1A,32
MVD,23
ACACA,30
DGAT2,27
ALOX12,24
PRKAB2,10
MLYCD,12
GPAM,27
THRSP,5
PRKAG2,10
MCAT,12
ACOT12,9
FASN,56
ACACB,24
SCD,29
PRKAA2,11
ELOVL6,17
ACSF3,9
DGAT1,35
SP1,16
CPT1B,17
ACAD10,1
ACAD11,1
DECR1,3
SLC25A20,12
ALDH3A2,14
ALDH7A1,18
ACSM6,1
ACSM3,2
GGPS1,20
PMVK,15
CYP51A1,26
SQLE,35
IDI2,15
DHCR7,31
FDPS,24
EBP,12
LSS,33
FDFT1,31
IDI1,22
ACBD4,2
VAPA,19
VAPB,17
ACER1,25
CERK,23
SPTLC2,17
SMPD3,20
SGPP1,24
SMPD2,24
GALC,28
SPTLC3,17
SMPD4,20
ENPP7,20
SMPD1,27
ACER2,23
GBA,24
UGT8,29
GBA2,21
SGPP2,24
DEGS1,27
SGMS2,20
DEGS2,27
SGMS1,20
UGCG,24
SPHK1,19
SPHK2,17
ASAH1,31
ASAH2,27
ACER3,10
KDSR,13
ACHE,7
CHKA,11
PNPLA6,22
PHOSPHO1,8
CHKB,10
GPCPD1,10
CHAT,8
SLC25A1,2
MMUT,7
ME1,2
IDH1,6
ACOT1,9
ACOT8,11
ACOT13,6
ACOT2,10
ACOT4,8
THEM4,6
THEM5,6
ACOT7,7
ACOT11,2
PCTP,7
ACOT9,2
DECR2,3
SLC27A1,11
PEX11A,2
HACL1,5
CROT,5
EPHX2,9
AMACR,9
FABP1,19
CRAT,4
ACOXL,1
PPARD,17
ACP6,1
LPL,56
PPT2,8
PPT1,8
ACSBG2,12
ACSF2,2
NDUFAB1,5
MCEE,6
SLC27A3,1
LIPF,14
LPCAT3,24
GPX4,7
LIPG,20
AGK,25
MOGAT2,15
MOGAT3,11
GPAT3,18
AGPAT5,21
AGPAT3,23
MBOAT2,40
LCLAT1,29
AGPAT4,23
MBOAT1,34
PNLIP,18
PNLIPRP3,12
AGPAT2,26
AGPAT1,24
GPAT4,18
GPAT2,16
MOGAT1,14
PNLIPRP1,14
CEL,26
LPIN2,31
PLD2,41
GPD1L,18
CDS1,20
GPD1,19
GPD2,21
PLD1,33
LPIN3,28
LPIN1,35
CDS2,20
LPCAT2,26
CAV1,19
MBOAT7,5
FAR2,4
FAR1,4
AGT,8
CYP11B2,20
FURIN,1
CCN2,8
POMC,14
AHR,9
NCOA1,21
NCOA2,20
CYP1B1,14
ARNTL,13
CYP1A2,19
PTGES3,9
ARNT2,5
CYP1A1,28
ARNT,7
AHRR,5
AKR1B1,9
GLA,16
GLB1,15
AKR1C3,26
GK2,9
GK,9
CBR1,7
AKR1C1,12
AKR1D1,21
SRD5A3,18
SRD5A1,22
CYP11B1,20
HSD3B1,30
CYP17A1,27
AKR1C2,6
CYP21A2,16
HSD3B2,29
HSD17B3,19
AKR1C4,8
HSD17B2,18
STS,20
HSD17B1,15
HPGDS,19
PTGES,12
PTGDS,8
HSD17B8,20
CYP19A1,19
HSD11B1,13
HSD11B2,13
HSD3B7,14
ALAS1,6
NR1D1,10
PPARGC1B,26
NPAS2,8
NRF1,4
SARDH,3
ESRRA,9
PON1,22
BCHE,4
PCSK9,19
GPX2,13
PTGS2,38
APOA4,22
CUBN,4
CYP4A11,23
CYP4A22,19
ALDH3B1,3
ALDH3B2,2
BHMT,5
PRKACA,20
CHDH,16
PRKACB,20
PRKACG,18
CYP4F3,17
CYP4F2,17
PLA2G5,10
PLA2G4E,8
PLA2G4C,16
PLA2G2D,15
PLA2G10,21
PLA2G6,29
PLA2G2A,28
PLA2G4A,30
ALOX15,30
CYP2C8,21
CYP2U1,20
ALOX5,31
CYP2C19,19
ALOX15B,22
CYP2C9,21
CYP2J2,20
PTGS1,36
PLA2G3,23
CYP4F22,2
PLA2G4D,9
PLA2G2F,14
PLA2G1B,23
PLA2G4F,8
LTA4H,6
PLA2G12A,19
LTC4S,7
MAPKAPK2,1
ALOX5AP,5
AMN,2
ANGPTL3,9
ANGPTL4,8
APOA5,27
GPIHBP1,11
FABP4,21
NCOR1,28
ANKRD1,2
YAP1,10
AP2A1,8
CLTA,8
AP2A2,6
OCRL,28
SYNJ1,31
CLTC,14
AP2S1,6
AP2B1,8
AP2M1,10
LDLRAP1,7
PIP5K1A,27
PIP4K2A,26
PIP5K1C,27
SAR1B,7
DBI,16
BMP1,1
VLDLR,16
HDLBP,10
APOC4,17
APOF,15
APOC2,23
APOC1,19
CREB3L3,12
LMF1,5
LIPI,1
NPC2,9
SOAT2,12
LSR,2
P4HB,2
LDLR,5
RELN,4
EP300,40
CYP46A1,12
CARM1,13
ARF1,14
PLEKHA3,3
ARF3,2
OSBP,8
RAB5A,12
PI4KB,34
PRKD3,4
PRKD1,4
PRKD2,4
PLEKHA8,3
CREBBP,29
RORA,9
PPARGC1A,39
CLOCK,9
ARSA,14
SUMF2,2
NEU2,4
NEU3,4
PSAP,7
NEU4,6
NEU1,6
ARSG,4
ARSB,6
SUMF1,12
ARSK,6
ARSD,2
MED14,37
ARSF,1
ARSH,3
ARSI,3
ARSJ,2
ARSL,2
AWAT1,6
ELOVL2,10
ELOVL3,5
ELOVL1,5
AWAT2,1
B3GALNT1,3
HEXB,6
HEXA,6
B4GALNT1,3
GGT1,6
GGT5,6
DMGDH,2
PEMT,24
BMX,1
RUFY1,4
MED1,56
NCOR2,24
NCOA3,20
PIK3CA,28
PTPN13,3
TXNRD1,3
PTEN,40
FYN,12
PTGES2,8
CBR4,3
TEAD3,3
TEAD4,7
TEAD2,5
WWTR1,9
TEAD1,6
CCNC,31
MED31,31
MED28,31
MED17,34
MED10,31
MED4,36
MED15,34
MED26,33
MED20,32
MED9,31
MED13L,32
MED21,34
MED7,31
MED8,33
MED27,31
MED11,33
MED30,34
MED16,34
MED25,32
MED23,32
CDK19,31
MED18,33
MED12,36
CDK8,34
MED13,33
MED24,34
MED29,33
MED22,33
MED19,31
MED6,34
FABP5,8
FABP3,5
CIDEC,8
CDIPT,28
MTMR7,9
CEPT1,33
INPP5F,29
PIK3C2G,36
PIK3R3,34
PIK3R1,36
PIK3C2A,36
PIK3R2,35
MTMR6,12
PIK3C2B,38
MTMR4,18
MTMR14,13
MTMR1,16
MTMR3,16
MTM1,19
MTMR2,19
PISD,23
PIKFYVE,30
PI4K2A,23
PI4K2B,21
CRLS1,13
PGS1,5
PI4KA,27
PIK3C3,30
THRAP3,19
COQ2,16
PLD4,23
PLD3,27
CLPS,6
CYP11A1,21
DHCR24,27
CH25H,22
CHPT1,29
SELENOI,25
LPCAT1,29
PCYT1A,8
PTDSS2,16
LPCAT4,33
PLAAT3,40
PLB1,32
PCYT1B,7
PTDSS1,20
PCYT2,10
CERT1,9
CSNK1G2,4
STAR,23
STARD3,10
CES3,1
CGA,2
LHB,1
PTGIS,11
HSD17B7,29
CYP39A1,7
SOAT1,10
NSDHL,20
CHD9,3
PLA2G2E,11
CIDEA,8
SH3KBP1,8
COQ3,8
COQ9,7
COQ5,7
HAO2,3
COQ7,7
COQ6,9
PDSS2,10
PDSS1,11
CPTP,1
GLTP,2
FGF21,4
MBTPS1,9
MBTPS2,5
TBL1XR1,8
SIN3A,10
HDAC3,12
NCOA6,12
LPGAT1,6
TAZ,2
CSNK2A1,4
CSNK2A2,3
CSNK2B,3
CTSA,3
SULT2A1,7
FDX1,9
FDXR,6
HSD17B12,23
LIPN,2
INSIG1,16
LBR,8
TM7SF2,13
DAB1,9
PIK3CB,29
PIK3CD,23
DDHD1,1
DDHD2,1
DPEP2,1
DPEP3,1
FADS1,12
ELOVL4,7
ELOVL7,3
HACD3,12
FADS2,10
HACD4,12
HACD1,13
HACD2,12
ELOVL5,3
SCD5,11
ENPP6,4
GDPD1,11
TMEM86B,5
GDPD3,11
NFYB,4
TGS1,3
NFYA,5
ESYT1,3
ESYT3,2
ESYT2,2
ETNK1,3
ETNK2,3
FABP7,2
FABP2,4
INSIG2,6
FAM120B,2
OLAH,1
FIG4,14
INPP4A,26
INPP4B,25
VAC14,3
INPPL1,15
PIK3CG,20
GDPD5,1
NFYC,5
GM2A,3
PNPLA7,21
PCSK5,5
TECRL,6
SIN3B,4
TBL1X,6
MTF1,1
HPGD,3
HSD17B14,3
HSD17B13,2
SYNJ2,24
INPP5D,14
INPP5E,20
PIP5K1B,26
PIP4K2C,24
PIP4K2B,22
PIP4P1,26
INPP5J,1
INPP5K,1
SCAP,10
KPNB1,4
RAN,1
LMF2,1
STARD10,1
PLA1A,7
PCSK6,1
MMAA,2
NCEH1,1
MID1IP1,1
PIK3R4,11
TPTE2,1
PON3,2
STARD3NL,6
OSBPL5,4
NUDT19,2
NUDT7,1
RAB14,2
ORMDL1,3
ORMDL2,3
ORMDL3,3
PITPNM1,3
OSBPL10,2
OSBPL1A,2
OSBPL2,2
OSBPL3,2
OSBPL8,1
OSBPL6,2
OSBPL7,1
OSBPL9,2
STARD4,2
STARD5,1
STARD6,1
PIK3R5,13
PIK3R6,10
PLD6,4
PITPNB,1
PITPNM3,1
PITPNM2,2
PLA2R1,4
PNPLA8,4
PLEKHA1,2
PLEKHA2,2
TRIB3,1
SMARCD3,3
PPM1L,2
PPP1CA,5
PPP1CB,4
PPP1CC,4
PTPMT1,1
TBXAS1,2
RAB4A,2
SEC24D,5
SEC23A,5
SEC24C,6
SEC24A,5
SEC24B,6
SGPL1,5
