sampleName,riskScore,Angiogenesis,Antigen processing machinery,CD8 T effector,Cell cycle,Cell cycle regulators,DNA damage repair,DNA replication,EMT_1,EMT_2,EMT_3,Fanconi anemia,FGFR3-related genes,Homologous recombination,Immune checkpoint,Mismatch repair,Nucleotide excision repair,Pan-F-TBRS,WNT target
L001P,0.697306927804493,0.477611981918878,0.680449623330076,0.545797070919602,0.55017896781016,0.601414689786371,0.58451964213009,0.5950402149483,0.636466442483805,0.422237706199029,0.527274970793218,0.522845494466648,0.412789702092763,0.541464345678511,0.383385061670139,0.594459651077603,0.635186885588487,0.610561644875257,0.607853333914022
L001T,0.460850629174283,0.612015315310047,0.706917389491538,0.537438850429474,0.599753394110766,0.649390469231307,0.5912924216375,0.610259002063778,0.643028907764887,0.568185505583458,0.550097966224232,0.532296447840293,0.388723332740908,0.564864982756718,0.407118915504138,0.613702819275204,0.634008929253187,0.704509238934398,0.619812466135751
L003P,6.80125303097418,0.505979405855033,0.674294282720241,0.572158775894551,0.579263485113015,0.61266618067672,0.587720066821746,0.610962849536792,0.613191909119042,0.301027456100066,0.478568840267514,0.53369899735527,-0.238332887705067,0.550398131346348,0.466098475387241,0.618630423246808,0.649495349731265,0.587108291173676,0.623110396735825
L003T,6.63609380606081,0.504595069315079,0.697221512873219,0.441409755066987,0.622496582936323,0.600394039551218,0.617783899921582,0.651993494688515,0.628569008908565,0.355383491012492,0.476713821580722,0.566527740632637,0.0745187947150576,0.587416445417124,0.327029651956984,0.658409645647825,0.661076906688502,0.640474175430323,0.58613266601457
L004P,3.91043837884416,0.534519862456052,0.716900749813774,0.601819146599599,0.573517358995584,0.621163776662102,0.586400515026178,0.600392411102093,0.628565394557009,0.323134816595867,0.514521915605868,0.532510795517996,0.417973530135648,0.547555933678406,0.492326619843423,0.607929852267768,0.638923149623317,0.633167312056818,0.656820113246969
L004T,3.58072576293834,0.563309172857534,0.708576936602017,0.521559188503482,0.636564170645581,0.641658886759649,0.606908805231271,0.640139041661675,0.668833775127123,0.511108002739056,0.515369607970993,0.551297306169322,0.318398352370217,0.585070277100006,0.40987485042042,0.633338657231652,0.64264785936024,0.673981112969542,0.63777167777828
L005P,1.07948309185662,0.548317114599644,0.692483754391355,0.546546818844462,0.595781888496716,0.618271450569392,0.597430823439745,0.629130328167673,0.602108303766836,0.323219957947953,0.487197171149323,0.543210521101653,0.100866671117075,0.56153124497621,0.428924344354362,0.622557143735782,0.650339549430545,0.589104952858279,0.637216423133351
L005T,0.495047726011746,0.548819360970777,0.712686706182633,0.373054419456334,0.587957903048181,0.632163222918576,0.592044841898394,0.608878643816048,0.556338158486995,0.307738152123647,0.491200914881278,0.529081547370267,0.382201615415534,0.555584733906913,0.382997334476869,0.6279325968258,0.645096548376217,0.634267418415138,0.6267955207936
L008P,0.114803373389649,0.52976041466427,0.713218361208847,0.598598157835347,0.581511489641391,0.618671623171011,0.585258127229288,0.594978725398135,0.62497584077359,0.453024265081378,0.487470502582754,0.530257381211431,0.113741730552124,0.538560640097869,0.499693999981892,0.58689758112456,0.627314766130573,0.64025690591913,0.653993557879248
L008T,2.21001449201314,0.506988448832444,0.716919022491416,0.557598449270146,0.60821927932063,0.608247664524399,0.601649767712632,0.621242671556061,0.608395871975195,0.46634158702431,0.446679300173756,0.537196302912004,0.0211992510322407,0.551192208395848,0.436810978255379,0.614139533522538,0.634720756772024,0.634074016202884,0.612241476538203
L010P,0.204354773718701,0.547150432683929,0.700325693969876,0.573070024569262,0.588606838301677,0.638808985303259,0.582167427783804,0.597270184773478,0.634169999851949,0.477743818665308,0.54627089421851,0.522535539427887,0.426002525903068,0.548709484859966,0.446136983288456,0.6002805294846,0.632770355443635,0.653540980535748,0.675776410539935
L010T,1.02254985457425,0.50638394508294,0.710590016811284,0.463825953697811,0.656360851610884,0.657692756057687,0.631166186568497,0.683739539440828,0.543102494909929,0.452587414217122,0.43668667415184,0.597476278660416,0.389985553789099,0.622004271615211,0.428492770298441,0.659085747814281,0.670621754372414,0.621847823349973,0.537451437975119
L012P,2.6662689730495,0.502541533476955,0.728214257169641,0.572888985031354,0.568528730260261,0.606733460329859,0.581183218411822,0.606931172274095,0.598628993965778,0.44868269643229,0.499281088459457,0.52182088090003,0.347077943021975,0.548150633812769,0.481618383637943,0.611681145433206,0.636703748553038,0.648294682816681,0.655989231119658
L012T,25.924193654573,0.541496687591041,0.730361195119541,0.492214128861981,0.604241228007005,0.658685568949256,0.613779145320036,0.643978619022257,0.572735743563397,0.436445195515111,0.410016302749141,0.562088329616185,0.0131555158088185,0.590557328418777,0.405301235115494,0.6375662717259,0.655929534860875,0.644474569847138,0.558686372687825
L014P,0.680043851222365,0.51388904408008,0.675080007236888,0.484942837458827,0.558797925030054,0.594392223604275,0.587535552091682,0.599132408912658,0.572582012407281,0.410319777288952,0.455453016433285,0.518401391418663,0.098608584599698,0.544625092763873,0.41779325481341,0.606724949497787,0.638404443603297,0.624485851944917,0.645003203450967
L014T,2.44998201912804,0.53140704395482,0.701184205792562,0.468577077717431,0.641256086063603,0.663764980851433,0.617482467312931,0.679312276840412,0.5827096572828,0.447151755979149,0.456889866411885,0.568549027691021,0.0751558437604612,0.605337245286669,0.328554279004329,0.675786251791822,0.668297760524161,0.64606445316583,0.611773873318736
L016P,1.5100008558055,0.540785012235636,0.761667112294933,0.413405103668119,0.620093316674552,0.607456181337747,0.604374392233771,0.647367207890464,0.557014582458945,0.453951289522679,0.333995194729363,0.554518692450215,0.0998932642338813,0.579047922100637,0.370679222937468,0.637547377379037,0.642254005396333,0.633779171177373,0.584067958733547
L016T,0.270222999526558,0.53916265427851,0.721358370859221,0.556304531760075,0.558228294268971,0.586015549175523,0.581775436568343,0.601992262106566,0.528578683257593,0.430669143540338,0.352086502153153,0.524550842721863,0.37989375370835,0.546272334654162,0.455806422944508,0.596334490077952,0.628114369069264,0.630175757945032,0.639008194142166
L017P,0.095725797886244,0.622342301397968,0.713578247694502,0.499846598129415,0.592514985720321,0.629866367245361,0.576978383813431,0.594729202293221,0.659483076373354,0.491956898238604,0.551292620974823,0.513704261495535,0.422527761871894,0.54846318540911,0.464833192407497,0.59255561129096,0.623555940235691,0.679797210375611,0.687216457027564
L017T,8.05713393841048,0.451316948771922,0.717407894502979,0.471097776527355,0.67525602343469,0.612722115853168,0.637069474640912,0.719710324449257,0.499027852605994,0.406362231826685,0.484204611548393,0.596672288014722,0.327501454909289,0.640143303932448,0.444493332390153,0.682910844535168,0.669657500685542,0.625377475427627,0.667969422399622
L019P,1.33552046260015,0.543013265385977,0.698195728087875,0.467932390495392,0.604868641096335,0.612096571302744,0.604298473587806,0.629317798417536,0.655254316150436,0.467227656160835,0.512641671996265,0.538943650547058,0.354570141561315,0.575173602304177,0.342736055246045,0.624008300793868,0.641895694021024,0.642802715022633,0.647872232331769
L019T,0.918435411540426,0.546032716571151,0.735241367817486,0.62661561656617,0.587961955930277,0.624273434574888,0.586334879944627,0.61790799520145,0.659744251656116,0.46328991114154,0.532075885208541,0.532175630957384,0.391637797244006,0.549628875188529,0.493699139852252,0.605294089888279,0.629057426849525,0.636625816318754,0.683781351238633
L021P,0.479267685656154,0.561955352849964,0.682468022113594,0.48564050495676,0.560644003185363,0.591298673346658,0.584925123576052,0.590420797821998,0.633470626682502,0.387177709825307,0.523678057924898,0.523820023717462,0.400533583555652,0.53691660970692,0.38380000409197,0.588616733419158,0.629686435579855,0.639686062346595,0.670107571687697
L021T,0.103975978692188,0.615394455235512,0.709259022951649,0.467068845171842,0.634057260977442,0.652257801033908,0.594399713263472,0.643971328757496,0.6362590355479,0.622473531218097,0.611248897672212,0.546387071056191,0.358655569251031,0.57665965146502,0.422544753410402,0.623529371466765,0.626326475944572,0.747891922482342,0.676354008946734
L023P,0.244353661224364,0.542623553459178,0.707739209686751,0.591880510018655,0.578521028792303,0.613753846341955,0.585810231000927,0.606751848970637,0.634264559165279,0.460019002486785,0.518014952973634,0.524002370985605,0.411857545672059,0.545129441475799,0.478864386295534,0.604529513350707,0.629567470331248,0.632114110333898,0.63742367431195
L023T,0.0106828776377925,0.576566645638942,0.709348640522792,0.463187425130293,0.598883169035866,0.631680754286232,0.596319945955097,0.603988118245657,0.591518448295364,0.476965096617758,0.470503030272954,0.524636921888487,0.121591129651371,0.548164167997613,0.355555425580316,0.594494430334645,0.6251566691544,0.663602241308143,0.609252883332077
L024P,0.224256805232521,0.551392590781406,0.718416376290398,0.562701841921819,0.5874075135667,0.616586939832834,0.579503651452702,0.611393565988481,0.627963060047133,0.465360841380272,0.503638253724817,0.515932679598613,0.420942702667538,0.540633448716727,0.476387946396252,0.601414481378562,0.626887390094076,0.638980247331549,0.661217708387132
L024T,0.49600911005716,0.614290039165634,0.685507478856286,0.417726731973807,0.606133633759063,0.610959245249088,0.60183725769182,0.633420595503983,0.5244984249926,0.460744276457207,0.506368396190726,0.533526668419372,0.139146104513861,0.56811176163205,0.363036133180531,0.627207965477007,0.644244684147583,0.65075301865183,0.579574263316203
L025P,0.557591656951241,0.548247896925191,0.688747098970849,0.476198930410035,0.555036698176976,0.603490448338083,0.573115533238315,0.572486478165361,0.58990166388852,0.431167732194834,0.477629790845878,0.494476427838082,0.374273183985617,0.487839705927616,0.430605977035165,0.566619142978745,0.616825439948593,0.616649068647283,0.667677293172414
L025T,2.65479089775159,0.520009310989225,0.711017150566355,0.428407982106778,0.588381885269441,0.628441354602887,0.604344325471447,0.622233532239873,0.488798734054644,0.435104334567875,0.332802382429379,0.552441297695738,0.0867465098956097,0.562884959704617,0.335265941081425,0.631206557748297,0.648317978134175,0.63666112096829,0.606932828809565
L026P,0.166812857031813,0.515540602385121,0.713597845619042,0.54731661056352,0.553432268122877,0.605697452220731,0.582309629880004,0.589963023149093,0.619614303697276,0.425553853590707,0.478436188698446,0.519032831035551,0.385269150255079,0.542695916443954,0.432495126748839,0.597578223431424,0.630730802656029,0.627471950073458,0.638656959331188
L026T,1.22571193103192,0.519586416994932,0.727961933429576,0.471179597309541,0.627241561794299,0.663691320782758,0.621547732926341,0.661790619703225,0.606840032511508,0.362259524948658,0.404470692608043,0.567142391463949,0.0975688160528562,0.590113794674918,0.409149126138116,0.660132355720777,0.662977622219988,0.62743250777032,0.591889654783261
L028P,1.00149525319794,0.499578457249762,0.688753702607479,0.532485951837746,0.566711764756581,0.609446565661446,0.584670094892681,0.597455360304594,0.617800938021774,0.423780220204957,0.4850857042895,0.518169563350706,0.371347920515753,0.545203688545699,0.443319126591594,0.596925752598504,0.634377484910935,0.610601885258395,0.628443657258271
L028T,0.00928788738923052,0.486006831035518,0.700854387937002,0.556857748952168,0.633538090619158,0.659212561770595,0.624457194579989,0.661716029127849,0.543212870630842,0.457959187678294,0.428873840434122,0.564768539044532,0.346298935467104,0.610173143875879,0.446775865805549,0.642235941164313,0.660596030515859,0.630510258365252,0.616833882171524
L030P,5.11656684139722,0.460210777909058,0.702440604291363,0.492002913600868,0.567057982895719,0.612765854632782,0.596277213651292,0.60407176741082,0.588531605155412,0.382340711394987,0.431918728080429,0.532679377307113,0.129667565710446,0.542922482677051,0.399143546962154,0.617798353925236,0.646034993510365,0.580767509858889,0.653730500715037
L030T,0.705588578508007,0.537140698400321,0.716516711467102,0.592973148805864,0.628888223726428,0.630249615837829,0.614530822653922,0.652281100733752,0.502640388593544,0.207480470539467,0.321409803129468,0.560788349875122,0.127719214331349,0.588456012612747,0.430710219458464,0.637239268320561,0.648026796639638,0.629665083249925,0.588320192494362
L032P,1.81953082009949,0.55650924444708,0.683706035212496,0.450826547700503,0.557540765609198,0.604793441224462,0.561160738098003,0.574240104091409,0.534932783100609,0.39008367912236,0.362533624370602,0.506951561423087,0.147168739875876,0.520378467969122,0.478542798159735,0.561048861450075,0.610690671366992,0.623774847603425,0.634225337640466
L032T,0.717723894424502,0.46876614253535,0.696246949991072,0.371714458399253,0.64453191902949,0.677190111112335,0.61144378673068,0.641109774918796,0.579506958658692,0.365519765837762,0.442776970525121,0.544404827567822,0.188969995083154,0.56577294818582,0.109950498778493,0.623018290876599,0.630117997491803,0.617053074063076,0.607045815363051
L033P,3.25633315410564,0.5954468465125,0.660170199142609,0.340891754251213,0.535786070757606,0.551970666557106,0.570624146100477,0.583883013851496,0.614257074322505,0.437826107238164,0.514155995559452,0.494758714542722,-0.183410079460683,0.472365355699053,0.307422000992664,0.561956270123632,0.616713869557417,0.611210428878439,0.659684692881677
L033T,0.986902134201355,0.188524527236017,0.655591942122697,0.0592897230368411,0.647708722853043,0.662912406459633,0.609523145641819,0.649259246020142,0.516820351270882,0.0533740935412692,0.295929221899565,0.55579979674436,0.163448899110042,0.583230271353873,0.00845935434556058,0.63210694141512,0.634276742137807,0.602835050771477,0.532583689190613
L035P,0.178142065299179,0.548005606965244,0.692540528009396,0.51538935718939,0.573840472850274,0.599759665999786,0.579420268147397,0.595465171910292,0.652851474872656,0.290694876608253,0.527602837549122,0.505931075512808,0.52431363463182,0.529250289780137,0.460046670786043,0.574474805175206,0.616554680362905,0.619755997186749,0.62675142013333
L035T,1.07198620536999,0.563685411731863,0.732213779667419,0.556799577250564,0.618795224577639,0.643364953424987,0.603550137423362,0.637275628319048,0.665379529452392,0.591919134484584,0.576721271325789,0.531410712057948,0.484070974404349,0.574652745909424,0.46161803148146,0.609723413159569,0.633046484125944,0.670310069032887,0.668516729952069
L037P,3.60443296115027,0.530065975226606,0.697827715617021,0.540855606222277,0.543296148135135,0.618727242388027,0.579798159766669,0.593101680400679,0.617845073590052,0.441305252304084,0.490684991233799,0.506955619722849,-0.184627899053821,0.519747691662254,0.441446256820027,0.56683334420436,0.616391491133143,0.605286703404191,0.629067088338267
L037T,1.20042819544732,0.634113762925069,0.722849820010978,0.585802548523587,0.597521976218463,0.656643825098364,0.575329611294605,0.588565391717823,0.665422922933192,0.537548451263044,0.517295415551522,0.508996191882349,0.428238228269291,0.548168186016864,0.42406100629193,0.566445432512206,0.603490446101332,0.678088778151858,0.586428892117681
L038P,1.54046726629614,0.544114943192141,0.699056413338778,0.505331294712793,0.564504829429366,0.611493450656406,0.587062713068947,0.615372876827239,0.62618877040664,0.326376927138351,0.489553629833823,0.52548976833453,0.369945084612461,0.555736406559794,0.422968004703114,0.610812113147266,0.638742273644386,0.607239120173354,0.632146079116806
L038T,4.73282135138408,0.539460733657368,0.733547578466247,0.47274166654054,0.614151935473455,0.623389265441455,0.608606237641977,0.632877564456263,0.500560622111679,0.321857133479082,0.302513447835477,0.554101427229526,0.0468376069554681,0.583117504127589,0.389103369832075,0.634804316437165,0.653780326711628,0.634063255183079,0.567287637837416
L039P,1.72257688150175,0.503647976472682,0.71977254015458,0.598443174556686,0.556819563396186,0.608733240519444,0.583503904521152,0.602848573867889,0.621276917087945,0.456290633010284,0.498786777485955,0.526542632809837,0.363913895607717,0.548682954773402,0.481804145921918,0.594627039806363,0.63272899011111,0.645151365247072,0.635241147348685
L039T,0.0203840572606854,0.57730651340268,0.708997534982185,0.510218001610799,0.590326622199523,0.629164181377787,0.5995296388216,0.617458904667577,0.635391244904256,0.488305977535075,0.513531501356853,0.531765078594484,0.412186215368484,0.567575097284631,0.421362829868203,0.617477178805034,0.63920385734143,0.666358947908601,0.611251441271955
L040P,0.914551657373048,0.454515850518562,0.711470840414481,0.449626247955349,0.547782402498064,0.574922789272018,0.582280871099225,0.591337661567481,0.587206811114254,0.27953562111862,0.433806843212414,0.513343293846897,0.369028439936806,0.540870981948781,0.389470726077363,0.587578606556308,0.633212038257207,0.604086517936298,0.648080827735526
L040T,0.0969134006081775,0.596327700330904,0.751781189362582,0.573536264042574,0.603609712374267,0.630724697473891,0.593846155608232,0.616635574059796,0.595967583103768,0.34456744008872,0.52213720018329,0.530260450962851,0.0694312023147088,0.5661643355074,0.484262293945732,0.609088232946452,0.635381071326488,0.668519532654908,0.632285204253614
L041P,0.891682643269241,0.497151057341236,0.699453124969699,0.546386720670008,0.565444438532909,0.591897333694901,0.592313779473323,0.602073185078427,0.591458404229379,0.374692623623982,0.443827005273511,0.523225297606175,0.1081703435429,0.551259798619361,0.471964851158202,0.599746797844807,0.636007680574463,0.605324980420429,0.658415787082847
L041T,0.0687467467087825,0.482282076047662,0.715220828066699,0.584406424660722,0.603385695246138,0.626967607807887,0.598070981425849,0.617133236398743,0.662807368165045,0.471301064689675,0.482419654475323,0.533302905827502,0.119991292460404,0.570045340855773,0.479947184191056,0.619514588870294,0.636192098767865,0.655513622049874,0.62248031464106
L042P,4.20082417953401,0.473078922056321,0.69154819180023,0.489809765496806,0.538347194654024,0.593999292893575,0.582756938394772,0.596844086616267,0.601465863329944,0.277915856800959,0.47628240964528,0.516470739283049,0.340503615575212,0.549556316821597,0.395340792799581,0.596914018542367,0.636900462777657,0.618787218223777,0.637538134078886
L042T,101.372292238197,0.377478454601259,0.620462185798793,0.294670158587356,0.658427122866709,0.693624494317247,0.639895191757395,0.69765220883707,0.525686524342859,0.302507991882682,0.375986219118488,0.586397312000593,0.0704912066067323,0.6178223921552,0.378349251355219,0.677736495435019,0.67193111390449,0.551472225607362,0.548722861833406
L044P,2.92298698082214,0.558149738771029,0.69925579443976,0.453886216488527,0.558661733482437,0.591625485416458,0.587190870644976,0.604072740897348,0.612944166011042,0.413650231199899,0.490883270002681,0.521882695578238,0.363253315668857,0.548852870595812,0.414707238441485,0.605076030017191,0.639566751515092,0.602474737676238,0.653093992014622
L044T,3.87674363133199,0.613945062878113,0.70919365303369,0.527682905445429,0.598497244758394,0.648241178709262,0.592166836330832,0.613054163185666,0.620946188814598,0.516892671446265,0.520035559406653,0.529827240780016,0.123017024895043,0.564449276699335,0.453218789359398,0.607916123434351,0.629910170043728,0.669256622509607,0.644707628531942
L045P,1.64408155801495,0.511285846244721,0.691796825392819,0.462919316374336,0.560627761604763,0.586506329282734,0.58940312251279,0.594035143657518,0.586518697594769,0.27331195340685,0.4689822204153,0.513102119459341,0.366326645315394,0.543854746782005,0.400838336149506,0.603704127551041,0.636651997613587,0.602823113283005,0.630598777280124
L045T,0.225266637340794,0.506368191976983,0.692810894731961,0.492442831995956,0.594253952889288,0.592765274477411,0.605879976212455,0.630379011900614,0.615588612556446,0.473897555627699,0.484208300272216,0.541579107002246,0.1271360770012,0.571238213457032,0.4086238959669,0.635485954182516,0.642067055597063,0.637974397112444,0.562787509912956
L046P,4.11811079946312,0.576765867073179,0.729811391009121,0.593236827503758,0.55662709749807,0.620602618356999,0.576459928390114,0.602709063992032,0.636678764066809,0.399641835474496,0.498635002557094,0.515007735037491,0.334546775256896,0.539104294430195,0.436918289275829,0.584798064046619,0.625297744563822,0.62654298894737,0.594730912355228
L046T,0.593313830939323,0.538309267491397,0.711146013068131,0.484388693962697,0.64116276277933,0.644478483672657,0.61322015238359,0.657728570165912,0.678430361572152,0.440543288891864,0.526037086399876,0.56150211439933,0.307581404778648,0.588498957328784,0.352744017784419,0.65362108038059,0.651623060077687,0.65676674046882,0.645176229953513
L047P,1.38678596954205,0.480114923992003,0.684036504981088,0.410423163116481,0.545060627940461,0.594031195803152,0.589968105084694,0.592363495878907,0.586130129132278,0.395016024231665,0.441123282615058,0.518059410057833,0.394788324773073,0.54501431075204,0.40555530376151,0.595508786731054,0.63750028184275,0.616965548287892,0.618952736119864
L047T,9.63875825824098,0.416610603748695,0.723379478447159,0.53651703764582,0.647049853898846,0.642134619011266,0.633837006864888,0.681862450336917,0.443006071484141,0.279966010172627,0.315822724298513,0.588381736000717,0.119557014851193,0.617957080277769,0.456066219102647,0.666696485067077,0.676548513340785,0.606881932743353,0.554073792948931
L048P,4.27563775589643,0.512835986642247,0.699350817032855,0.513664069006587,0.55388495338152,0.597190735741832,0.585928589165622,0.607223427950424,0.604971628845367,0.399808621193528,0.458020701588722,0.526179728886212,0.368059720176286,0.545569274918022,0.423737016022471,0.598297159591015,0.639270839934306,0.606143159622245,0.626513780177696
L048T,0.367193345000259,0.516306848899656,0.752108810854496,0.564558526374555,0.595603499337584,0.647895348654527,0.606550296525302,0.631667969881411,0.607548178586998,0.45668991926127,0.477837336362006,0.544921678026835,0.108754648942364,0.583351773640356,0.469828141923959,0.633331510498539,0.648192541132134,0.641717565920869,0.603974265675514
L052P,4.64763464859568,0.501752275855785,0.709108966719244,0.538114472301721,0.547072091852182,0.591020602263119,0.583501671732795,0.601668829048686,0.608923363095643,0.41763020627777,0.477229158647498,0.520817308771925,0.394976605290497,0.552119624382067,0.435620987697437,0.588977057009581,0.632303057521101,0.580870512530391,0.604961498748451
L052T,0.0129410927750159,0.375302968264365,0.721801330518828,0.599016107492528,0.675690704149668,0.68220072648441,0.646106414945511,0.708946865629582,0.684480765508751,0.507196500267594,0.494457532571086,0.607468889149655,0.370908488715545,0.663394205805247,0.494472817045374,0.692176728610512,0.668234447859991,0.581079210745799,0.633728188095871
L056P,4.00730107412207,0.565186988064865,0.704119713788188,0.62105054981576,0.561938538474238,0.593360617677198,0.58836533961178,0.605851630764848,0.626941823605275,0.279853092784727,0.494706213148497,0.534557555242879,0.39205024206273,0.550937401602149,0.429277335261474,0.607340465778767,0.640141791806289,0.609936962243525,0.589471452732714
L056T,0.655808870242118,0.515881820972322,0.714144100582297,0.575688195164316,0.615294048244473,0.642421359256028,0.611086099813547,0.650780397473489,0.662300307740625,0.428987508199324,0.527726260890024,0.549444702031537,0.418649163305912,0.587412735036953,0.436862377946272,0.634192992010725,0.660453357835701,0.657946379079092,0.650023218730697
L076P,19.9040796103697,0.489494456257838,0.706035330186993,0.590135388065718,0.577387009297125,0.621632405046591,0.58920554993757,0.607668072785432,0.621055843142592,0.452121259450562,0.485544930562659,0.525507282332103,0.34468853746871,0.555029762997606,0.452061233330232,0.617339202417754,0.651778092546412,0.614689780121426,0.636590340536986
L076T,19.1165100295972,0.480801189769267,0.732883662281787,0.541759780280581,0.598048447070144,0.620535606185078,0.603042353762122,0.64109402383417,0.532756931017015,0.283060898048968,0.419963388359738,0.549049508124148,0.104644208129465,0.566281243068022,0.422962920781488,0.635061405652907,0.662822623809604,0.584826735027153,0.567682982370811
