,amino_acid,lipid,nucleotide,StromalScore,ImmuneScore,ESTIMATEScore,TumourPurity
TCGA.FV.A3I0.01A.11R.A22L.07,0.213580142980253,0.146115654652338,0.0152487081413266,-751.08441422592,-86.5687104089495,-837.653124634869,0.886055943748406
TCGA.BD.A3ER.01A.11R.A213.07,0.760029863769492,0.765005747271639,0.688364811029754,-124.011396538428,123.066538985642,-0.944857552786246,0.822588251285108
TCGA.CC.5261.01A.01R.A131.07,0.36172031222675,0.523110310599848,0.0219593713482809,-87.9404203796524,599.199685980172,511.259265600519,0.777551256722689
TCGA.DD.AAVZ.01A.11R.A41C.07,0.806481840989424,0.765888955214746,0.552156735855786,-992.151226718851,-423.311824221193,-1415.46305094004,0.922142474778075
TCGA.DD.AADN.01A.11R.A41C.07,0.755395634873815,0.452055281745445,0.796030069300018,-928.813209594072,1369.00793601126,440.194726417187,0.784068333302392
TCGA.DD.A1EB.01A.11R.A131.07,0.667122233586848,0.823660522835723,0.656883512068794,-784.692624545205,-446.591740051197,-1231.2843645964,0.911348153626766
TCGA.LG.A9QD.01A.11R.A38B.07,0.828170389391778,0.827793503788075,0.708408849250855,-945.227928665853,-64.2128409539784,-1009.44076961983,0.89746280436913
TCGA.G3.A25T.01A.11R.A16W.07,0.37681688334826,0.395584289882586,0.437364708775651,-673.523648568308,-138.972448482819,-812.496097051127,0.884338022885897
TCGA.XR.A8TE.01A.11R.A36F.07,0.571151965474865,0.601119225579217,0.154554501204644,-680.635959085929,-449.987324784691,-1130.62328387062,0.905166601046091
TCGA.DD.AACA.01A.11R.A41C.07,0.689748224255299,0.674953273684408,0.355390907765625,-1228.32233512035,-680.610137510119,-1908.93247263047,0.947721570966318
TCGA.FV.A4ZQ.01A.11R.A266.07,0.680681752479011,0.61911200551338,0.702111514241095,-878.248882220493,1167.64243592406,289.393553703564,0.797614289668498
TCGA.DD.AAD5.01A.11R.A41C.07,0.470101542625417,0.394846309198145,0.707601653467611,-964.425452719182,388.256374108317,-576.169078610865,0.867614259833432
TCGA.K7.A5RF.01A.11R.A28V.07,0.873062410243306,0.82497877954797,0.471121071065293,150.497626285103,717.880639075659,868.378265360762,0.74353495468181
TCGA.DD.AADA.01A.11R.A41C.07,0.636543915038989,0.515512818397972,0.0712887305696226,-507.908072663973,357.133578829623,-150.77449383435,0.834894494285854
TCGA.MI.A75I.01A.11R.A32O.07,0.66983903022264,0.745901141349321,0.592218747527284,-1232.79317737165,-265.432479281872,-1498.22565665353,0.926773998779666
TCGA.DD.AAD0.01A.11R.A41C.07,0.678126190976649,0.736249868607989,0.590936442032214,-1373.98061166111,-876.147572896431,-2250.12818455754,0.962508114157943
TCGA.DD.AACN.01A.11R.A41C.07,0.65576264319229,0.52507156492353,0.287123646759004,-491.189025749606,-217.906916878876,-709.095942628482,0.877150654903366
TCGA.DD.AAW0.01A.11R.A41C.07,0.78157713751154,0.789377995070955,0.420844916936987,-272.373743684059,518.721420916833,246.347677232775,0.801409539559955
TCGA.BC.A10R.01A.11R.A131.07,0.725829026747862,0.648479614586925,0.343357943182454,-304.702411229714,-334.609970752845,-639.312381982559,0.872185677065499
TCGA.DD.AAD3.01A.11R.A41C.07,0.72778778709885,0.767644398345235,0.310387836681033,-175.697297142124,113.18000830798,-62.5172888341441,0.827693996825324
TCGA.2Y.A9GZ.01A.11R.A39D.07,0.851966899878499,0.816023996994647,0.598381644303516,-1103.26181192877,-799.991220045651,-1903.25303197442,0.947455216930811
TCGA.DD.A11B.01A.11R.A131.07,0.766990385762371,0.84551522199733,0.59826202048516,-977.765787093341,-691.610549498383,-1669.37633659172,0.935917211618245
TCGA.DD.AAVU.01A.11R.A41C.07,0.853597909416989,0.652017536659953,0.756394156066242,-1240.03160353403,-489.428657031727,-1729.46026056575,0.938987219264466
TCGA.XR.A8TG.01A.11R.A36F.07,0.689495109969391,0.705787766547616,0.578207896787741,-777.752602543593,-208.546963011477,-986.299565555071,0.895959307890698
TCGA.DD.AADJ.01A.11R.A41C.07,0.860288798265948,0.777302004921395,0.79211769370266,-980.5211019264,-107.446183865624,-1087.96728579202,0.902487420761702
TCGA.G3.A5SJ.01A.11R.A27V.07,0.523005225914977,0.470580936127472,0.69176222975748,-729.521115636664,651.029395278299,-78.491720358365,0.82900760864759
TCGA.ED.A66Y.01A.11R.A311.07,0.400609604395484,0.525946760461023,0.525901152514275,-1285.91977510936,-1195.30218799916,-2481.22196310852,0.971154035970062
TCGA.BC.A112.01A.11R.A131.07,0.367699967105215,0.41065442495743,0.276892766435654,-430.032859754497,132.796584697105,-297.236275057392,0.846533849741442
TCGA.FV.A3I1.01A.11R.A22L.07,0.653260195068108,0.816825967503113,0.69709449855367,-571.641441953786,370.655644281798,-200.985797671989,0.838928542835428
TCGA.DD.A4NV.01A.11R.A311.07,0.773757109524738,0.843218756805874,0.494204707385143,-447.270430358687,-254.936637860589,-702.207068219276,0.876664609529757
TCGA.T1.A6J8.01A.11R.A32O.07,0.738083072329799,0.778212712794931,0.581337628980496,-692.946807876931,-265.11317074075,-958.059978617681,0.894110562909792
TCGA.UB.A7MD.01A.12R.A352.07,0.769324626033511,0.616248109125631,0.506878832649514,-387.392463998182,333.508958141724,-53.8835058564575,0.826982127299109
TCGA.DD.AACT.01A.11R.A41C.07,0.679159057355784,0.724516203235329,0.480801252120125,-512.145853870843,350.516966242743,-161.628887628101,0.835770401961276
TCGA.DD.AADS.01A.11R.A41C.07,0.906677240481534,0.573510326219711,0.812622646364746,-611.057354626564,624.301960003402,13.2446053768374,0.821402082112612
TCGA.ED.A7PX.01A.51R.A352.07,0.273773086106637,0.346563186237964,0.511139234961396,-252.150442456715,-114.373182701495,-366.52362515821,0.851904128010098
TCGA.FV.A23B.01A.11R.A16W.07,0.612356497274675,0.617909018184057,0.510704997654131,-812.881162985809,-123.6088567466,-936.490019732409,0.892688103800905
TCGA.DD.A4NF.01A.11R.A27V.07,0.722851683347142,0.742633963107275,0.396075813524143,-926.248394980746,-821.642396774027,-1747.89079175477,0.939914305619152
TCGA.DD.AACO.01A.11R.A41C.07,0.801400738059951,0.696298469234872,0.745599572902311,-685.652566330745,366.102882534147,-319.549683796598,0.848272888727019
TCGA.G3.A7M7.01A.12R.A352.07,0.958511826750761,0.776598937657752,0.763834400440035,-985.343232768294,-645.5662459653,-1630.90947873359,0.933913495836828
TCGA.CC.5262.01A.01R.A131.07,0.755023645254578,0.707668512120718,0.750152197767393,-49.1322181879246,613.190296977259,564.058078789334,0.772654442364178
TCGA.G3.A7M8.01A.11R.A33R.07,0.873076169689281,0.732163620682608,0.869584000595772,-417.084514631825,-200.11199289214,-617.196507523965,0.870593048944034
TCGA.DD.AAEH.01A.11R.A41C.07,0.923264857944417,0.73918082370072,0.68352679892485,-423.369675368505,841.854471095006,418.484795726502,0.786042293086697
TCGA.BC.4073.01B.02R.A131.07,0.459306475095258,0.615874030791627,0.64851582988509,-196.154538105522,1413.4640933718,1217.30955526628,0.708324809856993
TCGA.G3.AAV4.01A.11R.A38B.07,0.593884894069586,0.666700445669826,0.540724909880444,-989.753908980917,-627.808605444859,-1617.56251442578,0.933211299071565
TCGA.DD.AACQ.01A.11R.A41C.07,0.696615378131206,0.772384394386014,0.522144261068937,-1508.75399623056,-848.534227501244,-2357.2882237318,0.966655632291422
TCGA.DD.A1ED.01A.11R.A155.07,0.814089703523572,0.729596079307876,0.399106271178022,-316.144561075457,563.426685718633,247.282124643176,0.801327490817758
TCGA.EP.A2KB.01A.11R.A180.07,0.660738142489677,0.66227246877513,0.468163218385928,-1271.88032241096,-563.146704958058,-1835.02702736902,0.944204143669117
TCGA.BD.A2L6.01A.11R.A213.07,0.721976330951562,0.712709366846666,0.794861205975827,-793.493607933952,-164.33059606534,-957.824203999293,0.894095062871406
TCGA.G3.A5SI.01A.31R.A27V.07,0.678902596254884,0.606732075042014,0.778159586148069,-1179.13937714015,-872.034257962046,-2051.1736351022,0.954177085202608
TCGA.G3.AAV2.01A.11R.A37K.07,0.720276789731429,0.680072634592523,0.182280175599264,-929.210033708411,-416.978564571066,-1346.18859827948,0.918161106621469
TCGA.GJ.A6C0.01A.12R.A311.07,0.647123749015435,0.683199469842214,0.683580713266769,-618.085057731944,594.691738434949,-23.3933192969952,0.824457541269156
TCGA.DD.A73D.01A.12R.A32O.07,0.755401472130324,0.749066815510016,0.674478107126011,-1553.94558679535,-1089.49560909993,-2643.44119589528,0.976556206651894
TCGA.ED.A7XO.01A.11R.A352.07,0.90306930224553,0.66970708138042,0.736450575787313,-460.478888955743,193.784791214125,-266.694097741618,0.844138766649639
TCGA.G3.A5SK.01A.11R.A27V.07,0.766612192057903,0.812548025442579,0.525141517034767,-533.243869111601,312.489683488884,-220.754185622717,0.840504272536631
TCGA.ED.A8O5.01A.11R.A36F.07,0.609851375565949,0.577499322427876,0,-791.354551079928,-765.384199937297,-1556.73875101722,0.929965986103262
TCGA.2Y.A9GT.01A.11R.A38B.07,0.764993901502011,0.80124260903684,0.689018769284503,-304.608957789435,890.635909018358,586.026951228923,0.77060325431449
TCGA.DD.AAW1.01A.11R.A41C.07,0.693319266643089,0.743964967581456,0.426852137470432,-1164.51949132619,-573.397301501904,-1737.91679282809,0.939413450551345
TCGA.CC.A3MB.01A.11R.A213.07,0.693030959551379,0.767689427804584,0.839298897633617,-1094.40106206298,-465.61335182564,-1560.01441388862,0.930142653359987
TCGA.ZP.A9CZ.01A.11R.A38B.07,0.780372145127266,0.715479269527404,0.79772574160422,-401.491009317403,560.755494922646,159.264485605244,0.808989455688736
TCGA.G3.A7M6.01A.11R.A33R.07,0.436001192614845,0.420263348472877,0.133703286465863,-789.926895981147,-209.520640699146,-999.447536680293,0.896814808017325
TCGA.G3.A3CG.01A.11R.A213.07,0.744417600673855,0.76110481784351,0.42908921959475,-635.960232522631,-81.7760511479412,-717.736283670572,0.877759007192046
TCGA.ES.A2HS.01A.11R.A180.07,0.863901817959803,0.716387028242455,0.705459311499134,-615.467041179111,-477.135416639803,-1092.60245781891,0.902780266626885
TCGA.UB.A7MA.01A.11R.A33R.07,0.424057122832246,0.377581756339018,0.312191979837509,-863.961107983191,-362.297903935622,-1226.25901191881,0.911044256546249
TCGA.KR.A7K2.01A.12R.A33R.07,0.768653531068328,0.595094075341978,0.474165270976489,-538.597697333311,8.50715101689388,-530.090546316417,0.864231224835167
TCGA.DD.AACP.01A.11R.A41C.07,0.712334694832583,0.549324532427987,0.734342207993101,-1500.06378568832,-797.488319103467,-2297.55210479178,0.964373045388654
TCGA.2Y.A9HA.01A.11R.A39D.07,0.785849094646782,0.734842196081687,0.342124503213979,-1127.47692147421,-472.63625087998,-1600.11317235419,0.932287869940947
TCGA.WJ.A86L.01A.12R.A39D.07,0.46223444427722,0.777435498427647,0.264765497905445,-1324.71324743292,-500.158756576995,-1824.87200400992,0.943712136579318
TCGA.RC.A6M3.01A.11R.A32O.07,0.674339062547008,0.294541273951118,0.735423809404838,-1397.0151946751,-174.69984952626,-1571.71504420136,0.93077195052691
TCGA.DD.A39X.01A.11R.A213.07,0.815425090637368,0.671563944044642,0.90300568538056,-619.622395704031,17.8534761277315,-601.768919576299,0.869476630172532
TCGA.DD.AADL.01A.11R.A41C.07,0.740078669412077,0.812924483488114,0.736870402894902,-1219.58800391317,-766.492312316598,-1986.08031622977,0.951274326680295
TCGA.2Y.A9GU.01A.11R.A38B.07,0.806753141474246,0.711325941820164,0.442788014190718,-1090.30614359787,-708.43044732807,-1798.73659092594,0.942436245172753
TCGA.WQ.AB4B.01A.11R.A41C.07,0.838666178277379,0.764642345507386,0.762556299439337,-577.03163640911,69.4126196754146,-507.619016733695,0.862567037856347
TCGA.DD.AAE9.01A.11R.A41C.07,0.678718327465683,0.714808236611551,0.522349763098337,-1383.65071200373,-488.748580660216,-1872.39929266395,0.945996739537453
TCGA.2Y.A9H1.01A.11R.A38B.07,0.860091271904524,0.639489692637744,0.735709744922207,-854.994108813495,414.11618899926,-440.877919814235,0.857569094054549
TCGA.DD.AADK.01A.11R.A41C.07,0.729027877984811,0.712731989334074,0.826264167839574,-329.195589245322,233.494282638686,-95.7013066066363,0.830417689206888
TCGA.BC.A10U.01A.11R.A131.07,0.704240507642127,0.683968791131881,0.379229933631039,-1328.66557161804,-323.312288589353,-1651.97786020739,0.935014627508915
TCGA.DD.AAE1.01A.11R.A41C.07,0.649528190984812,0.657422499300276,0.458067149333009,-1233.70480298714,-278.777160557344,-1512.48196354448,0.927558012862715
TCGA.FV.A4ZP.01A.12R.A266.07,0.523700721033821,0.374158154214753,0.851229624044755,-720.447798399136,631.868992075446,-88.5788063236895,0.829834743965568
TCGA.DD.AAVP.01A.11R.A41C.07,0.775206692137986,0.701604943765423,0.421749506733666,-747.289079492562,-409.687998066459,-1156.97707755902,0.90680412778605
TCGA.DD.A4NP.01A.11R.A28V.07,0.777422700827437,0.818945623444881,0.611221663755209,-792.051681629256,-267.863589980652,-1059.91527160991,0.900706210130898
TCGA.DD.A11C.01A.11R.A131.07,0.701250914459752,0.668540510538466,0.519723770032252,-321.920259779598,-73.5289346251204,-395.449194404718,0.854120030567927
TCGA.CC.A9FW.01A.11R.A37K.07,0.694180176342233,0.672766406311311,0.444999693657544,-1359.71131178271,-388.439460565878,-1748.15077234859,0.939927333886698
TCGA.MI.A75E.01A.11R.A32O.07,0.870903910201698,0.763156392878458,0.751372459771509,-364.698333961112,328.962285067428,-35.7360488936839,0.825481511085051
TCGA.WX.AA46.01A.11R.A39D.07,0.889700825240354,0.817259056984625,0.500355667906845,-552.623697589095,-106.912252491886,-659.535950080981,0.873633989426112
TCGA.G3.A25X.01A.11R.A16W.07,0.502156397831977,0.299619378625059,0.476814542089476,-216.23774436051,996.73525682685,780.497512466339,0.752098960358885
TCGA.DD.AAW2.01A.11R.A41C.07,0.782820036578581,0.677315282821154,0.453086034232341,-970.754079881905,-707.035743604065,-1677.78982348597,0.936351490344075
TCGA.DD.AAD2.01A.11R.A41C.07,0.822905481229216,0.751452209606014,0.869358853430079,82.6820889514305,445.728034039384,528.410122990814,0.775965711568214
TCGA.5C.A9VG.01A.11R.A37K.07,0.800608505739008,0.501510686810996,0.40717832304435,-720.272902953587,-804.546566940063,-1524.81946989365,0.928233225478138
TCGA.BC.A3KF.01A.11R.A213.07,0.790081908671768,0.841705602200012,0.558554229483208,-988.995430283997,-527.25357882247,-1516.24900910647,0.927764500160781
TCGA.G3.A7M9.01A.23R.A352.07,0.49952528196067,0.348998879062765,0.667474411909029,-1219.13179344301,-676.989326416748,-1896.12111985976,0.947119812368446
TCGA.2Y.A9H7.01A.11R.A39D.07,0.691369245440967,0.645103460074147,0.676073408911976,-1200.96680115203,-325.263657888954,-1526.23045904099,0.92831025277608
TCGA.DD.AAVW.01A.11R.A41C.07,0.649603067626142,0.667782534972904,0.433779217429669,-7.78420415652827,330.942839092155,323.158634935626,0.794615010985793
TCGA.DD.A4NB.01A.12R.A266.07,0.770759392642817,0.627054441072265,0.412925424267501,787.152563202039,358.918018784208,1146.07058198625,0.715667443489007
TCGA.PD.A5DF.01A.11R.A27V.07,0.599696321450614,0.720523480572475,0.582828970394686,-103.716660453059,443.800547867351,340.083887414293,0.793104228389598
TCGA.DD.A1EF.01A.11R.A131.07,0.517635220169694,0.612486934393126,0.292309657391444,-918.528416989664,-81.4115246188995,-999.939941608563,0.89684678249537
TCGA.MI.A75G.01A.11R.A32O.07,0.89352776562228,0.803861727770524,0.718651810031366,-1257.12513194306,-708.769034470961,-1965.89416641402,0.950356494685853
TCGA.DD.AADW.01A.11R.A39D.07,0.472558039630041,0.545424559194523,0.380728265765245,-636.277519591688,-648.610551745506,-1284.88807133719,0.914558829748072
TCGA.XR.A8TF.01A.11R.A36F.07,0.821480558702528,0.605697901587634,0.516170115971463,-1241.66029852085,-709.1193498624,-1950.77964838325,0.949663798424059
TCGA.CC.A5UE.01A.11R.A28V.07,0.647279935863749,0.581011276687837,0.847215991668944,-1433.7868200042,-435.632549140498,-1869.4193691447,0.9458548484962
TCGA.DD.A1EL.01A.11R.A155.07,0.699758700978493,0.577482200153017,0.771520090351041,-1440.65042699219,-256.279031421949,-1696.92945841414,0.937334099500309
TCGA.5R.AA1C.01A.11R.A41C.07,0.703285655929811,0.679439718654306,0.631692808330055,-1000.07768416392,-208.393463033564,-1208.47114719749,0.909964592988872
TCGA.DD.AAD8.01A.11R.A41C.07,0.766778816857272,0.707566129600722,0.677315527181508,-1163.18214050681,-312.50494017024,-1475.68708067705,0.925526229155971
TCGA.MR.A520.01A.11R.A266.07,0.810699615500752,0.935205399490934,0.829907155308494,-950.397138305424,-373.99007236332,-1324.38721066874,0.916888468456571
TCGA.G3.AAV5.01A.11R.A37K.07,0.76864736457707,0.63888545054865,0.835037111427298,-1277.76751356228,-530.220184410423,-1807.9876979727,0.942889457146557
TCGA.EP.A3JL.01A.11R.A213.07,0.788530061977271,0.674427170312172,0.823327651929682,-155.44313561671,751.871219411279,596.428083794569,0.769629325668572
TCGA.DD.AADF.01A.11R.A41C.07,0.818219793574253,0.693028639651343,0.906819949890324,-1270.96802766863,-239.799065424577,-1510.76709309321,0.927463919797732
TCGA.XR.A8TC.01A.11R.A36F.07,0.745192193107496,0.709289850873364,0.521641538981482,-970.577712860894,-594.109386572107,-1564.687099433,0.930394294453201
TCGA.ZP.A9D2.01A.11R.A38B.07,0.446560267132809,0.437845368620252,0.339977551402905,-623.236491560123,-78.3703279338748,-701.606819493998,0.876622216443629
TCGA.ZP.A9CY.01A.11R.A38B.07,0.767122366157922,0.854699856802242,0.638542529931884,-279.697051969288,139.008096612931,-140.688955356357,0.834078730631396
TCGA.ZS.A9CD.01A.11R.A37K.07,0.807168694371479,0.718628036235877,0.688772816428833,-484.00790993983,164.981194038819,-319.02671590101,0.84823223427539
TCGA.CC.A3MC.01A.11R.A22L.07,0.709905690767947,0.674432125592659,0.896872044404456,-816.3687594833,-39.278059898322,-855.646819381622,0.88727728515215
TCGA.LG.A9QC.01A.11R.A37K.07,0.64253561244106,0.752803298548734,0.412234488017582,-1070.30063635431,-820.325491072716,-1890.62612742703,0.946860682010905
TCGA.CC.A8HU.01A.11R.A36F.07,0.751820915179864,0.613047096923362,0.539256959223749,-1343.37440397529,-534.773906723286,-1878.14831069857,0.946269971388588
TCGA.DD.A11D.01A.11R.A131.07,0.736881702125377,0.909878029536211,0.615605560990918,-836.43704288048,-475.52944179599,-1311.96648467647,0.916159219116021
TCGA.G3.A25Y.01A.11R.A16W.07,0.528262556448914,0.491942461209521,0.532665525295313,-334.0732287411,76.6183735411555,-257.454855199945,0.84341089086688
TCGA.K7.AAU7.01A.11R.A38B.07,0.476498510916647,0.472421816729473,0.44639175327756,-376.172051611668,289.506722950186,-86.6653286614816,0.829677979653397
TCGA.DD.AAD1.01A.11R.A41C.07,0.48212581870628,0.618717924473809,0.212922703650187,61.8434035421174,733.64829807907,795.491701621187,0.750646588142318
TCGA.DD.AACH.01A.11R.A41C.07,0.566890359312198,0.495255710315293,0.525613603661353,-842.461846089056,-31.4653951578212,-873.927241246877,0.888511749788013
TCGA.2V.A95S.01A.11R.A37K.07,0.507771774762206,0.449590605495621,0.533498068917852,-509.967945553924,1550.94270483777,1040.97475928385,0.726356603805929
TCGA.RC.A7SH.01A.11R.A38B.07,0.523333222651886,0.493603604287618,0.490611878533266,-1311.74059038192,-746.880016888462,-2058.62060727039,0.954503625772712
TCGA.CC.A7IE.01A.21R.A38B.07,0.687203485675329,0.49151376524507,0.490237434641686,-764.133139101847,642.85107843606,-121.282060665787,0.832503872244544
TCGA.BC.A10Q.01A.11R.A131.07,0.169077435084346,0.3048998913422,0.174618314177337,-977.280230958385,-312.800569133111,-1290.0808000915,0.914866851121033
TCGA.FV.A3R2.01A.11R.A22L.07,0.811151708974633,0.840041226688617,0.710370111002047,-1242.80692196495,-370.235822242201,-1613.04274420715,0.932972697546487
TCGA.RC.A7SB.01A.21R.A352.07,0.776891390152755,0.799998140050312,0.835878952318929,-1176.81599402209,-368.115313997105,-1544.9313080192,0.929327387921563
TCGA.5R.AAAM.01A.12R.A41C.07,0.790926471172774,0.863507566160845,0.637343356591444,310.856059124463,541.493619678841,852.349678803304,0.745106212768748
TCGA.DD.AACX.01A.11R.A41C.07,0.736123210210577,0.657167570361288,0.685991014749132,-1299.8003789632,-414.697913131716,-1714.49829209492,0.938229552887093
TCGA.DD.AADQ.01A.11R.A41C.07,0.84200118499981,0.670357619411168,0.665779680116574,-1213.25523034233,-28.6540596954156,-1241.90929003774,0.911989039652407
TCGA.DD.A1EI.01A.11R.A131.07,0.689258213430102,0.703179178593869,0.532345287498513,-287.165512440728,48.4248781829299,-238.740634257798,0.841931815872882
TCGA.DD.AAEE.01A.11R.A41C.07,0.810655659822965,0.679737959558304,0.713686219147755,-1088.13565891749,-589.405812446649,-1677.54147136414,0.936338691612192
TCGA.GJ.A9DB.01A.11R.A37K.07,0.763077226076435,0.817677719578298,0.641090319614392,-376.493354454268,-55.5534017675395,-432.046756221808,0.856901591077621
TCGA.DD.A3A3.01A.11R.A22L.07,0.779365566405103,0.671870547460794,0.766029140288722,-1223.94788083345,-238.972978673972,-1462.92085950742,0.924814976931019
TCGA.ED.A459.01A.11R.A266.07,0.635785583040644,0.7254234153259,0.515640751150278,-924.967231550081,175.694726847047,-749.272504703034,0.879967432154331
TCGA.2Y.A9H5.01A.11R.A38B.07,0.581186255875696,0.666578186102214,0.293292657505019,-465.484317328568,-208.576059442976,-674.060376771544,0.874669407885463
TCGA.DD.AAE0.01A.11R.A41C.07,0.361273591319567,0.279988491732113,0.215796409502567,-814.813356609172,-334.367021642397,-1149.18037825157,0.906321082257347
TCGA.CC.A7IG.01A.11R.A33J.07,0.550295013732759,0.463165805045317,0.686282635722766,-1117.65813105991,14.3006409708185,-1103.3574900891,0.903458149477833
TCGA.DD.A73B.01A.12R.A32O.07,0.800271455062376,0.825778981632156,0.817664820531055,-1168.46361471061,-699.320378053396,-1867.78399276401,0.945776902047628
TCGA.CC.5264.01A.01R.A131.07,0.438608487527767,0.675491955135448,0.533774289104192,-1115.16927308633,-398.616377823233,-1513.78565090956,0.927629505437168
TCGA.BC.A5W4.01A.11R.A28V.07,0.652482890914603,0.749606357641109,0.647803183330098,-1255.0349483359,-990.58106019862,-2245.61600853452,0.962328242741263
TCGA.RC.A7SF.01A.11R.A352.07,0.747011266663685,0.785523689443576,0.840038277296071,-1034.77900642773,-211.999647969021,-1246.77865439675,0.912282014173164
TCGA.DD.A1EE.01A.11R.A131.07,0.716543511026269,0.741170705872599,0.54642656885561,-1204.14657516201,-590.616688247447,-1794.76326340946,0.942241058202914
TCGA.BC.A3KG.01A.11R.A213.07,0.537991824623072,0.628345687208624,0.232875125375161,-1257.48123820691,-497.763753705249,-1755.24499191216,0.940282314319869
TCGA.DD.A119.01A.11R.A131.07,0.891611374027068,0.710501202500149,0.818632744553237,-555.840330180104,-60.4026262028295,-616.242956382934,0.870524174522445
TCGA.DD.AAEK.01A.11R.A41C.07,0.704661053380757,0.839568392318536,0.46616591650075,-377.878994976742,928.641533697659,550.762538720918,0.773891917878822
TCGA.O8.A75V.01A.11R.A32O.07,0.732043205655975,0.760416662676008,0.677331836484433,-406.777255617338,588.50580282523,181.728547207892,0.807046735536874
TCGA.ED.A7PZ.01A.11R.A33R.07,0.866869598697347,0.604427505178276,0.401767696654215,-1595.26854214534,-879.408966240469,-2474.67750838581,0.970924517997394
TCGA.ED.A97K.01A.21R.A38B.07,0.391852331520669,0.533021976654729,0.37018518243131,-474.838493547454,89.7667461918495,-385.071747355605,0.853326814055519
TCGA.DD.A1EA.01A.11R.A131.07,0.738655299627255,0.750842339083876,0.398728144124264,-965.26049794122,185.93003778843,-779.330460152791,0.882054785846953
TCGA.DD.A118.01A.11R.A131.07,0.662443399123922,0.643254860941681,0.248193357386439,-503.141072621817,-443.245357071262,-946.386429693079,0.893341847392979
TCGA.DD.A4NG.01A.11R.A27V.07,0.561609363496719,0.791038477726231,0.529919104163101,-1066.96791625392,-66.681405157629,-1133.64932141155,0.905355316611553
TCGA.DD.A4NJ.01A.11R.A27V.07,0.681156076842401,0.675945113141317,0.679615080397293,-376.568697846697,377.98459399704,1.41589615034377,0.822391151241969
TCGA.DD.AADG.01A.11R.A41C.07,0.772554943858798,0.757455616331301,0.351623100204639,-1177.86777657238,-835.411925035851,-2013.27970160823,0.952497829017059
TCGA.K7.A6G5.01A.11R.A311.07,0.833313569887155,0.883528656102685,0.864774565095524,-602.531385979198,276.977250936698,-325.5541350425,0.848739304210061
TCGA.BC.A10T.01A.11R.A131.07,0.824877222541573,0.700902253850073,0.829826667411524,-107.133741266566,-320.070117349459,-427.203858616025,0.856534929531082
TCGA.HP.A5N0.01A.11R.A28V.07,0.738205409586374,0.77183203687158,0.535889938955823,63.3562500296689,56.1900186771452,119.546268706814,0.812402798145063
TCGA.FV.A496.01A.11R.A266.07,0.678306746949168,0.783181598304622,0.611988567595473,-1334.10919277564,-776.59648668001,-2110.70567945565,0.956755584865635
TCGA.DD.AACV.01A.11R.A41C.07,0.773460649075103,0.777742109142287,0.656272136246051,-1413.43573389841,-1123.81685451862,-2537.25258841703,0.973082358849032
TCGA.3K.AAZ8.01A.12R.A39D.07,0.838788115855721,0.756270751961524,0.579866990152661,-1250.71097997222,-215.144292948978,-1465.8552729212,0.92497875122696
TCGA.UB.A7MF.01A.11R.A33J.07,0.785569409403615,0.633056422572948,0.49852384280444,-659.208716646902,1196.90689967762,537.698183030719,0.775105004841113
TCGA.DD.A1EK.01A.11R.A213.07,0.716588956996792,0.871264420849621,0.448047126683087,-450.803362872363,303.806705424758,-146.996657447605,0.834589140151757
TCGA.DD.AAE6.01A.11R.A41C.07,0.816730962391148,0.698138665821382,0.851251964650595,-1504.23537763319,-1198.06666927191,-2702.3020469051,0.978379621245888
TCGA.MI.A75C.01A.11R.A32O.07,0.810416018733692,0.637509915536165,0.878033248443578,-1399.39039509481,23.4424850674517,-1375.94791002736,0.919883101583549
TCGA.DD.A3A4.01A.11R.A22L.07,0.968954011437116,0.734175819600096,0.844162742980127,-1037.54682736302,-725.833973132188,-1763.38080049521,0.940688158542264
TCGA.DD.A113.01A.11R.A131.07,0.760008132943855,0.673507607978986,0.689780242695742,-812.201764959669,43.9368934375717,-768.264871522098,0.881288338745866
TCGA.DD.AACE.01A.11R.A41C.07,0.676428120183494,0.759743386163109,0.344837338106784,-971.594763274311,-550.758773917713,-1522.35353719202,0.928098512161913
TCGA.UB.A7MB.01A.11R.A33R.07,0.688070893497613,0.783445541646021,0.754037585145814,-1287.52096954814,-765.131009208248,-2052.65197875639,0.954241999471201
TCGA.ED.A66X.01A.11R.A311.07,0.645803553199014,0.631850545282225,0.509403370655432,91.9604520877243,451.31580461047,543.276256698195,0.774587402877514
TCGA.QA.A7B7.01A.11R.A32O.07,0.704024192521329,0.642923481200346,0.607860122624259,-1373.98254949009,-523.663560691547,-1897.64611018163,0.94719161794172
TCGA.G3.A25S.01A.11R.A16W.07,0.824838980833277,0.614228388686579,0.817028092643141,-1117.49817018522,50.566644220742,-1066.93152596448,0.901153152575339
TCGA.DD.A4NE.01A.11R.A27V.07,0.643863209895452,0.795048427460695,0.708753017794791,-926.523982879816,-420.180208263752,-1346.70419114357,0.918191090165342
TCGA.FV.A495.01A.11R.A266.07,0.80732693079759,0.649037494716484,0.809550666154262,-57.2198643971931,684.799657040269,627.579792643076,0.766701655848653
TCGA.G3.A25U.01A.11R.A16W.07,0.720918294744215,0.718702283470859,0.736835417761319,-1246.531086371,-673.650439048053,-1920.18152541905,0.948247183804941
TCGA.ED.A4XI.01A.11R.A266.07,0.801363056508499,0.804808388400752,0.420829757632548,51.1355906810842,615.403690461025,666.53928114211,0.763017647938818
TCGA.UB.A7ME.01A.11R.A33J.07,0.671987395012351,0.615889233703133,0.392414034040057,-579.252071648882,605.781647730699,26.5295760818174,0.820288293963398
TCGA.DD.A39Y.01A.11R.A213.07,0.722489994087776,0.514288731105468,0.763257578262945,-1340.70171419395,-398.485284818203,-1739.18699901216,0.93947734723192
TCGA.LG.A6GG.01A.11R.A311.07,0.748566031664945,0.80506036563812,0.564766980892908,-1187.73631740486,-442.612629999566,-1630.34894740443,0.933884077832278
TCGA.DD.A4ND.01A.11R.A266.07,0.663421673224095,0.732338562561061,0.448519518443419,391.546415910113,617.856864397981,1009.40328030809,0.729534048900569
TCGA.CC.5260.01A.01R.A131.07,0,0.254877900060787,0.260065118263385,-138.654541460241,196.968356715932,58.3138152556917,0.817610908926625
TCGA.DD.AADU.01A.11R.A41C.07,0.67281380870388,0.65012840639451,0.591830192480014,-1242.68255448322,-456.233085778652,-1698.91564026187,0.937435644442976
TCGA.G3.A3CJ.01A.11R.A213.07,0.867383718049502,0.73337413016252,0.611392279316644,-888.526733708694,-307.228434898261,-1195.75516860696,0.909188972816838
TCGA.BD.A3EP.01A.11R.A22L.07,0.58865679210656,0.664202434297569,0.285883347608525,-23.9445000007562,825.802210881705,801.857710880949,0.750028861526107
TCGA.DD.AACK.01A.11R.A41C.07,0.804524676822052,0.851981929350953,0.837601231793376,-1176.39766698068,-394.64234448811,-1571.04001146879,0.930735719730444
TCGA.DD.A3A5.01A.11R.A22L.07,0.889600496221492,0.78036949713987,0.708565874378091,-812.610590386016,-402.544189246657,-1215.15477963267,0.910370994970205
TCGA.CC.A123.01A.11R.A131.07,0.649765044811455,0.543486057434375,0.602067675428215,-1009.66717371273,-184.559748161555,-1194.22692187429,0.909095543039475
TCGA.DD.AACY.01A.11R.A41C.07,0.872878982271478,0.709115153912607,0.622345284846579,-935.504052802479,-230.581419423422,-1166.0854722259,0.907366935256104
TCGA.UB.AA0V.01A.11R.A38B.07,0.805692950967556,0.793379409937429,0.418868568508929,-65.5325363108058,102.426279271926,36.8937429611206,0.819417214504127
TCGA.CC.A7IH.01A.11R.A33J.07,0.686111727507838,0.754211482275116,0.28141248565079,-1067.871573568,-876.966172150768,-1944.83774571877,0.949390201592034
TCGA.BC.A8YO.01A.11R.A37K.07,0.51724055256776,0.632867197709849,0.471648056897513,-1014.36503809598,670.518184723022,-343.846853372954,0.850156185626349
TCGA.DD.AACI.01A.11R.A41C.07,0.673736879894564,0.585945280599012,0.510866714810991,-268.572802602932,1251.17596248336,982.603159880425,0.732218998109836
TCGA.G3.AAV1.01A.11R.A38B.07,0.767506610267027,0.754192609258277,0.579148078909625,-998.367542199162,-580.227025306321,-1578.59456750548,0.931140671568578
TCGA.RC.A7S9.01A.11R.A33R.07,0.811349117193471,0.596223832853701,0.784592895763181,-1128.11091687674,-70.6694538934266,-1198.78037077017,0.909373784436689
TCGA.2Y.A9H9.01A.21R.A39D.07,0.912327192900008,0.738919643469932,0.843323274336812,-902.942930740676,-234.225349287119,-1137.16828002779,0.905574548020712
TCGA.DD.AAEB.01A.11R.A41C.07,0.840067300486201,0.720737041611977,0.56491900804353,-888.191313313856,-187.469973511012,-1075.66128682487,0.901707912530305
TCGA.EP.A3RK.01A.11R.A22L.07,0.694261755944773,0.685255926162584,0.743855459755779,-163.316663529326,1161.56241351764,998.245749988312,0.730653231531136
TCGA.MI.A75H.01A.11R.A32O.07,0.822059580371723,0.642612931556967,0.615745232289077,-737.11537623544,405.91510231224,-331.2002739232,0.849177285120794
TCGA.DD.AAEI.01A.11R.A41C.07,0.817591364032528,0.852955916288841,0.950790009365682,-792.302493491735,123.611011544681,-668.691481947054,0.874287132640765
TCGA.G3.A25Z.01A.11R.A16W.07,0.831385699375503,0.748717275280731,0.82777410580366,-627.087112005531,-84.0067469917222,-711.093858997254,0.877291450374517
TCGA.FV.A3R3.01A.11R.A22L.07,0.768627423160837,0.663049325017107,0.222762752761392,279.844369080953,282.194380967921,562.038750048874,0.772842580002363
TCGA.2Y.A9GW.01A.11R.A38B.07,0.723637723930324,0.676397366000017,0.655605321202103,-200.439540042226,916.426290404269,715.986750362044,0.75830597760464
TCGA.ZS.A9CG.01A.11R.A37K.07,0.779357808043152,0.762588307934789,0.477846613737613,-928.360845388649,-400.227570632309,-1328.58841602096,0.917134441186052
TCGA.ZP.A9D0.01A.11R.A37K.07,0.935520664818214,0.768229504926311,0.561392709850574,-904.764038324919,-643.50194372391,-1548.26598204883,0.929508024646552
TCGA.DD.AADC.01A.11R.A41C.07,0.556482200154764,0.525329997281161,0.451259027309046,-1222.65830164674,-566.367857613237,-1789.02615925998,0.941958661423166
TCGA.DD.AAD6.01A.11R.A41C.07,0.636640619582681,0.648729089841463,0.722438666551461,-1401.23699822338,-462.878285280659,-1864.11528350404,0.945601843203224
TCGA.DD.AACD.01A.11R.A41C.07,0.825276491087947,0.618017112901942,0.847888148922876,-370.159937352865,523.864103843457,153.704166490592,0.809468961758359
TCGA.NI.A8LF.01A.11R.A36F.07,0.757381028343044,0.881438552665612,0.362382212696198,-536.742159893028,-365.346778903085,-902.088938796113,0.89040096772032
TCGA.ZP.A9D4.01A.11R.A37K.07,0.734082194429572,0.73292676978795,0.435653077404572,-1032.81373846382,-689.931044236688,-1722.74478270051,0.938647710926895
TCGA.DD.AAE7.01A.11R.A41C.07,0.828227239764605,0.708019711828521,0.546244740923679,-447.124821604139,308.894379699004,-138.230441905134,0.833879597829951
TCGA.DD.A39Z.01A.11R.A213.07,0.719717934969671,0.681150947030138,0.81065699388394,-1348.28486754498,-702.579916517396,-2050.86478406238,0.954163517837645
TCGA.EP.A2KA.01A.11R.A180.07,0.587153562129637,0.458650225568428,0.737567137892209,-857.780793409048,887.988581707233,30.2077882981849,0.819979367661994
TCGA.G3.A3CH.01A.11R.A22L.07,0.781060725575875,0.787851489399276,0.75482560735464,-557.078673461264,-14.1934208763151,-571.272094337579,0.867256610949637
TCGA.DD.A3A9.01A.11R.A266.07,0.495293905874404,0.546382270139302,0.430967549914189,-288.035406196972,281.06330871401,-6.97209748296217,0.823091019284914
TCGA.DD.AAC8.01A.11R.A41C.07,0.54398330366043,0.507817714144596,0.349370836645475,-1118.84898144041,-129.470185243369,-1248.31916668378,0.912374604966638
TCGA.BC.A216.01A.11R.A155.07,0.662791658149513,0.628827150824435,0.499197068231082,-899.220472138267,359.959149409175,-539.261322729093,0.864907689491305
TCGA.DD.AADV.01A.11R.A39D.07,0.850678678719504,0.709906412818757,0.524982667265553,-643.574947048094,-278.278399215238,-921.853346263331,0.891717771746598
TCGA.DD.AAE2.01A.11R.A41C.07,0.824973671721846,0.768003750542071,0.649252237128163,-407.1990469766,325.069141305921,-82.1299056706783,0.829306147418473
TCGA.G3.AAV7.01A.11R.A38B.07,0.421313631963726,0.493942106633702,0.584844390070364,-783.021254929921,469.543275454159,-313.477979475762,0.847800579059129
TCGA.CC.A9FU.01A.11R.A37K.07,0.562648596474407,0.513332907112716,0.414261727818816,-1525.49430884151,-694.50504819703,-2219.99935703854,0.961299072380863
TCGA.5C.A9VH.01A.11R.A37K.07,0.698699150089886,0.596960706925509,0.450343786580588,-441.873655045569,-333.569187191371,-775.442842236941,0.881785778892174
TCGA.WX.AA44.01A.11R.A39D.07,0.539815207342018,0.64838922625543,0.490964445428622,-998.655811632798,-68.0900018305015,-1066.7458134633,0.901141334815926
TCGA.BC.A10Y.01A.11R.A131.07,0.698177425443391,0.663210539990144,0.534809202962247,-1076.23712276146,-78.5230638948043,-1154.76018665626,0.906666900837244
TCGA.DD.A1EG.01A.11R.A213.07,0.659653029283436,0.638412535588735,0.624479277267253,-219.905616661145,738.325134564617,518.419517903472,0.776889911609838
TCGA.2Y.A9GY.01A.11R.A38B.07,0.662102570019581,0.402191584314835,0.653532870818634,-875.356897637185,1162.46414293887,287.107245301686,0.797816670017314
TCGA.DD.A4NO.01A.11R.A28V.07,0.762902919120946,0.772538138452041,0.536980988979484,-643.562406302153,-296.329170099473,-939.891576401626,0.892913018621301
TCGA.DD.AACW.01A.11R.A41C.07,0.717555765845418,0.622415721370515,0.434504140236407,-1193.31525323199,-452.191563591602,-1645.50681682359,0.934677371701126
TCGA.BC.A69H.01A.11R.A311.07,0.618171764758585,0.516692512896356,0.80121557164933,-847.373238104901,326.064066619604,-521.309171485297,0.86358201583551
TCGA.DD.A3A8.01A.11R.A22L.07,0.77308698653488,0.824793403453159,0.473308424808487,-1119.66506940952,-566.438138339254,-1686.10320774878,0.936779199312739
TCGA.5C.AAPD.01A.21R.A39D.07,0.633192691232527,0.48628839420143,0.739375783154392,-488.029340424096,1083.14431503464,595.114974610541,0.769752379989623
TCGA.KR.A7K7.01A.11R.A33J.07,0.689785435531119,0.602720341582319,0.891613843040551,-1015.33296426657,543.390016968813,-471.942947297759,0.859905684325658
TCGA.2Y.A9H4.01A.11R.A38B.07,0.903626698890434,0.717617050493756,0.79770408314012,-930.382521498416,19.7530620093334,-910.629459489082,0.890970900256884
TCGA.G3.A6UC.01A.21R.A33J.07,0.806779636189649,0.763781651239026,0.361423889743713,-1244.28385489254,-740.378267360756,-1984.6621222533,0.951210116350972
TCGA.CC.A5UC.01A.11R.A28V.07,0.784455518352092,0.624024707307699,0.713664310838085,-498.850506109619,-138.613987571865,-637.464493681483,0.872052956973399
TCGA.DD.AAVR.01A.11R.A41C.07,0.839397438173733,0.610972176192597,0.63170285813372,143.091224271905,1094.80389011115,1237.89511438306,0.706188586601473
TCGA.DD.AADO.01A.11R.A41C.07,0.742368662255329,0.602282805334095,0.485714357368196,-803.976004357274,838.90252336318,34.9265190059058,0.819582700104352
TCGA.DD.AAVV.01A.11R.A41C.07,0.637711657665526,0.580277745277413,0.571513204610908,-131.132408223138,810.182728650298,679.05032042716,0.761829305231626
TCGA.ZP.A9CV.01A.11R.A38B.07,0.75662343841741,0.803639000364952,0.655487967897575,-406.176589913187,400.910472287624,-5.2661176255628,0.822948778692823
TCGA.DD.AADI.01A.11R.A41C.07,0.565304815363831,0.426625335340365,0.322255354734276,-400.061790881925,913.395988304109,513.334197422184,0.777359697361907
TCGA.DD.AACJ.01A.11R.A41C.07,0.816801986548015,0.770461804300112,0.674637429352671,-1300.04592417488,-552.191863258357,-1852.23778743323,0.945033206979968
TCGA.DD.A116.01A.11R.A131.07,0.745961211730751,0.725091377151418,0.67689618055577,-743.913904317139,-103.6222861172,-847.536190434339,0.886727533200443
TCGA.RC.A6M6.01A.11R.A32O.07,0.5922243083946,0.393530782949249,0.80058774755229,-1474.31742503466,-511.454205145568,-1985.77163018023,0.951260354081689
TCGA.CC.5263.01A.01R.A131.07,0.255155774147122,0.511716154801449,0.650598838708679,-896.239597126692,231.703210000211,-664.536387126481,0.873990909448552
TCGA.G3.A5SL.01A.11R.A27V.07,0.734621084483619,0.801993580257246,0.516076984704691,-927.184673608722,-559.7522042992,-1486.93687790792,0.926150302076585
TCGA.NI.A4U2.01A.11R.A28V.07,0.807348710188425,0.779499153603837,0.764717536227548,-704.518034801522,-249.078883179372,-953.596917980893,0.89381697551995
TCGA.ED.A82E.01A.11R.A352.07,0.159006301114397,0.278378957429833,0.169694642271224,-654.61932059041,-145.141171769147,-799.760492359557,0.88346373581586
TCGA.UB.AA0U.01A.11R.A38B.07,0.653487098822187,0.746286642876393,0.606785093422712,-104.111286774872,290.406601413146,186.295314638274,0.806650721790951
TCGA.2Y.A9H3.01A.11R.A38B.07,0.753316337234687,0.557871019595217,0.411609392444176,-285.870634322853,1165.34780136719,879.477167044341,0.742444533803923
TCGA.CC.A7II.01A.11R.A33J.07,0.273548842306747,0,0.486561098238172,-994.238143806171,-737.393490517078,-1731.63163432325,0.939096800251421
TCGA.DD.AACG.01A.11R.A41C.07,0.75543015259835,0.622652853902297,0.592755412999966,-1156.7683631914,196.761110684178,-960.007252507225,0.894238537520809
TCGA.DD.AAC9.01A.11R.A41C.07,0.889463233466747,0.739668380336523,0.691822416791675,-130.325794637446,510.651926454346,380.326131816899,0.789492483845143
TCGA.DD.AAVX.01A.11R.A41C.07,0.831191445412459,0.682763349744363,0.638069842306202,-685.314128952441,293.614686906391,-391.69944204605,0.853833640928115
TCGA.2Y.A9HB.01A.11R.A39D.07,0.845720350556634,0.792541699560675,0.640986924711229,-377.86449106794,267.709357184688,-110.155133883252,0.831597880524107
TCGA.RC.A7SK.01A.11R.A352.07,0.792140666985147,0.697551324122131,0.663210367636271,-1149.36479460309,-627.145683912133,-1776.51047851522,0.941340285570432
TCGA.DD.AADD.01A.11R.A41C.07,0.727106546989309,0.690569748631015,0.430941934276731,-1511.83293825545,-678.010487671981,-2189.84342592743,0.960070115516506
TCGA.EP.A26S.01A.11R.A16W.07,0.780054426960437,0.785485846529975,0.460439103088582,-1063.22466544945,-799.254986100583,-1862.47965155004,0.945523707791127
TCGA.DD.A4NN.01A.11R.A28V.07,0.468176224708164,0.455668434326852,0.0896649691005733,-1089.71494749953,-704.446636133518,-1794.16158363305,0.942211473154866
TCGA.CC.A7IL.01A.11R.A33R.07,0.856794354139413,0.828839331436145,0.777794704505891,-1549.23035975878,-846.06011025709,-2395.29047001587,0.968069072442751
TCGA.DD.AAEG.01A.11R.A39D.07,0.81597411908839,0.72352947624508,0.641411080102417,-1033.32866495077,-497.203065950565,-1530.53173090134,0.928544817735729
TCGA.ED.A7XP.01A.11R.A352.07,0.736617756142703,0.581164558646203,0.488049478089051,-536.447197721033,-1.90342788688019,-538.350625607913,0.86484058374648
TCGA.DD.A4NA.01A.11R.A266.07,0.0128577951213162,0.29129731669559,0.0478166766249246,-594.822000890199,137.597548508969,-457.22445238123,0.858800842456578
TCGA.RC.A6M5.01A.11R.A32O.07,0.872152993787409,0.641014556469641,0.513789214339412,187.345470744202,-205.08870900325,-17.7432382590483,0.823987899601395
TCGA.FV.A2QQ.01A.11R.A22L.07,0.868523270603644,0.758232398379471,0.789903053656948,-642.297523931997,269.098038676305,-373.199485255692,0.852416910672923
TCGA.DD.A1EH.01A.11R.A131.07,0.507598608507129,0.538420268006881,0.319327303128343,-713.232859276453,-532.287630707207,-1245.52048998366,0.912206358979612
TCGA.2Y.A9H2.01A.12R.A38B.07,0.4916398631943,0.414959332434099,0.265220825639099,-1072.98712222488,203.830425064347,-869.156697160533,0.888190214713688
TCGA.CC.A8HS.01A.11R.A36F.07,0.506812203705299,0.458200796944697,0.504171467490042,-1157.66967509796,-826.803248111127,-1984.47292320908,0.951201547034598
TCGA.G3.A5SM.01A.12R.A28V.07,0.770654001077822,0.788039268186877,0.698865947398801,-175.962559304811,461.536914089532,285.574354784721,0.797952308706128
TCGA.CC.A7IF.01A.11R.A33J.07,0.794327531571474,0.709336491577137,0.798481848164257,-1183.35856464522,-745.650992169307,-1929.00955681452,0.948657863637821
TCGA.DD.A73E.01A.12R.A32O.07,0.646615421684984,0.641134842723573,0.321167209067929,-1184.33322329161,-1061.00556463677,-2245.33878792838,0.962317177973928
TCGA.DD.A39V.01A.11R.A213.07,0.721324642723256,0.52828158183976,0.679184244231391,-516.366866715839,871.733705236872,355.366838521033,0.791735834823989
TCGA.CC.A7IK.01A.12R.A33R.07,0.642097812708984,0.607105300424329,0.630470296510573,-1347.3663475244,-1051.35200121422,-2398.71834873862,0.968195087069072
TCGA.CC.A9FS.01A.11R.A37K.07,0.770801504516869,0.67898773490789,0.748818477740539,-947.626450118176,-456.257848735338,-1403.88429885351,0.921483641942729
TCGA.UB.A7MC.01A.11R.A33R.07,0.693726976965761,0.585212529502806,0.468196381172914,-1346.12203379087,-853.22277692544,-2199.34481071631,0.960459360265808
TCGA.RC.A6M4.01A.11R.A32O.07,0.809003646109333,0.820549931432871,0.764555244625887,-1366.86312349805,-974.2075327508,-2341.07065624885,0.966043282756485
TCGA.BC.A10W.01A.11R.A131.07,0.530443661459608,0.595915054288911,0.737548118201576,-738.706004710713,28.4061393476881,-710.299865363025,0.877235505761232
TCGA.DD.A39W.01A.11R.A213.07,0.583675715187471,0.685213509270472,0.361771920076178,-1103.08960326837,-686.790714569658,-1789.88031783803,0.942000747897677
TCGA.WX.AA47.01A.11R.A39D.07,0.827793333851475,0.49014385316558,0.608856367577846,-1389.86514945994,-621.460426098555,-2011.32557555849,0.952410433112836
TCGA.G3.A3CK.01A.11R.A213.07,0.793246527868181,0.746377194123482,0.728510182494004,-923.32856913895,176.176069852997,-747.152499285953,0.879819562665767
TCGA.ZP.A9D1.01A.11R.A38B.07,0.616073852424002,0.70947906953537,0.526894151420029,-470.474201217831,107.957945939464,-362.516255278367,0.851595923064261
TCGA.WQ.A9G7.01A.11R.A37K.07,0.608407844507077,0.5163899021143,0.562143258034077,-1275.04869751693,-616.497857776932,-1891.54655529386,0.946904130086379
TCGA.2Y.A9H0.01A.11R.A38B.07,0.752862385523955,0.680574921710261,0.81192180537847,-979.355445581393,221.172206304745,-758.183239276647,0.880588020152718
TCGA.DD.A115.01A.11R.A131.07,0.75940402729837,0.761017118234044,0.734121263624094,-523.568154605648,-40.8090077664401,-564.377162372088,0.866752283309389
TCGA.DD.AAE3.01A.11R.A41C.07,0.888791348719735,0.674706035043378,0.651459805482426,-358.072726393261,-86.1532585202545,-444.225984913516,0.857821780682117
TCGA.DD.A73G.01A.22R.A32O.07,0.789622886304377,0.647116857672238,0.537765485321745,-721.704637030804,-36.1823274909862,-757.88696452179,0.880567410308252
TCGA.DD.AACL.01A.11R.A41C.07,0.640062183531316,0.468946321071236,0.686325784431192,-423.446791307421,1167.09464236807,743.647851060649,0.755652810655279
TCGA.DD.A4NI.01A.11R.A27V.07,0.838442249116245,0.793393242525969,0.498616632125504,-334.516404227719,388.267554859121,53.7511506314018,0.817996346077739
TCGA.DD.A1EJ.01A.11R.A155.07,0.699825402303426,0.690502986925369,0.613792317677099,-1127.15703681238,-223.712464410561,-1350.86950122294,0.91843312475583
TCGA.DD.AAW3.01A.11R.A41C.07,0.756336562258063,0.6844133567687,0.364615137389448,-1073.5681964876,-791.707349305541,-1865.27554579314,0.945657236789019
TCGA.BW.A5NP.01A.11R.A27V.07,0.612721579689073,0.534183774277101,0.186552918655263,-1478.66878641516,-911.017191895599,-2389.68597831076,0.967862513896014
TCGA.DD.AA3A.01A.11R.A37K.07,0.205867784558384,0.118638360616028,0.473451332682664,-1369.35875813644,-328.970797523631,-1698.32955566007,0.937405688742784
TCGA.DD.AADB.01A.11R.A41C.07,0.652857606435201,0.587982123699009,0.549796613452182,-938.743881115901,619.303387108349,-319.440494007552,0.848264400949646
TCGA.DD.AAED.01A.12R.A41C.07,0.587344172758778,0.565509601095896,0.43048295761313,-1385.60523253675,-380.902644343527,-1766.50787688027,0.940843791775933
TCGA.DD.A11A.01A.11R.A131.07,0.804138034260664,0.837362621956196,0.589337922437847,-1186.39369460725,-560.513679500419,-1746.90737410766,0.939865011758173
TCGA.BC.A10S.01A.22R.A131.07,0.717451176018092,0.72031897824427,0.585871000155124,-202.542250694729,490.461116605111,287.918865910381,0.797744836950497
TCGA.KR.A7K0.01A.12R.A33R.07,0.808101073256541,0.742794995691101,0.499737938133401,-790.025140209319,-215.33119726844,-1005.35633747776,0.897198188698791
TCGA.CC.A8HV.01A.11R.A36F.07,0.402292938401268,0.475831370159868,0.595195032269721,-1195.44407246605,-668.951467852693,-1864.39554031875,0.945615225819609
TCGA.CC.A3MA.01A.11R.A213.07,0.279676266140139,0.248906884196711,0.186216222132258,-578.070009823328,-387.501623419183,-965.571633242511,0.894603825253392
TCGA.DD.A4NK.01A.11R.A28V.07,0.802519934959414,0.816518009995165,0.512681612694126,-911.059632737622,-552.347703938093,-1463.40733667571,0.924842139864101
TCGA.DD.A3A7.01A.11R.A22L.07,0.766851111114119,0.513944960855087,0.849787703141656,-1193.19477450968,-129.882798631232,-1323.07757314091,0.91681172032837
TCGA.CC.5258.01A.01R.A131.07,0.681695818719799,0.58855485789803,0.633788510140428,-809.388206492002,86.6215121710081,-722.766694320994,0.8781125399294
TCGA.BC.A69I.01A.11R.A311.07,0.805157402070904,0.772696788585056,0.495733754359581,-523.652926144323,-64.7269976782932,-588.379923822616,0.868504119988359
TCGA.DD.AADM.01A.11R.A41C.07,0.878904062688715,0.749856094845345,0.824273023042721,-819.063476815534,49.565119481831,-769.498357333703,0.881373890110072
TCGA.DD.AACF.01A.11R.A41C.07,0.743824727695797,0.636909964527227,0.86334462225567,-1105.65516257475,134.649125690692,-971.006036884062,0.894960004238085
TCGA.EP.A2KC.01A.11R.A213.07,0.691952517675274,0.756477056274868,0.523743048766675,-963.028726778576,-332.908895429646,-1295.93762220822,0.915213627209191
TCGA.CC.5259.01A.31R.A213.07,0.689760174269341,0.680941088383162,0.781363888676491,-1223.26537543034,162.16752876012,-1061.09784667022,0.90078160830553
TCGA.DD.AACB.01A.11R.A41C.07,0.695079538889804,0.560944760618793,0.345008892582331,-748.680939159887,807.381548951093,58.7006097912058,0.817578217079207
TCGA.BC.A217.01A.11R.A155.07,0.716813550968281,0.518675308001675,0.471990223532632,-1017.27476105213,148.425810001919,-868.848951050213,0.888169457643754
TCGA.G3.AAV0.01A.11R.A37K.07,0.838607610802547,0.775938849267403,0.43678173638023,-873.795313689664,-387.982864756251,-1261.77817844591,0.91318155917346
TCGA.BC.A10Z.01A.11R.A131.07,0.774247171575277,0.974725190626392,0.596896102726279,-1469.94694867956,-979.985747814969,-2449.93269649453,0.970048605552307
TCGA.DD.A73C.01A.12R.A33J.07,0.716262844658404,0.836992452783453,0.377812736345092,-324.70869039096,-322.719517285967,-647.428207676927,0.872767816587023
TCGA.ZS.A9CF.01A.11R.A38B.07,0.783071627412375,0.805545520789563,0.695517138993232,-1036.55256797473,-111.282754165763,-1147.8353221405,0.906237629049826
TCGA.G3.A7M5.01A.11R.A33R.07,0.9361970963011,0.822258305664844,0.675817940450873,-986.64505474687,-220.349941034373,-1206.99499578124,0.909874716685622
TCGA.ZS.A9CE.01A.11R.A37K.07,0.774963935340694,0.804920495155105,0.69877174679059,-1201.83056658258,-721.497306925507,-1923.32787350809,0.948393734511373
TCGA.ES.A2HT.01A.12R.A180.07,0.920842000186964,0.715277851207333,0.794458450440879,-384.249482014958,174.116408221304,-210.133073793654,0.839658547178181
TCGA.DD.AAVQ.01A.11R.A41C.07,0.594967152380187,0.543959700476286,0.434391192631169,-480.081916707935,1417.91476163903,937.832844931095,0.736678980091547
TCGA.DD.AACU.01A.11R.A41C.07,0.714260647322065,0.797413641820829,0.496940102812947,-941.726829403339,-118.81030799551,-1060.53713739885,0.900745862198986
TCGA.DD.AADR.01A.11R.A41C.07,0.864978642392403,0.689007923569508,0.972068652430875,-890.796851306958,5.77546965678714,-885.021381650171,0.889257810744862
TCGA.DD.AACS.01A.11R.A41C.07,0.704671634222089,0.742042826251169,0.644613195172298,-1392.0238325534,-715.377946908177,-2107.40177946158,0.95661439674739
TCGA.ED.A8O6.01A.11R.A36F.07,0.637895284806543,0.639704271770102,0.439255794308311,-1108.76219527068,-559.266534860453,-1668.02873013113,0.93584751960145
TCGA.EP.A12J.01A.11R.A131.07,0.725731400292225,0.797591267875563,0.421379532596069,-942.854314162166,-448.421093566239,-1391.2754077284,0.920763166406323
TCGA.DD.AAVS.01A.11R.A41C.07,0.720346839800876,0.628947593643215,0.47502899990611,-859.907925561914,-395.003538441769,-1254.91146400368,0.912770300682344
TCGA.ED.A7PY.01A.11R.A33R.07,0.712036693166758,0.637975840847416,0.429310469193079,-1312.68377821572,-706.86872869453,-2019.55250691026,0.952777842985396
TCGA.DD.AADP.01A.11R.A39D.07,0.775605564512346,0.687606963408926,0.600564559141876,-710.788349534681,-166.909241150842,-877.697590685523,0.88876556341749
TCGA.4R.AA8I.01A.11R.A38B.07,0.847062781029893,0.649874308041216,0.455504093092786,-929.215289916832,-278.761099601615,-1207.97638951845,0.909934474151181
TCGA.G3.AAV6.01A.21R.A37K.07,0.581037003680164,0.464175047281445,0.65367257954159,-1101.95555775728,-846.030519176263,-1947.98607693354,0.949535257493112
TCGA.DD.A4NS.01A.11R.A311.07,0.663096296125437,0.683750479556944,0.159284524618933,470.889920128194,696.612340514173,1167.50226064237,0.713466664287208
TCGA.DD.A73A.01A.12R.A32O.07,0.848574463853788,0.782448376404332,0.958134968415607,-1134.46807582137,208.822429604767,-925.645646216598,0.891969575925501
TCGA.DD.AAEA.01A.11R.A41C.07,0.79237771776439,0.726259946437768,0.641002762410308,-1113.75139362909,41.5718016858898,-1072.1795919432,0.901486834794145
TCGA.2Y.A9H6.01A.11R.A39D.07,0.764469384772112,0.688918573572763,0.500650050679021,-144.830883205701,432.216761844205,287.385878638504,0.797792010649466
TCGA.DD.AAVY.01A.11R.A41C.07,0.841645756479937,0.774628709911114,0.457855514216562,-1232.76261067168,-757.723463801747,-1990.48607447342,0.951473539368819
TCGA.DD.A4NQ.01A.21R.A28V.07,0.720446698357619,0.707704386829703,0.800253179183688,-1101.33764521565,130.040495041577,-971.297150174073,0.894979068172121
TCGA.DD.AACZ.01A.11R.A41C.07,0.616256284874444,0.556621728511203,0.742930141985611,-505.527506439728,1484.50589633283,978.9783898931,0.732581273819477
TCGA.DD.AAE4.01A.11R.A41C.07,0.942512197153536,0.677335310092742,0.841036073550001,-130.70569540578,1182.50096167979,1051.79526627401,0.725264003689411
TCGA.5R.AA1D.01A.11R.A38B.07,0.791724321808497,0.532639883166997,0.594194642654157,967.337978653231,496.361149443481,1463.69912809671,0.682337264512858
TCGA.G3.AAUZ.01A.11R.A38B.07,0.905584398072996,0.723364465030915,1,-551.449288432512,477.139739419108,-74.309549013404,0.828664139884436
TCGA.2Y.A9GV.01A.11R.A38B.07,0.722068163050372,0.844340111603601,0.459914125210741,-255.081813244929,278.473481783859,23.39166853893,0.820551652053746
TCGA.DD.A4NL.01A.11R.A28V.07,0.8340502703743,0.881731006027199,0.47973068615912,-376.971374636279,-76.0071081923018,-452.978482828581,0.858481374075443
TCGA.FV.A2QR.01A.11R.A213.07,0.616132365663538,0.76233459066471,0.542107301248141,-467.075925591014,-212.827416466903,-679.903342057917,0.875084820499022
TCGA.DD.AADY.01A.11R.A41C.07,0.615390832985161,0.655611761556392,0.474353874098993,-764.153215071523,-788.866720502152,-1553.01993557367,0.929765157571489
TCGA.BW.A5NO.01A.11R.A27V.07,0.758501188903582,0.760228398727655,0.568725863325087,-802.94226635092,4.41751196875097,-798.524754382169,0.883378739211544
TCGA.2Y.A9H8.01A.11R.A39D.07,0.746306194993154,0.646495648942291,0.410321697357645,-1055.86336550773,211.311172606551,-844.552192901182,0.88652495656385
TCGA.BC.A10X.01A.11R.A131.07,0.807887342046729,0.818873668796689,0.384770991520338,140.448966510994,300.086976679696,440.53594319069,0.784037244803083
TCGA.DD.A3A2.01A.11R.A213.07,0.821474862206095,0.885991512340631,0.643612887325075,-741.168557523947,-380.118873255143,-1121.28743077909,0.90458325537057
TCGA.CC.A5UD.01A.11R.A28V.07,0.447696494844203,0.504855479370106,0.696553351759892,-1217.62631484182,-648.454089372467,-1866.08040421429,0.945695646464476
TCGA.DD.A3A6.11A.11R.A22L.07,0.880059900915835,0.713420688584977,0.635599775091172,-944.048878127765,-805.948608106094,-1749.99748623386,0.940019837868698
TCGA.BC.A10R.11A.11R.A131.07,0.830105926099947,0.926846973116654,0.681348979023401,-222.333886574295,747.836136305559,525.502249731264,0.776234882212751
TCGA.FV.A23B.11A.11R.A16W.07,0.846665886255327,0.85419333524191,0.486566914730437,190.621668341011,1039.43340045125,1230.05506879226,0.707002932200181
TCGA.BC.A10U.11A.11R.A131.07,0.883964747114365,0.837857210333235,0.563005651102583,-523.737069453592,62.4852941543311,-461.251775299261,0.859103551506112
TCGA.DD.A114.11A.12R.A131.07,0.804210188834097,0.833863369326409,0.671259202568211,0.657542703839168,1306.38056677264,1307.03810947648,0.698966328748035
TCGA.FV.A3I0.11A.11R.A22L.07,0.902327807315236,0.91374554212989,0.6449461440832,-712.845381817143,-176.264804972217,-889.11018678936,0.889532180880898
TCGA.FV.A3I1.11A.11R.A22L.07,0.834269505639529,0.922039335407287,0.371217307198024,-339.145528428043,173.163006035605,-165.982522392439,0.836121127440597
TCGA.DD.A11C.11A.11R.A131.07,0.82848517896874,0.968024675317655,0.503218060710216,-315.585991802558,261.707469367217,-53.8785224353409,0.826981716024222
TCGA.DD.A11D.11A.12R.A131.07,0.858691236271903,0.87591014602989,0.531559103207615,-44.5555492843189,936.298589940135,891.743040655816,0.741237170579349
TCGA.BD.A2L6.11A.21R.A213.07,0.806260441555158,0.710184944678494,0.507581316624042,452.318727732621,2293.52270489738,2745.84143263,0.533515368149422
TCGA.BC.A110.11A.11R.A131.07,0.842199620998878,0.883514829289811,0.598576081428989,-402.925581900266,418.948848922837,16.0232670225706,0.821169382298054
TCGA.DD.A1EC.11A.11R.A131.07,0.750537405230433,0.848835828488274,0.405774622343376,27.6863528744628,401.822369208922,429.508722083385,0.785040946866025
TCGA.DD.A1EB.11A.11R.A131.07,0.839326395804943,0.927626300395204,0.615262487830105,-411.550805372719,398.139768965945,-13.4110364067745,0.823627417756037
TCGA.DD.A39X.11A.11R.A213.07,0.905866952295082,0.873238153235537,0.660282888111691,-500.17528951245,150.138936138098,-350.036353374352,0.850634212358584
TCGA.DD.A11B.11A.11R.A131.07,0.880368022995186,0.86904911678006,0.553057016705097,-389.27864426967,70.3215901975649,-318.957054072105,0.848226818530413
TCGA.DD.A1EL.11A.11R.A155.07,0.937191712134164,0.847100964085163,0.679803496741375,-204.817899490285,281.945150797283,77.1272513069978,0.816017747017277
TCGA.BC.A10Q.11A.11R.A131.07,0.883782551689946,0.942497968509909,0.591202908534313,-426.311816711273,-50.0670142052837,-476.378830916556,0.860237876435637
TCGA.FV.A3R2.11A.11R.A22L.07,0.934625552691027,0.798028666456934,0.519760162700015,-151.468804914642,791.040764147566,639.571959232924,0.76557034265144
TCGA.DD.A118.11A.11R.A131.07,0.92601721008422,0.921919670033419,0.576427851514575,-393.818378559408,506.210718197689,112.392339638281,0.813014667929612
TCGA.DD.A116.11A.12R.A26B.07,1,0.843611489189534,0.755818798426071,-353.008095855538,405.078883292691,52.0707874371529,0.818138204549217
TCGA.EP.A26S.11A.12R.A16W.07,0.978214228061308,0.898347146669308,0.736001979572171,-336.683346608411,560.062645189295,223.379298580884,0.803421523993658
TCGA.DD.A3A5.11A.11R.A22L.07,0.907937217855088,0.909774032200968,0.669575771872943,-968.714170347868,-475.686717440311,-1444.40088778818,0.92377739018488
TCGA.BD.A3EP.11A.12R.A22L.07,0.833811892442416,0.926662308873964,0.4101871497744,-377.743414634381,571.153323727268,193.409909092887,0.806033047417859
TCGA.EP.A3RK.11A.11R.A22L.07,0.900746951939956,0.936879820721494,0.626767668858392,-523.742416921307,-154.314916570672,-678.05733349198,0.874953645856242
TCGA.DD.A39Z.11A.21R.A213.07,0.892733734566413,0.862921525930269,0.673854433410966,-716.826759776365,-343.20039246661,-1060.02715224298,0.90071334453654
TCGA.G3.A3CH.11A.11R.A22L.07,0.877911147695442,0.86373610861197,0.676689632035801,-157.653076222046,992.809690946799,835.156614724754,0.746787037521611
TCGA.DD.A1EI.11A.11R.A131.07,0.925429750591282,0.913648899418302,0.614598510002396,-299.267178046734,196.503701941796,-102.763476104938,0.830994800436219
TCGA.DD.A11A.11A.11R.A131.07,0.792754322167977,0.811082291448739,0.555657647642777,-76.7618721548469,942.495198987492,865.733326832645,0.743794517796438
TCGA.BC.A10Y.11A.11R.A131.07,0.855539185107744,0.831522093736379,0.449616575101034,-130.549761687913,521.06192202548,390.512160337567,0.788573913029638
TCGA.DD.A1EG.11A.11R.A213.07,0.906983792204368,0.85128726618364,0.684828962744608,-165.165248191491,813.829517532713,648.664269341223,0.764711013845015
TCGA.DD.A1EE.11A.11R.A131.07,0.832098599484801,0.833534621260839,0.491504699553343,-106.279421366925,750.710034909547,644.430613542622,0.765111313001528
TCGA.DD.A119.11A.11R.A131.07,0.81059884395964,0.91653950643722,0.572628694383907,16.6116504290983,586.376604564107,602.988254993205,0.769014129572934
TCGA.DD.A3A8.11A.11R.A22L.07,0.902044785729614,0.856345190645317,0.695891374300076,-333.03301359148,276.125459879672,-56.9075537118083,0.827231616189315
TCGA.DD.A3A1.11A.11R.A213.07,0.924217185184051,0.822423450695383,0.682317088432333,-14.5794366538464,920.108317797263,905.528881143417,0.739877325077489
TCGA.BC.A10T.11A.11R.A131.07,0.861123918915935,0.847928548476258,0.442710114996106,-333.383721524053,325.487600929466,-7.89612059458688,0.82316804061176
TCGA.DD.A3A4.11A.11R.A22L.07,0.844028338657974,0.761396085397112,0.60132039453336,135.476343187463,661.134725082236,796.611068269699,0.750538017719109
TCGA.DD.A1EH.11A.11R.A131.07,0.939755866264529,0.876861406481215,0.683609155768592,-392.492293560269,166.700321330368,-225.791972229901,0.840904701266677
TCGA.FV.A2QR.11A.11R.A213.07,0.781032990173505,0.752671021968161,0.442789871958858,193.653630993822,1196.42285082115,1390.07648181497,0.690197552247105
TCGA.DD.A39V.11A.11R.A213.07,0.902607281943955,0.868848981410086,0.676435488720496,-390.706968390477,406.936330723628,16.2293623331508,0.821152117344766
TCGA.BC.A10X.11A.11R.A131.07,0.844625474925409,0.898012929605039,0.581422998674204,-300.983096791391,119.0801381429,-181.902958648491,0.837400757010523
TCGA.DD.A39W.11A.11R.A213.07,0.913013936431869,0.924931115507544,0.643001621744501,-493.529603981556,29.7280143288608,-463.801589652696,0.859295050128304
TCGA.DD.A3A3.11A.11R.A22L.07,0.903050752754041,0.76525115344355,0.484007362768106,175.778557185122,872.582970251356,1048.36152743648,0.725610923601891
TCGA.BC.A216.11A.11R.A155.07,0.883442957195472,0.857638405675512,0.612822794716498,-108.308620825606,514.598094167694,406.289473342088,0.787147643715142
TCGA.DD.A1EJ.11A.11R.A155.07,0.841035645147539,0.911162332011809,0.535648630820309,-272.190470246389,428.465272336952,156.274802090563,0.809247344475304
TCGA.BC.A10Z.11A.11R.A131.07,0.811192046506319,0.800820606997052,0.552485615196675,-611.378328267049,51.9879990226201,-559.390329244429,0.866386969639796
TCGA.ES.A2HT.11A.11R.A180.07,0.808863611243304,0.738917039737828,0.765136270577564,-309.956508323047,775.957226571591,466.000718248543,0.781711585977939
TCGA.EP.A12J.11A.11R.A131.07,0.900450332409954,0.866829143746346,0.638962960568412,-170.694471935639,348.069524496755,177.375052561116,0.807423917381211
TCGA.DD.A113.11A.12R.A131.07,0.821550420217588,1,0.543854076010492,-613.888001624695,-31.2317660151088,-645.119767639804,0.872602360661634
TCGA.DD.A3A2.11A.11R.A213.07,0.918304366466309,0.857030647439334,0.542579340665358,-337.865239444278,141.087259270014,-196.777980174263,0.838592227228586
TCGA.BC.A10W.11A.11R.A131.07,0.903996200645398,0.887458357861283,0.619131729235638,-300.688998628463,563.645583815437,262.956585186975,0.799948955455874
