,StromalScore,ImmuneScore,ESTIMATEScore,sample_name,TumourPurity
TCGA.FV.A3I0.01A.11R.A22L.07,-751.08441422592,-86.5687104089495,-837.653124634869,TCGA-FV-A3I0,0.886055943748406
TCGA.BD.A3ER.01A.11R.A213.07,-124.011396538428,123.066538985642,-0.944857552786246,TCGA-BD-A3ER,0.822588251285108
TCGA.CC.5261.01A.01R.A131.07,-87.9404203796524,599.199685980172,511.259265600519,TCGA-CC-5261,0.777551256722689
TCGA.DD.AAVZ.01A.11R.A41C.07,-992.151226718851,-423.311824221193,-1415.46305094004,TCGA-DD-AAVZ,0.922142474778075
TCGA.DD.AADN.01A.11R.A41C.07,-928.813209594072,1369.00793601126,440.194726417187,TCGA-DD-AADN,0.784068333302392
TCGA.DD.A1EB.01A.11R.A131.07,-784.692624545205,-446.591740051197,-1231.2843645964,TCGA-DD-A1EB,0.911348153626766
TCGA.LG.A9QD.01A.11R.A38B.07,-945.227928665853,-64.2128409539784,-1009.44076961983,TCGA-LG-A9QD,0.89746280436913
TCGA.G3.A25T.01A.11R.A16W.07,-673.523648568308,-138.972448482819,-812.496097051127,TCGA-G3-A25T,0.884338022885897
TCGA.XR.A8TE.01A.11R.A36F.07,-680.635959085929,-449.987324784691,-1130.62328387062,TCGA-XR-A8TE,0.905166601046091
TCGA.DD.AACA.01A.11R.A41C.07,-1228.32233512035,-680.610137510119,-1908.93247263047,TCGA-DD-AACA,0.947721570966318
TCGA.FV.A4ZQ.01A.11R.A266.07,-878.248882220493,1167.64243592406,289.393553703564,TCGA-FV-A4ZQ,0.797614289668498
TCGA.DD.AAD5.01A.11R.A41C.07,-964.425452719182,388.256374108317,-576.169078610865,TCGA-DD-AAD5,0.867614259833432
TCGA.K7.A5RF.01A.11R.A28V.07,150.497626285103,717.880639075659,868.378265360762,TCGA-K7-A5RF,0.74353495468181
TCGA.DD.AADA.01A.11R.A41C.07,-507.908072663973,357.133578829623,-150.77449383435,TCGA-DD-AADA,0.834894494285854
TCGA.MI.A75I.01A.11R.A32O.07,-1232.79317737165,-265.432479281872,-1498.22565665353,TCGA-MI-A75I,0.926773998779666
TCGA.DD.AAD0.01A.11R.A41C.07,-1373.98061166111,-876.147572896431,-2250.12818455754,TCGA-DD-AAD0,0.962508114157943
TCGA.DD.AACN.01A.11R.A41C.07,-491.189025749606,-217.906916878876,-709.095942628482,TCGA-DD-AACN,0.877150654903366
TCGA.DD.AAW0.01A.11R.A41C.07,-272.373743684059,518.721420916833,246.347677232775,TCGA-DD-AAW0,0.801409539559955
TCGA.BC.A10R.01A.11R.A131.07,-304.702411229714,-334.609970752845,-639.312381982559,TCGA-BC-A10R,0.872185677065499
TCGA.DD.AAD3.01A.11R.A41C.07,-175.697297142124,113.18000830798,-62.5172888341441,TCGA-DD-AAD3,0.827693996825324
TCGA.2Y.A9GZ.01A.11R.A39D.07,-1103.26181192877,-799.991220045651,-1903.25303197442,TCGA-2Y-A9GZ,0.947455216930811
TCGA.DD.A11B.01A.11R.A131.07,-977.765787093341,-691.610549498383,-1669.37633659172,TCGA-DD-A11B,0.935917211618245
TCGA.DD.AAVU.01A.11R.A41C.07,-1240.03160353403,-489.428657031727,-1729.46026056575,TCGA-DD-AAVU,0.938987219264466
TCGA.XR.A8TG.01A.11R.A36F.07,-777.752602543593,-208.546963011477,-986.299565555071,TCGA-XR-A8TG,0.895959307890698
TCGA.DD.AADJ.01A.11R.A41C.07,-980.5211019264,-107.446183865624,-1087.96728579202,TCGA-DD-AADJ,0.902487420761702
TCGA.G3.A5SJ.01A.11R.A27V.07,-729.521115636664,651.029395278299,-78.491720358365,TCGA-G3-A5SJ,0.82900760864759
TCGA.ED.A66Y.01A.11R.A311.07,-1285.91977510936,-1195.30218799916,-2481.22196310852,TCGA-ED-A66Y,0.971154035970062
TCGA.BC.A112.01A.11R.A131.07,-430.032859754497,132.796584697105,-297.236275057392,TCGA-BC-A112,0.846533849741442
TCGA.FV.A3I1.01A.11R.A22L.07,-571.641441953786,370.655644281798,-200.985797671989,TCGA-FV-A3I1,0.838928542835428
TCGA.DD.A4NV.01A.11R.A311.07,-447.270430358687,-254.936637860589,-702.207068219276,TCGA-DD-A4NV,0.876664609529757
TCGA.T1.A6J8.01A.11R.A32O.07,-692.946807876931,-265.11317074075,-958.059978617681,TCGA-T1-A6J8,0.894110562909792
TCGA.UB.A7MD.01A.12R.A352.07,-387.392463998182,333.508958141724,-53.8835058564575,TCGA-UB-A7MD,0.826982127299109
TCGA.DD.AACT.01A.11R.A41C.07,-512.145853870843,350.516966242743,-161.628887628101,TCGA-DD-AACT,0.835770401961276
TCGA.DD.AADS.01A.11R.A41C.07,-611.057354626564,624.301960003402,13.2446053768374,TCGA-DD-AADS,0.821402082112612
TCGA.ED.A7PX.01A.51R.A352.07,-252.150442456715,-114.373182701495,-366.52362515821,TCGA-ED-A7PX,0.851904128010098
TCGA.FV.A23B.01A.11R.A16W.07,-812.881162985809,-123.6088567466,-936.490019732409,TCGA-FV-A23B,0.892688103800905
TCGA.DD.A4NF.01A.11R.A27V.07,-926.248394980746,-821.642396774027,-1747.89079175477,TCGA-DD-A4NF,0.939914305619152
TCGA.DD.AACO.01A.11R.A41C.07,-685.652566330745,366.102882534147,-319.549683796598,TCGA-DD-AACO,0.848272888727019
TCGA.G3.A7M7.01A.12R.A352.07,-985.343232768294,-645.5662459653,-1630.90947873359,TCGA-G3-A7M7,0.933913495836828
TCGA.CC.5262.01A.01R.A131.07,-49.1322181879246,613.190296977259,564.058078789334,TCGA-CC-5262,0.772654442364178
TCGA.G3.A7M8.01A.11R.A33R.07,-417.084514631825,-200.11199289214,-617.196507523965,TCGA-G3-A7M8,0.870593048944034
TCGA.DD.AAEH.01A.11R.A41C.07,-423.369675368505,841.854471095006,418.484795726502,TCGA-DD-AAEH,0.786042293086697
TCGA.BC.4073.01B.02R.A131.07,-196.154538105522,1413.4640933718,1217.30955526628,TCGA-BC-4073,0.708324809856993
TCGA.G3.AAV4.01A.11R.A38B.07,-989.753908980917,-627.808605444859,-1617.56251442578,TCGA-G3-AAV4,0.933211299071565
TCGA.DD.AACQ.01A.11R.A41C.07,-1508.75399623056,-848.534227501244,-2357.2882237318,TCGA-DD-AACQ,0.966655632291422
TCGA.DD.A1ED.01A.11R.A155.07,-316.144561075457,563.426685718633,247.282124643176,TCGA-DD-A1ED,0.801327490817758
TCGA.EP.A2KB.01A.11R.A180.07,-1271.88032241096,-563.146704958058,-1835.02702736902,TCGA-EP-A2KB,0.944204143669117
TCGA.BD.A2L6.01A.11R.A213.07,-793.493607933952,-164.33059606534,-957.824203999293,TCGA-BD-A2L6,0.894095062871406
TCGA.G3.A5SI.01A.31R.A27V.07,-1179.13937714015,-872.034257962046,-2051.1736351022,TCGA-G3-A5SI,0.954177085202608
TCGA.G3.AAV2.01A.11R.A37K.07,-929.210033708411,-416.978564571066,-1346.18859827948,TCGA-G3-AAV2,0.918161106621469
TCGA.GJ.A6C0.01A.12R.A311.07,-618.085057731944,594.691738434949,-23.3933192969952,TCGA-GJ-A6C0,0.824457541269156
TCGA.DD.A73D.01A.12R.A32O.07,-1553.94558679535,-1089.49560909993,-2643.44119589528,TCGA-DD-A73D,0.976556206651894
TCGA.ED.A7XO.01A.11R.A352.07,-460.478888955743,193.784791214125,-266.694097741618,TCGA-ED-A7XO,0.844138766649639
TCGA.G3.A5SK.01A.11R.A27V.07,-533.243869111601,312.489683488884,-220.754185622717,TCGA-G3-A5SK,0.840504272536631
TCGA.ED.A8O5.01A.11R.A36F.07,-791.354551079928,-765.384199937297,-1556.73875101722,TCGA-ED-A8O5,0.929965986103262
TCGA.2Y.A9GT.01A.11R.A38B.07,-304.608957789435,890.635909018358,586.026951228923,TCGA-2Y-A9GT,0.77060325431449
TCGA.DD.AAW1.01A.11R.A41C.07,-1164.51949132619,-573.397301501904,-1737.91679282809,TCGA-DD-AAW1,0.939413450551345
TCGA.CC.A3MB.01A.11R.A213.07,-1094.40106206298,-465.61335182564,-1560.01441388862,TCGA-CC-A3MB,0.930142653359987
TCGA.ZP.A9CZ.01A.11R.A38B.07,-401.491009317403,560.755494922646,159.264485605244,TCGA-ZP-A9CZ,0.808989455688736
TCGA.G3.A7M6.01A.11R.A33R.07,-789.926895981147,-209.520640699146,-999.447536680293,TCGA-G3-A7M6,0.896814808017325
TCGA.G3.A3CG.01A.11R.A213.07,-635.960232522631,-81.7760511479412,-717.736283670572,TCGA-G3-A3CG,0.877759007192046
TCGA.ES.A2HS.01A.11R.A180.07,-615.467041179111,-477.135416639803,-1092.60245781891,TCGA-ES-A2HS,0.902780266626885
TCGA.UB.A7MA.01A.11R.A33R.07,-863.961107983191,-362.297903935622,-1226.25901191881,TCGA-UB-A7MA,0.911044256546249
TCGA.KR.A7K2.01A.12R.A33R.07,-538.597697333311,8.50715101689388,-530.090546316417,TCGA-KR-A7K2,0.864231224835167
TCGA.DD.AACP.01A.11R.A41C.07,-1500.06378568832,-797.488319103467,-2297.55210479178,TCGA-DD-AACP,0.964373045388654
TCGA.2Y.A9HA.01A.11R.A39D.07,-1127.47692147421,-472.63625087998,-1600.11317235419,TCGA-2Y-A9HA,0.932287869940947
TCGA.WJ.A86L.01A.12R.A39D.07,-1324.71324743292,-500.158756576995,-1824.87200400992,TCGA-WJ-A86L,0.943712136579318
TCGA.RC.A6M3.01A.11R.A32O.07,-1397.0151946751,-174.69984952626,-1571.71504420136,TCGA-RC-A6M3,0.93077195052691
TCGA.DD.A39X.01A.11R.A213.07,-619.622395704031,17.8534761277315,-601.768919576299,TCGA-DD-A39X,0.869476630172532
TCGA.DD.AADL.01A.11R.A41C.07,-1219.58800391317,-766.492312316598,-1986.08031622977,TCGA-DD-AADL,0.951274326680295
TCGA.2Y.A9GU.01A.11R.A38B.07,-1090.30614359787,-708.43044732807,-1798.73659092594,TCGA-2Y-A9GU,0.942436245172753
TCGA.WQ.AB4B.01A.11R.A41C.07,-577.03163640911,69.4126196754146,-507.619016733695,TCGA-WQ-AB4B,0.862567037856347
TCGA.DD.AAE9.01A.11R.A41C.07,-1383.65071200373,-488.748580660216,-1872.39929266395,TCGA-DD-AAE9,0.945996739537453
TCGA.2Y.A9H1.01A.11R.A38B.07,-854.994108813495,414.11618899926,-440.877919814235,TCGA-2Y-A9H1,0.857569094054549
TCGA.DD.AADK.01A.11R.A41C.07,-329.195589245322,233.494282638686,-95.7013066066363,TCGA-DD-AADK,0.830417689206888
TCGA.BC.A10U.01A.11R.A131.07,-1328.66557161804,-323.312288589353,-1651.97786020739,TCGA-BC-A10U,0.935014627508915
TCGA.DD.AAE1.01A.11R.A41C.07,-1233.70480298714,-278.777160557344,-1512.48196354448,TCGA-DD-AAE1,0.927558012862715
TCGA.FV.A4ZP.01A.12R.A266.07,-720.447798399136,631.868992075446,-88.5788063236895,TCGA-FV-A4ZP,0.829834743965568
TCGA.DD.AAVP.01A.11R.A41C.07,-747.289079492562,-409.687998066459,-1156.97707755902,TCGA-DD-AAVP,0.90680412778605
TCGA.DD.A4NP.01A.11R.A28V.07,-792.051681629256,-267.863589980652,-1059.91527160991,TCGA-DD-A4NP,0.900706210130898
TCGA.DD.A11C.01A.11R.A131.07,-321.920259779598,-73.5289346251204,-395.449194404718,TCGA-DD-A11C,0.854120030567927
TCGA.CC.A9FW.01A.11R.A37K.07,-1359.71131178271,-388.439460565878,-1748.15077234859,TCGA-CC-A9FW,0.939927333886698
TCGA.MI.A75E.01A.11R.A32O.07,-364.698333961112,328.962285067428,-35.7360488936839,TCGA-MI-A75E,0.825481511085051
TCGA.WX.AA46.01A.11R.A39D.07,-552.623697589095,-106.912252491886,-659.535950080981,TCGA-WX-AA46,0.873633989426112
TCGA.G3.A25X.01A.11R.A16W.07,-216.23774436051,996.73525682685,780.497512466339,TCGA-G3-A25X,0.752098960358885
TCGA.DD.AAW2.01A.11R.A41C.07,-970.754079881905,-707.035743604065,-1677.78982348597,TCGA-DD-AAW2,0.936351490344075
TCGA.DD.AAD2.01A.11R.A41C.07,82.6820889514305,445.728034039384,528.410122990814,TCGA-DD-AAD2,0.775965711568214
TCGA.5C.A9VG.01A.11R.A37K.07,-720.272902953587,-804.546566940063,-1524.81946989365,TCGA-5C-A9VG,0.928233225478138
TCGA.BC.A3KF.01A.11R.A213.07,-988.995430283997,-527.25357882247,-1516.24900910647,TCGA-BC-A3KF,0.927764500160781
TCGA.G3.A7M9.01A.23R.A352.07,-1219.13179344301,-676.989326416748,-1896.12111985976,TCGA-G3-A7M9,0.947119812368446
TCGA.2Y.A9H7.01A.11R.A39D.07,-1200.96680115203,-325.263657888954,-1526.23045904099,TCGA-2Y-A9H7,0.92831025277608
TCGA.DD.AAVW.01A.11R.A41C.07,-7.78420415652827,330.942839092155,323.158634935626,TCGA-DD-AAVW,0.794615010985793
TCGA.DD.A4NB.01A.12R.A266.07,787.152563202039,358.918018784208,1146.07058198625,TCGA-DD-A4NB,0.715667443489007
TCGA.PD.A5DF.01A.11R.A27V.07,-103.716660453059,443.800547867351,340.083887414293,TCGA-PD-A5DF,0.793104228389598
TCGA.DD.A1EF.01A.11R.A131.07,-918.528416989664,-81.4115246188995,-999.939941608563,TCGA-DD-A1EF,0.89684678249537
TCGA.MI.A75G.01A.11R.A32O.07,-1257.12513194306,-708.769034470961,-1965.89416641402,TCGA-MI-A75G,0.950356494685853
TCGA.DD.AADW.01A.11R.A39D.07,-636.277519591688,-648.610551745506,-1284.88807133719,TCGA-DD-AADW,0.914558829748072
TCGA.XR.A8TF.01A.11R.A36F.07,-1241.66029852085,-709.1193498624,-1950.77964838325,TCGA-XR-A8TF,0.949663798424059
TCGA.CC.A5UE.01A.11R.A28V.07,-1433.7868200042,-435.632549140498,-1869.4193691447,TCGA-CC-A5UE,0.9458548484962
TCGA.DD.A1EL.01A.11R.A155.07,-1440.65042699219,-256.279031421949,-1696.92945841414,TCGA-DD-A1EL,0.937334099500309
TCGA.5R.AA1C.01A.11R.A41C.07,-1000.07768416392,-208.393463033564,-1208.47114719749,TCGA-5R-AA1C,0.909964592988872
TCGA.DD.AAD8.01A.11R.A41C.07,-1163.18214050681,-312.50494017024,-1475.68708067705,TCGA-DD-AAD8,0.925526229155971
TCGA.MR.A520.01A.11R.A266.07,-950.397138305424,-373.99007236332,-1324.38721066874,TCGA-MR-A520,0.916888468456571
TCGA.G3.AAV5.01A.11R.A37K.07,-1277.76751356228,-530.220184410423,-1807.9876979727,TCGA-G3-AAV5,0.942889457146557
TCGA.EP.A3JL.01A.11R.A213.07,-155.44313561671,751.871219411279,596.428083794569,TCGA-EP-A3JL,0.769629325668572
TCGA.DD.AADF.01A.11R.A41C.07,-1270.96802766863,-239.799065424577,-1510.76709309321,TCGA-DD-AADF,0.927463919797732
TCGA.XR.A8TC.01A.11R.A36F.07,-970.577712860894,-594.109386572107,-1564.687099433,TCGA-XR-A8TC,0.930394294453201
TCGA.ZP.A9D2.01A.11R.A38B.07,-623.236491560123,-78.3703279338748,-701.606819493998,TCGA-ZP-A9D2,0.876622216443629
TCGA.ZP.A9CY.01A.11R.A38B.07,-279.697051969288,139.008096612931,-140.688955356357,TCGA-ZP-A9CY,0.834078730631396
TCGA.ZS.A9CD.01A.11R.A37K.07,-484.00790993983,164.981194038819,-319.02671590101,TCGA-ZS-A9CD,0.84823223427539
TCGA.CC.A3MC.01A.11R.A22L.07,-816.3687594833,-39.278059898322,-855.646819381622,TCGA-CC-A3MC,0.88727728515215
TCGA.LG.A9QC.01A.11R.A37K.07,-1070.30063635431,-820.325491072716,-1890.62612742703,TCGA-LG-A9QC,0.946860682010905
TCGA.CC.A8HU.01A.11R.A36F.07,-1343.37440397529,-534.773906723286,-1878.14831069857,TCGA-CC-A8HU,0.946269971388588
TCGA.DD.A11D.01A.11R.A131.07,-836.43704288048,-475.52944179599,-1311.96648467647,TCGA-DD-A11D,0.916159219116021
TCGA.G3.A25Y.01A.11R.A16W.07,-334.0732287411,76.6183735411555,-257.454855199945,TCGA-G3-A25Y,0.84341089086688
TCGA.K7.AAU7.01A.11R.A38B.07,-376.172051611668,289.506722950186,-86.6653286614816,TCGA-K7-AAU7,0.829677979653397
TCGA.DD.AAD1.01A.11R.A41C.07,61.8434035421174,733.64829807907,795.491701621187,TCGA-DD-AAD1,0.750646588142318
TCGA.DD.AACH.01A.11R.A41C.07,-842.461846089056,-31.4653951578212,-873.927241246877,TCGA-DD-AACH,0.888511749788013
TCGA.2V.A95S.01A.11R.A37K.07,-509.967945553924,1550.94270483777,1040.97475928385,TCGA-2V-A95S,0.726356603805929
TCGA.RC.A7SH.01A.11R.A38B.07,-1311.74059038192,-746.880016888462,-2058.62060727039,TCGA-RC-A7SH,0.954503625772712
TCGA.CC.A7IE.01A.21R.A38B.07,-764.133139101847,642.85107843606,-121.282060665787,TCGA-CC-A7IE,0.832503872244544
TCGA.BC.A10Q.01A.11R.A131.07,-977.280230958385,-312.800569133111,-1290.0808000915,TCGA-BC-A10Q,0.914866851121033
TCGA.FV.A3R2.01A.11R.A22L.07,-1242.80692196495,-370.235822242201,-1613.04274420715,TCGA-FV-A3R2,0.932972697546487
TCGA.RC.A7SB.01A.21R.A352.07,-1176.81599402209,-368.115313997105,-1544.9313080192,TCGA-RC-A7SB,0.929327387921563
TCGA.5R.AAAM.01A.12R.A41C.07,310.856059124463,541.493619678841,852.349678803304,TCGA-5R-AAAM,0.745106212768748
TCGA.DD.AACX.01A.11R.A41C.07,-1299.8003789632,-414.697913131716,-1714.49829209492,TCGA-DD-AACX,0.938229552887093
TCGA.DD.AADQ.01A.11R.A41C.07,-1213.25523034233,-28.6540596954156,-1241.90929003774,TCGA-DD-AADQ,0.911989039652407
TCGA.DD.A1EI.01A.11R.A131.07,-287.165512440728,48.4248781829299,-238.740634257798,TCGA-DD-A1EI,0.841931815872882
TCGA.DD.AAEE.01A.11R.A41C.07,-1088.13565891749,-589.405812446649,-1677.54147136414,TCGA-DD-AAEE,0.936338691612192
TCGA.GJ.A9DB.01A.11R.A37K.07,-376.493354454268,-55.5534017675395,-432.046756221808,TCGA-GJ-A9DB,0.856901591077621
TCGA.DD.A3A3.01A.11R.A22L.07,-1223.94788083345,-238.972978673972,-1462.92085950742,TCGA-DD-A3A3,0.924814976931019
TCGA.ED.A459.01A.11R.A266.07,-924.967231550081,175.694726847047,-749.272504703034,TCGA-ED-A459,0.879967432154331
TCGA.2Y.A9H5.01A.11R.A38B.07,-465.484317328568,-208.576059442976,-674.060376771544,TCGA-2Y-A9H5,0.874669407885463
TCGA.DD.AAE0.01A.11R.A41C.07,-814.813356609172,-334.367021642397,-1149.18037825157,TCGA-DD-AAE0,0.906321082257347
TCGA.CC.A7IG.01A.11R.A33J.07,-1117.65813105991,14.3006409708185,-1103.3574900891,TCGA-CC-A7IG,0.903458149477833
TCGA.DD.A73B.01A.12R.A32O.07,-1168.46361471061,-699.320378053396,-1867.78399276401,TCGA-DD-A73B,0.945776902047628
TCGA.CC.5264.01A.01R.A131.07,-1115.16927308633,-398.616377823233,-1513.78565090956,TCGA-CC-5264,0.927629505437168
TCGA.BC.A5W4.01A.11R.A28V.07,-1255.0349483359,-990.58106019862,-2245.61600853452,TCGA-BC-A5W4,0.962328242741263
TCGA.RC.A7SF.01A.11R.A352.07,-1034.77900642773,-211.999647969021,-1246.77865439675,TCGA-RC-A7SF,0.912282014173164
TCGA.DD.A1EE.01A.11R.A131.07,-1204.14657516201,-590.616688247447,-1794.76326340946,TCGA-DD-A1EE,0.942241058202914
TCGA.BC.A3KG.01A.11R.A213.07,-1257.48123820691,-497.763753705249,-1755.24499191216,TCGA-BC-A3KG,0.940282314319869
TCGA.DD.A119.01A.11R.A131.07,-555.840330180104,-60.4026262028295,-616.242956382934,TCGA-DD-A119,0.870524174522445
TCGA.DD.AAEK.01A.11R.A41C.07,-377.878994976742,928.641533697659,550.762538720918,TCGA-DD-AAEK,0.773891917878822
TCGA.O8.A75V.01A.11R.A32O.07,-406.777255617338,588.50580282523,181.728547207892,TCGA-O8-A75V,0.807046735536874
TCGA.ED.A7PZ.01A.11R.A33R.07,-1595.26854214534,-879.408966240469,-2474.67750838581,TCGA-ED-A7PZ,0.970924517997394
TCGA.ED.A97K.01A.21R.A38B.07,-474.838493547454,89.7667461918495,-385.071747355605,TCGA-ED-A97K,0.853326814055519
TCGA.DD.A1EA.01A.11R.A131.07,-965.26049794122,185.93003778843,-779.330460152791,TCGA-DD-A1EA,0.882054785846953
TCGA.DD.A118.01A.11R.A131.07,-503.141072621817,-443.245357071262,-946.386429693079,TCGA-DD-A118,0.893341847392979
TCGA.DD.A4NG.01A.11R.A27V.07,-1066.96791625392,-66.681405157629,-1133.64932141155,TCGA-DD-A4NG,0.905355316611553
TCGA.DD.A4NJ.01A.11R.A27V.07,-376.568697846697,377.98459399704,1.41589615034377,TCGA-DD-A4NJ,0.822391151241969
TCGA.DD.AADG.01A.11R.A41C.07,-1177.86777657238,-835.411925035851,-2013.27970160823,TCGA-DD-AADG,0.952497829017059
TCGA.K7.A6G5.01A.11R.A311.07,-602.531385979198,276.977250936698,-325.5541350425,TCGA-K7-A6G5,0.848739304210061
TCGA.BC.A10T.01A.11R.A131.07,-107.133741266566,-320.070117349459,-427.203858616025,TCGA-BC-A10T,0.856534929531082
TCGA.HP.A5N0.01A.11R.A28V.07,63.3562500296689,56.1900186771452,119.546268706814,TCGA-HP-A5N0,0.812402798145063
TCGA.FV.A496.01A.11R.A266.07,-1334.10919277564,-776.59648668001,-2110.70567945565,TCGA-FV-A496,0.956755584865635
TCGA.DD.AACV.01A.11R.A41C.07,-1413.43573389841,-1123.81685451862,-2537.25258841703,TCGA-DD-AACV,0.973082358849032
TCGA.3K.AAZ8.01A.12R.A39D.07,-1250.71097997222,-215.144292948978,-1465.8552729212,TCGA-3K-AAZ8,0.92497875122696
TCGA.UB.A7MF.01A.11R.A33J.07,-659.208716646902,1196.90689967762,537.698183030719,TCGA-UB-A7MF,0.775105004841113
TCGA.DD.A1EK.01A.11R.A213.07,-450.803362872363,303.806705424758,-146.996657447605,TCGA-DD-A1EK,0.834589140151757
TCGA.DD.AAE6.01A.11R.A41C.07,-1504.23537763319,-1198.06666927191,-2702.3020469051,TCGA-DD-AAE6,0.978379621245888
TCGA.MI.A75C.01A.11R.A32O.07,-1399.39039509481,23.4424850674517,-1375.94791002736,TCGA-MI-A75C,0.919883101583549
TCGA.DD.A3A4.01A.11R.A22L.07,-1037.54682736302,-725.833973132188,-1763.38080049521,TCGA-DD-A3A4,0.940688158542264
TCGA.DD.A113.01A.11R.A131.07,-812.201764959669,43.9368934375717,-768.264871522098,TCGA-DD-A113,0.881288338745866
TCGA.DD.AACE.01A.11R.A41C.07,-971.594763274311,-550.758773917713,-1522.35353719202,TCGA-DD-AACE,0.928098512161913
TCGA.UB.A7MB.01A.11R.A33R.07,-1287.52096954814,-765.131009208248,-2052.65197875639,TCGA-UB-A7MB,0.954241999471201
TCGA.ED.A66X.01A.11R.A311.07,91.9604520877243,451.31580461047,543.276256698195,TCGA-ED-A66X,0.774587402877514
TCGA.QA.A7B7.01A.11R.A32O.07,-1373.98254949009,-523.663560691547,-1897.64611018163,TCGA-QA-A7B7,0.94719161794172
TCGA.G3.A25S.01A.11R.A16W.07,-1117.49817018522,50.566644220742,-1066.93152596448,TCGA-G3-A25S,0.901153152575339
TCGA.DD.A4NE.01A.11R.A27V.07,-926.523982879816,-420.180208263752,-1346.70419114357,TCGA-DD-A4NE,0.918191090165342
TCGA.FV.A495.01A.11R.A266.07,-57.2198643971931,684.799657040269,627.579792643076,TCGA-FV-A495,0.766701655848653
TCGA.G3.A25U.01A.11R.A16W.07,-1246.531086371,-673.650439048053,-1920.18152541905,TCGA-G3-A25U,0.948247183804941
TCGA.ED.A4XI.01A.11R.A266.07,51.1355906810842,615.403690461025,666.53928114211,TCGA-ED-A4XI,0.763017647938818
TCGA.UB.A7ME.01A.11R.A33J.07,-579.252071648882,605.781647730699,26.5295760818174,TCGA-UB-A7ME,0.820288293963398
TCGA.DD.A39Y.01A.11R.A213.07,-1340.70171419395,-398.485284818203,-1739.18699901216,TCGA-DD-A39Y,0.93947734723192
TCGA.LG.A6GG.01A.11R.A311.07,-1187.73631740486,-442.612629999566,-1630.34894740443,TCGA-LG-A6GG,0.933884077832278
TCGA.DD.A4ND.01A.11R.A266.07,391.546415910113,617.856864397981,1009.40328030809,TCGA-DD-A4ND,0.729534048900569
TCGA.CC.5260.01A.01R.A131.07,-138.654541460241,196.968356715932,58.3138152556917,TCGA-CC-5260,0.817610908926625
TCGA.DD.AADU.01A.11R.A41C.07,-1242.68255448322,-456.233085778652,-1698.91564026187,TCGA-DD-AADU,0.937435644442976
TCGA.G3.A3CJ.01A.11R.A213.07,-888.526733708694,-307.228434898261,-1195.75516860696,TCGA-G3-A3CJ,0.909188972816838
TCGA.BD.A3EP.01A.11R.A22L.07,-23.9445000007562,825.802210881705,801.857710880949,TCGA-BD-A3EP,0.750028861526107
TCGA.DD.AACK.01A.11R.A41C.07,-1176.39766698068,-394.64234448811,-1571.04001146879,TCGA-DD-AACK,0.930735719730444
TCGA.DD.A3A5.01A.11R.A22L.07,-812.610590386016,-402.544189246657,-1215.15477963267,TCGA-DD-A3A5,0.910370994970205
TCGA.CC.A123.01A.11R.A131.07,-1009.66717371273,-184.559748161555,-1194.22692187429,TCGA-CC-A123,0.909095543039475
TCGA.DD.AACY.01A.11R.A41C.07,-935.504052802479,-230.581419423422,-1166.0854722259,TCGA-DD-AACY,0.907366935256104
TCGA.UB.AA0V.01A.11R.A38B.07,-65.5325363108058,102.426279271926,36.8937429611206,TCGA-UB-AA0V,0.819417214504127
TCGA.CC.A7IH.01A.11R.A33J.07,-1067.871573568,-876.966172150768,-1944.83774571877,TCGA-CC-A7IH,0.949390201592034
TCGA.BC.A8YO.01A.11R.A37K.07,-1014.36503809598,670.518184723022,-343.846853372954,TCGA-BC-A8YO,0.850156185626349
TCGA.DD.AACI.01A.11R.A41C.07,-268.572802602932,1251.17596248336,982.603159880425,TCGA-DD-AACI,0.732218998109836
TCGA.G3.AAV1.01A.11R.A38B.07,-998.367542199162,-580.227025306321,-1578.59456750548,TCGA-G3-AAV1,0.931140671568578
TCGA.RC.A7S9.01A.11R.A33R.07,-1128.11091687674,-70.6694538934266,-1198.78037077017,TCGA-RC-A7S9,0.909373784436689
TCGA.2Y.A9H9.01A.21R.A39D.07,-902.942930740676,-234.225349287119,-1137.16828002779,TCGA-2Y-A9H9,0.905574548020712
TCGA.DD.AAEB.01A.11R.A41C.07,-888.191313313856,-187.469973511012,-1075.66128682487,TCGA-DD-AAEB,0.901707912530305
TCGA.EP.A3RK.01A.11R.A22L.07,-163.316663529326,1161.56241351764,998.245749988312,TCGA-EP-A3RK,0.730653231531136
TCGA.MI.A75H.01A.11R.A32O.07,-737.11537623544,405.91510231224,-331.2002739232,TCGA-MI-A75H,0.849177285120794
TCGA.DD.AAEI.01A.11R.A41C.07,-792.302493491735,123.611011544681,-668.691481947054,TCGA-DD-AAEI,0.874287132640765
TCGA.G3.A25Z.01A.11R.A16W.07,-627.087112005531,-84.0067469917222,-711.093858997254,TCGA-G3-A25Z,0.877291450374517
TCGA.FV.A3R3.01A.11R.A22L.07,279.844369080953,282.194380967921,562.038750048874,TCGA-FV-A3R3,0.772842580002363
TCGA.2Y.A9GW.01A.11R.A38B.07,-200.439540042226,916.426290404269,715.986750362044,TCGA-2Y-A9GW,0.75830597760464
TCGA.ZS.A9CG.01A.11R.A37K.07,-928.360845388649,-400.227570632309,-1328.58841602096,TCGA-ZS-A9CG,0.917134441186052
TCGA.ZP.A9D0.01A.11R.A37K.07,-904.764038324919,-643.50194372391,-1548.26598204883,TCGA-ZP-A9D0,0.929508024646552
TCGA.DD.AADC.01A.11R.A41C.07,-1222.65830164674,-566.367857613237,-1789.02615925998,TCGA-DD-AADC,0.941958661423166
TCGA.DD.AAD6.01A.11R.A41C.07,-1401.23699822338,-462.878285280659,-1864.11528350404,TCGA-DD-AAD6,0.945601843203224
TCGA.DD.AACD.01A.11R.A41C.07,-370.159937352865,523.864103843457,153.704166490592,TCGA-DD-AACD,0.809468961758359
TCGA.NI.A8LF.01A.11R.A36F.07,-536.742159893028,-365.346778903085,-902.088938796113,TCGA-NI-A8LF,0.89040096772032
TCGA.ZP.A9D4.01A.11R.A37K.07,-1032.81373846382,-689.931044236688,-1722.74478270051,TCGA-ZP-A9D4,0.938647710926895
TCGA.DD.AAE7.01A.11R.A41C.07,-447.124821604139,308.894379699004,-138.230441905134,TCGA-DD-AAE7,0.833879597829951
TCGA.DD.A39Z.01A.11R.A213.07,-1348.28486754498,-702.579916517396,-2050.86478406238,TCGA-DD-A39Z,0.954163517837645
TCGA.EP.A2KA.01A.11R.A180.07,-857.780793409048,887.988581707233,30.2077882981849,TCGA-EP-A2KA,0.819979367661994
TCGA.G3.A3CH.01A.11R.A22L.07,-557.078673461264,-14.1934208763151,-571.272094337579,TCGA-G3-A3CH,0.867256610949637
TCGA.DD.A3A9.01A.11R.A266.07,-288.035406196972,281.06330871401,-6.97209748296217,TCGA-DD-A3A9,0.823091019284914
TCGA.DD.AAC8.01A.11R.A41C.07,-1118.84898144041,-129.470185243369,-1248.31916668378,TCGA-DD-AAC8,0.912374604966638
TCGA.BC.A216.01A.11R.A155.07,-899.220472138267,359.959149409175,-539.261322729093,TCGA-BC-A216,0.864907689491305
TCGA.DD.AADV.01A.11R.A39D.07,-643.574947048094,-278.278399215238,-921.853346263331,TCGA-DD-AADV,0.891717771746598
TCGA.DD.AAE2.01A.11R.A41C.07,-407.1990469766,325.069141305921,-82.1299056706783,TCGA-DD-AAE2,0.829306147418473
TCGA.G3.AAV7.01A.11R.A38B.07,-783.021254929921,469.543275454159,-313.477979475762,TCGA-G3-AAV7,0.847800579059129
TCGA.CC.A9FU.01A.11R.A37K.07,-1525.49430884151,-694.50504819703,-2219.99935703854,TCGA-CC-A9FU,0.961299072380863
TCGA.5C.A9VH.01A.11R.A37K.07,-441.873655045569,-333.569187191371,-775.442842236941,TCGA-5C-A9VH,0.881785778892174
TCGA.WX.AA44.01A.11R.A39D.07,-998.655811632798,-68.0900018305015,-1066.7458134633,TCGA-WX-AA44,0.901141334815926
TCGA.BC.A10Y.01A.11R.A131.07,-1076.23712276146,-78.5230638948043,-1154.76018665626,TCGA-BC-A10Y,0.906666900837244
TCGA.DD.A1EG.01A.11R.A213.07,-219.905616661145,738.325134564617,518.419517903472,TCGA-DD-A1EG,0.776889911609838
TCGA.2Y.A9GY.01A.11R.A38B.07,-875.356897637185,1162.46414293887,287.107245301686,TCGA-2Y-A9GY,0.797816670017314
TCGA.DD.A4NO.01A.11R.A28V.07,-643.562406302153,-296.329170099473,-939.891576401626,TCGA-DD-A4NO,0.892913018621301
TCGA.DD.AACW.01A.11R.A41C.07,-1193.31525323199,-452.191563591602,-1645.50681682359,TCGA-DD-AACW,0.934677371701126
TCGA.BC.A69H.01A.11R.A311.07,-847.373238104901,326.064066619604,-521.309171485297,TCGA-BC-A69H,0.86358201583551
TCGA.DD.A3A8.01A.11R.A22L.07,-1119.66506940952,-566.438138339254,-1686.10320774878,TCGA-DD-A3A8,0.936779199312739
TCGA.5C.AAPD.01A.21R.A39D.07,-488.029340424096,1083.14431503464,595.114974610541,TCGA-5C-AAPD,0.769752379989623
TCGA.KR.A7K7.01A.11R.A33J.07,-1015.33296426657,543.390016968813,-471.942947297759,TCGA-KR-A7K7,0.859905684325658
TCGA.2Y.A9H4.01A.11R.A38B.07,-930.382521498416,19.7530620093334,-910.629459489082,TCGA-2Y-A9H4,0.890970900256884
TCGA.G3.A6UC.01A.21R.A33J.07,-1244.28385489254,-740.378267360756,-1984.6621222533,TCGA-G3-A6UC,0.951210116350972
TCGA.CC.A5UC.01A.11R.A28V.07,-498.850506109619,-138.613987571865,-637.464493681483,TCGA-CC-A5UC,0.872052956973399
TCGA.DD.AAVR.01A.11R.A41C.07,143.091224271905,1094.80389011115,1237.89511438306,TCGA-DD-AAVR,0.706188586601473
TCGA.DD.AADO.01A.11R.A41C.07,-803.976004357274,838.90252336318,34.9265190059058,TCGA-DD-AADO,0.819582700104352
TCGA.DD.AAVV.01A.11R.A41C.07,-131.132408223138,810.182728650298,679.05032042716,TCGA-DD-AAVV,0.761829305231626
TCGA.ZP.A9CV.01A.11R.A38B.07,-406.176589913187,400.910472287624,-5.2661176255628,TCGA-ZP-A9CV,0.822948778692823
TCGA.DD.AADI.01A.11R.A41C.07,-400.061790881925,913.395988304109,513.334197422184,TCGA-DD-AADI,0.777359697361907
TCGA.DD.AACJ.01A.11R.A41C.07,-1300.04592417488,-552.191863258357,-1852.23778743323,TCGA-DD-AACJ,0.945033206979968
TCGA.DD.A116.01A.11R.A131.07,-743.913904317139,-103.6222861172,-847.536190434339,TCGA-DD-A116,0.886727533200443
TCGA.RC.A6M6.01A.11R.A32O.07,-1474.31742503466,-511.454205145568,-1985.77163018023,TCGA-RC-A6M6,0.951260354081689
TCGA.CC.5263.01A.01R.A131.07,-896.239597126692,231.703210000211,-664.536387126481,TCGA-CC-5263,0.873990909448552
TCGA.G3.A5SL.01A.11R.A27V.07,-927.184673608722,-559.7522042992,-1486.93687790792,TCGA-G3-A5SL,0.926150302076585
TCGA.NI.A4U2.01A.11R.A28V.07,-704.518034801522,-249.078883179372,-953.596917980893,TCGA-NI-A4U2,0.89381697551995
TCGA.ED.A82E.01A.11R.A352.07,-654.61932059041,-145.141171769147,-799.760492359557,TCGA-ED-A82E,0.88346373581586
TCGA.UB.AA0U.01A.11R.A38B.07,-104.111286774872,290.406601413146,186.295314638274,TCGA-UB-AA0U,0.806650721790951
TCGA.2Y.A9H3.01A.11R.A38B.07,-285.870634322853,1165.34780136719,879.477167044341,TCGA-2Y-A9H3,0.742444533803923
TCGA.CC.A7II.01A.11R.A33J.07,-994.238143806171,-737.393490517078,-1731.63163432325,TCGA-CC-A7II,0.939096800251421
TCGA.DD.AACG.01A.11R.A41C.07,-1156.7683631914,196.761110684178,-960.007252507225,TCGA-DD-AACG,0.894238537520809
TCGA.DD.AAC9.01A.11R.A41C.07,-130.325794637446,510.651926454346,380.326131816899,TCGA-DD-AAC9,0.789492483845143
TCGA.DD.AAVX.01A.11R.A41C.07,-685.314128952441,293.614686906391,-391.69944204605,TCGA-DD-AAVX,0.853833640928115
TCGA.2Y.A9HB.01A.11R.A39D.07,-377.86449106794,267.709357184688,-110.155133883252,TCGA-2Y-A9HB,0.831597880524107
TCGA.RC.A7SK.01A.11R.A352.07,-1149.36479460309,-627.145683912133,-1776.51047851522,TCGA-RC-A7SK,0.941340285570432
TCGA.DD.AADD.01A.11R.A41C.07,-1511.83293825545,-678.010487671981,-2189.84342592743,TCGA-DD-AADD,0.960070115516506
TCGA.EP.A26S.01A.11R.A16W.07,-1063.22466544945,-799.254986100583,-1862.47965155004,TCGA-EP-A26S,0.945523707791127
TCGA.DD.A4NN.01A.11R.A28V.07,-1089.71494749953,-704.446636133518,-1794.16158363305,TCGA-DD-A4NN,0.942211473154866
TCGA.CC.A7IL.01A.11R.A33R.07,-1549.23035975878,-846.06011025709,-2395.29047001587,TCGA-CC-A7IL,0.968069072442751
TCGA.DD.AAEG.01A.11R.A39D.07,-1033.32866495077,-497.203065950565,-1530.53173090134,TCGA-DD-AAEG,0.928544817735729
TCGA.ED.A7XP.01A.11R.A352.07,-536.447197721033,-1.90342788688019,-538.350625607913,TCGA-ED-A7XP,0.86484058374648
TCGA.DD.A4NA.01A.11R.A266.07,-594.822000890199,137.597548508969,-457.22445238123,TCGA-DD-A4NA,0.858800842456578
TCGA.RC.A6M5.01A.11R.A32O.07,187.345470744202,-205.08870900325,-17.7432382590483,TCGA-RC-A6M5,0.823987899601395
TCGA.FV.A2QQ.01A.11R.A22L.07,-642.297523931997,269.098038676305,-373.199485255692,TCGA-FV-A2QQ,0.852416910672923
TCGA.DD.A1EH.01A.11R.A131.07,-713.232859276453,-532.287630707207,-1245.52048998366,TCGA-DD-A1EH,0.912206358979612
TCGA.2Y.A9H2.01A.12R.A38B.07,-1072.98712222488,203.830425064347,-869.156697160533,TCGA-2Y-A9H2,0.888190214713688
TCGA.CC.A8HS.01A.11R.A36F.07,-1157.66967509796,-826.803248111127,-1984.47292320908,TCGA-CC-A8HS,0.951201547034598
TCGA.G3.A5SM.01A.12R.A28V.07,-175.962559304811,461.536914089532,285.574354784721,TCGA-G3-A5SM,0.797952308706128
TCGA.CC.A7IF.01A.11R.A33J.07,-1183.35856464522,-745.650992169307,-1929.00955681452,TCGA-CC-A7IF,0.948657863637821
TCGA.DD.A73E.01A.12R.A32O.07,-1184.33322329161,-1061.00556463677,-2245.33878792838,TCGA-DD-A73E,0.962317177973928
TCGA.DD.A39V.01A.11R.A213.07,-516.366866715839,871.733705236872,355.366838521033,TCGA-DD-A39V,0.791735834823989
TCGA.CC.A7IK.01A.12R.A33R.07,-1347.3663475244,-1051.35200121422,-2398.71834873862,TCGA-CC-A7IK,0.968195087069072
TCGA.CC.A9FS.01A.11R.A37K.07,-947.626450118176,-456.257848735338,-1403.88429885351,TCGA-CC-A9FS,0.921483641942729
TCGA.UB.A7MC.01A.11R.A33R.07,-1346.12203379087,-853.22277692544,-2199.34481071631,TCGA-UB-A7MC,0.960459360265808
TCGA.RC.A6M4.01A.11R.A32O.07,-1366.86312349805,-974.2075327508,-2341.07065624885,TCGA-RC-A6M4,0.966043282756485
TCGA.BC.A10W.01A.11R.A131.07,-738.706004710713,28.4061393476881,-710.299865363025,TCGA-BC-A10W,0.877235505761232
TCGA.DD.A39W.01A.11R.A213.07,-1103.08960326837,-686.790714569658,-1789.88031783803,TCGA-DD-A39W,0.942000747897677
TCGA.WX.AA47.01A.11R.A39D.07,-1389.86514945994,-621.460426098555,-2011.32557555849,TCGA-WX-AA47,0.952410433112836
TCGA.G3.A3CK.01A.11R.A213.07,-923.32856913895,176.176069852997,-747.152499285953,TCGA-G3-A3CK,0.879819562665767
TCGA.ZP.A9D1.01A.11R.A38B.07,-470.474201217831,107.957945939464,-362.516255278367,TCGA-ZP-A9D1,0.851595923064261
TCGA.WQ.A9G7.01A.11R.A37K.07,-1275.04869751693,-616.497857776932,-1891.54655529386,TCGA-WQ-A9G7,0.946904130086379
TCGA.2Y.A9H0.01A.11R.A38B.07,-979.355445581393,221.172206304745,-758.183239276647,TCGA-2Y-A9H0,0.880588020152718
TCGA.DD.A115.01A.11R.A131.07,-523.568154605648,-40.8090077664401,-564.377162372088,TCGA-DD-A115,0.866752283309389
TCGA.DD.AAE3.01A.11R.A41C.07,-358.072726393261,-86.1532585202545,-444.225984913516,TCGA-DD-AAE3,0.857821780682117
TCGA.DD.A73G.01A.22R.A32O.07,-721.704637030804,-36.1823274909862,-757.88696452179,TCGA-DD-A73G,0.880567410308252
TCGA.DD.AACL.01A.11R.A41C.07,-423.446791307421,1167.09464236807,743.647851060649,TCGA-DD-AACL,0.755652810655279
TCGA.DD.A4NI.01A.11R.A27V.07,-334.516404227719,388.267554859121,53.7511506314018,TCGA-DD-A4NI,0.817996346077739
TCGA.DD.A1EJ.01A.11R.A155.07,-1127.15703681238,-223.712464410561,-1350.86950122294,TCGA-DD-A1EJ,0.91843312475583
TCGA.DD.AAW3.01A.11R.A41C.07,-1073.5681964876,-791.707349305541,-1865.27554579314,TCGA-DD-AAW3,0.945657236789019
TCGA.BW.A5NP.01A.11R.A27V.07,-1478.66878641516,-911.017191895599,-2389.68597831076,TCGA-BW-A5NP,0.967862513896014
TCGA.DD.AA3A.01A.11R.A37K.07,-1369.35875813644,-328.970797523631,-1698.32955566007,TCGA-DD-AA3A,0.937405688742784
TCGA.DD.AADB.01A.11R.A41C.07,-938.743881115901,619.303387108349,-319.440494007552,TCGA-DD-AADB,0.848264400949646
TCGA.DD.AAED.01A.12R.A41C.07,-1385.60523253675,-380.902644343527,-1766.50787688027,TCGA-DD-AAED,0.940843791775933
TCGA.DD.A11A.01A.11R.A131.07,-1186.39369460725,-560.513679500419,-1746.90737410766,TCGA-DD-A11A,0.939865011758173
TCGA.BC.A10S.01A.22R.A131.07,-202.542250694729,490.461116605111,287.918865910381,TCGA-BC-A10S,0.797744836950497
TCGA.KR.A7K0.01A.12R.A33R.07,-790.025140209319,-215.33119726844,-1005.35633747776,TCGA-KR-A7K0,0.897198188698791
TCGA.CC.A8HV.01A.11R.A36F.07,-1195.44407246605,-668.951467852693,-1864.39554031875,TCGA-CC-A8HV,0.945615225819609
TCGA.CC.A3MA.01A.11R.A213.07,-578.070009823328,-387.501623419183,-965.571633242511,TCGA-CC-A3MA,0.894603825253392
TCGA.DD.A4NK.01A.11R.A28V.07,-911.059632737622,-552.347703938093,-1463.40733667571,TCGA-DD-A4NK,0.924842139864101
TCGA.DD.A3A7.01A.11R.A22L.07,-1193.19477450968,-129.882798631232,-1323.07757314091,TCGA-DD-A3A7,0.91681172032837
TCGA.CC.5258.01A.01R.A131.07,-809.388206492002,86.6215121710081,-722.766694320994,TCGA-CC-5258,0.8781125399294
TCGA.BC.A69I.01A.11R.A311.07,-523.652926144323,-64.7269976782932,-588.379923822616,TCGA-BC-A69I,0.868504119988359
TCGA.DD.AADM.01A.11R.A41C.07,-819.063476815534,49.565119481831,-769.498357333703,TCGA-DD-AADM,0.881373890110072
TCGA.DD.AACF.01A.11R.A41C.07,-1105.65516257475,134.649125690692,-971.006036884062,TCGA-DD-AACF,0.894960004238085
TCGA.EP.A2KC.01A.11R.A213.07,-963.028726778576,-332.908895429646,-1295.93762220822,TCGA-EP-A2KC,0.915213627209191
TCGA.CC.5259.01A.31R.A213.07,-1223.26537543034,162.16752876012,-1061.09784667022,TCGA-CC-5259,0.90078160830553
TCGA.DD.AACB.01A.11R.A41C.07,-748.680939159887,807.381548951093,58.7006097912058,TCGA-DD-AACB,0.817578217079207
TCGA.BC.A217.01A.11R.A155.07,-1017.27476105213,148.425810001919,-868.848951050213,TCGA-BC-A217,0.888169457643754
TCGA.G3.AAV0.01A.11R.A37K.07,-873.795313689664,-387.982864756251,-1261.77817844591,TCGA-G3-AAV0,0.91318155917346
TCGA.BC.A10Z.01A.11R.A131.07,-1469.94694867956,-979.985747814969,-2449.93269649453,TCGA-BC-A10Z,0.970048605552307
TCGA.DD.A73C.01A.12R.A33J.07,-324.70869039096,-322.719517285967,-647.428207676927,TCGA-DD-A73C,0.872767816587023
TCGA.ZS.A9CF.01A.11R.A38B.07,-1036.55256797473,-111.282754165763,-1147.8353221405,TCGA-ZS-A9CF,0.906237629049826
TCGA.G3.A7M5.01A.11R.A33R.07,-986.64505474687,-220.349941034373,-1206.99499578124,TCGA-G3-A7M5,0.909874716685622
TCGA.ZS.A9CE.01A.11R.A37K.07,-1201.83056658258,-721.497306925507,-1923.32787350809,TCGA-ZS-A9CE,0.948393734511373
TCGA.ES.A2HT.01A.12R.A180.07,-384.249482014958,174.116408221304,-210.133073793654,TCGA-ES-A2HT,0.839658547178181
TCGA.DD.AAVQ.01A.11R.A41C.07,-480.081916707935,1417.91476163903,937.832844931095,TCGA-DD-AAVQ,0.736678980091547
TCGA.DD.AACU.01A.11R.A41C.07,-941.726829403339,-118.81030799551,-1060.53713739885,TCGA-DD-AACU,0.900745862198986
TCGA.DD.AADR.01A.11R.A41C.07,-890.796851306958,5.77546965678714,-885.021381650171,TCGA-DD-AADR,0.889257810744862
TCGA.DD.AACS.01A.11R.A41C.07,-1392.0238325534,-715.377946908177,-2107.40177946158,TCGA-DD-AACS,0.95661439674739
TCGA.ED.A8O6.01A.11R.A36F.07,-1108.76219527068,-559.266534860453,-1668.02873013113,TCGA-ED-A8O6,0.93584751960145
TCGA.EP.A12J.01A.11R.A131.07,-942.854314162166,-448.421093566239,-1391.2754077284,TCGA-EP-A12J,0.920763166406323
TCGA.DD.AAVS.01A.11R.A41C.07,-859.907925561914,-395.003538441769,-1254.91146400368,TCGA-DD-AAVS,0.912770300682344
TCGA.ED.A7PY.01A.11R.A33R.07,-1312.68377821572,-706.86872869453,-2019.55250691026,TCGA-ED-A7PY,0.952777842985396
TCGA.DD.AADP.01A.11R.A39D.07,-710.788349534681,-166.909241150842,-877.697590685523,TCGA-DD-AADP,0.88876556341749
TCGA.4R.AA8I.01A.11R.A38B.07,-929.215289916832,-278.761099601615,-1207.97638951845,TCGA-4R-AA8I,0.909934474151181
TCGA.G3.AAV6.01A.21R.A37K.07,-1101.95555775728,-846.030519176263,-1947.98607693354,TCGA-G3-AAV6,0.949535257493112
TCGA.DD.A4NS.01A.11R.A311.07,470.889920128194,696.612340514173,1167.50226064237,TCGA-DD-A4NS,0.713466664287208
TCGA.DD.A73A.01A.12R.A32O.07,-1134.46807582137,208.822429604767,-925.645646216598,TCGA-DD-A73A,0.891969575925501
TCGA.DD.AAEA.01A.11R.A41C.07,-1113.75139362909,41.5718016858898,-1072.1795919432,TCGA-DD-AAEA,0.901486834794145
TCGA.2Y.A9H6.01A.11R.A39D.07,-144.830883205701,432.216761844205,287.385878638504,TCGA-2Y-A9H6,0.797792010649466
TCGA.DD.AAVY.01A.11R.A41C.07,-1232.76261067168,-757.723463801747,-1990.48607447342,TCGA-DD-AAVY,0.951473539368819
TCGA.DD.A4NQ.01A.21R.A28V.07,-1101.33764521565,130.040495041577,-971.297150174073,TCGA-DD-A4NQ,0.894979068172121
TCGA.DD.AACZ.01A.11R.A41C.07,-505.527506439728,1484.50589633283,978.9783898931,TCGA-DD-AACZ,0.732581273819477
TCGA.DD.AAE4.01A.11R.A41C.07,-130.70569540578,1182.50096167979,1051.79526627401,TCGA-DD-AAE4,0.725264003689411
TCGA.5R.AA1D.01A.11R.A38B.07,967.337978653231,496.361149443481,1463.69912809671,TCGA-5R-AA1D,0.682337264512858
TCGA.G3.AAUZ.01A.11R.A38B.07,-551.449288432512,477.139739419108,-74.309549013404,TCGA-G3-AAUZ,0.828664139884436
TCGA.2Y.A9GV.01A.11R.A38B.07,-255.081813244929,278.473481783859,23.39166853893,TCGA-2Y-A9GV,0.820551652053746
TCGA.DD.A4NL.01A.11R.A28V.07,-376.971374636279,-76.0071081923018,-452.978482828581,TCGA-DD-A4NL,0.858481374075443
TCGA.FV.A2QR.01A.11R.A213.07,-467.075925591014,-212.827416466903,-679.903342057917,TCGA-FV-A2QR,0.875084820499022
TCGA.DD.AADY.01A.11R.A41C.07,-764.153215071523,-788.866720502152,-1553.01993557367,TCGA-DD-AADY,0.929765157571489
TCGA.BW.A5NO.01A.11R.A27V.07,-802.94226635092,4.41751196875097,-798.524754382169,TCGA-BW-A5NO,0.883378739211544
TCGA.2Y.A9H8.01A.11R.A39D.07,-1055.86336550773,211.311172606551,-844.552192901182,TCGA-2Y-A9H8,0.88652495656385
TCGA.BC.A10X.01A.11R.A131.07,140.448966510994,300.086976679696,440.53594319069,TCGA-BC-A10X,0.784037244803083
TCGA.DD.A3A2.01A.11R.A213.07,-741.168557523947,-380.118873255143,-1121.28743077909,TCGA-DD-A3A2,0.90458325537057
TCGA.CC.A5UD.01A.11R.A28V.07,-1217.62631484182,-648.454089372467,-1866.08040421429,TCGA-CC-A5UD,0.945695646464476
TCGA.DD.A3A6.11A.11R.A22L.07,-944.048878127765,-805.948608106094,-1749.99748623386,TCGA-DD-A3A6,0.940019837868698
TCGA.BC.A10R.11A.11R.A131.07,-222.333886574295,747.836136305559,525.502249731264,TCGA-BC-A10R,0.776234882212751
TCGA.FV.A23B.11A.11R.A16W.07,190.621668341011,1039.43340045125,1230.05506879226,TCGA-FV-A23B,0.707002932200181
TCGA.BC.A10U.11A.11R.A131.07,-523.737069453592,62.4852941543311,-461.251775299261,TCGA-BC-A10U,0.859103551506112
TCGA.DD.A114.11A.12R.A131.07,0.657542703839168,1306.38056677264,1307.03810947648,TCGA-DD-A114,0.698966328748035
TCGA.FV.A3I0.11A.11R.A22L.07,-712.845381817143,-176.264804972217,-889.11018678936,TCGA-FV-A3I0,0.889532180880898
TCGA.FV.A3I1.11A.11R.A22L.07,-339.145528428043,173.163006035605,-165.982522392439,TCGA-FV-A3I1,0.836121127440597
TCGA.DD.A11C.11A.11R.A131.07,-315.585991802558,261.707469367217,-53.8785224353409,TCGA-DD-A11C,0.826981716024222
TCGA.DD.A11D.11A.12R.A131.07,-44.5555492843189,936.298589940135,891.743040655816,TCGA-DD-A11D,0.741237170579349
TCGA.BD.A2L6.11A.21R.A213.07,452.318727732621,2293.52270489738,2745.84143263,TCGA-BD-A2L6,0.533515368149422
TCGA.BC.A110.11A.11R.A131.07,-402.925581900266,418.948848922837,16.0232670225706,TCGA-BC-A110,0.821169382298054
TCGA.DD.A1EC.11A.11R.A131.07,27.6863528744628,401.822369208922,429.508722083385,TCGA-DD-A1EC,0.785040946866025
TCGA.DD.A1EB.11A.11R.A131.07,-411.550805372719,398.139768965945,-13.4110364067745,TCGA-DD-A1EB,0.823627417756037
TCGA.DD.A39X.11A.11R.A213.07,-500.17528951245,150.138936138098,-350.036353374352,TCGA-DD-A39X,0.850634212358584
TCGA.DD.A11B.11A.11R.A131.07,-389.27864426967,70.3215901975649,-318.957054072105,TCGA-DD-A11B,0.848226818530413
TCGA.DD.A1EL.11A.11R.A155.07,-204.817899490285,281.945150797283,77.1272513069978,TCGA-DD-A1EL,0.816017747017277
TCGA.BC.A10Q.11A.11R.A131.07,-426.311816711273,-50.0670142052837,-476.378830916556,TCGA-BC-A10Q,0.860237876435637
TCGA.FV.A3R2.11A.11R.A22L.07,-151.468804914642,791.040764147566,639.571959232924,TCGA-FV-A3R2,0.76557034265144
TCGA.DD.A118.11A.11R.A131.07,-393.818378559408,506.210718197689,112.392339638281,TCGA-DD-A118,0.813014667929612
TCGA.DD.A116.11A.12R.A26B.07,-353.008095855538,405.078883292691,52.0707874371529,TCGA-DD-A116,0.818138204549217
TCGA.EP.A26S.11A.12R.A16W.07,-336.683346608411,560.062645189295,223.379298580884,TCGA-EP-A26S,0.803421523993658
TCGA.DD.A3A5.11A.11R.A22L.07,-968.714170347868,-475.686717440311,-1444.40088778818,TCGA-DD-A3A5,0.92377739018488
TCGA.BD.A3EP.11A.12R.A22L.07,-377.743414634381,571.153323727268,193.409909092887,TCGA-BD-A3EP,0.806033047417859
TCGA.EP.A3RK.11A.11R.A22L.07,-523.742416921307,-154.314916570672,-678.05733349198,TCGA-EP-A3RK,0.874953645856242
TCGA.DD.A39Z.11A.21R.A213.07,-716.826759776365,-343.20039246661,-1060.02715224298,TCGA-DD-A39Z,0.90071334453654
TCGA.G3.A3CH.11A.11R.A22L.07,-157.653076222046,992.809690946799,835.156614724754,TCGA-G3-A3CH,0.746787037521611
TCGA.DD.A1EI.11A.11R.A131.07,-299.267178046734,196.503701941796,-102.763476104938,TCGA-DD-A1EI,0.830994800436219
TCGA.DD.A11A.11A.11R.A131.07,-76.7618721548469,942.495198987492,865.733326832645,TCGA-DD-A11A,0.743794517796438
TCGA.BC.A10Y.11A.11R.A131.07,-130.549761687913,521.06192202548,390.512160337567,TCGA-BC-A10Y,0.788573913029638
TCGA.DD.A1EG.11A.11R.A213.07,-165.165248191491,813.829517532713,648.664269341223,TCGA-DD-A1EG,0.764711013845015
TCGA.DD.A1EE.11A.11R.A131.07,-106.279421366925,750.710034909547,644.430613542622,TCGA-DD-A1EE,0.765111313001528
TCGA.DD.A119.11A.11R.A131.07,16.6116504290983,586.376604564107,602.988254993205,TCGA-DD-A119,0.769014129572934
TCGA.DD.A3A8.11A.11R.A22L.07,-333.03301359148,276.125459879672,-56.9075537118083,TCGA-DD-A3A8,0.827231616189315
TCGA.DD.A3A1.11A.11R.A213.07,-14.5794366538464,920.108317797263,905.528881143417,TCGA-DD-A3A1,0.739877325077489
TCGA.BC.A10T.11A.11R.A131.07,-333.383721524053,325.487600929466,-7.89612059458688,TCGA-BC-A10T,0.82316804061176
TCGA.DD.A3A4.11A.11R.A22L.07,135.476343187463,661.134725082236,796.611068269699,TCGA-DD-A3A4,0.750538017719109
TCGA.DD.A1EH.11A.11R.A131.07,-392.492293560269,166.700321330368,-225.791972229901,TCGA-DD-A1EH,0.840904701266677
TCGA.FV.A2QR.11A.11R.A213.07,193.653630993822,1196.42285082115,1390.07648181497,TCGA-FV-A2QR,0.690197552247105
TCGA.DD.A39V.11A.11R.A213.07,-390.706968390477,406.936330723628,16.2293623331508,TCGA-DD-A39V,0.821152117344766
TCGA.BC.A10X.11A.11R.A131.07,-300.983096791391,119.0801381429,-181.902958648491,TCGA-BC-A10X,0.837400757010523
TCGA.DD.A39W.11A.11R.A213.07,-493.529603981556,29.7280143288608,-463.801589652696,TCGA-DD-A39W,0.859295050128304
TCGA.DD.A3A3.11A.11R.A22L.07,175.778557185122,872.582970251356,1048.36152743648,TCGA-DD-A3A3,0.725610923601891
TCGA.BC.A216.11A.11R.A155.07,-108.308620825606,514.598094167694,406.289473342088,TCGA-BC-A216,0.787147643715142
TCGA.DD.A1EJ.11A.11R.A155.07,-272.190470246389,428.465272336952,156.274802090563,TCGA-DD-A1EJ,0.809247344475304
TCGA.BC.A10Z.11A.11R.A131.07,-611.378328267049,51.9879990226201,-559.390329244429,TCGA-BC-A10Z,0.866386969639796
TCGA.ES.A2HT.11A.11R.A180.07,-309.956508323047,775.957226571591,466.000718248543,TCGA-ES-A2HT,0.781711585977939
TCGA.EP.A12J.11A.11R.A131.07,-170.694471935639,348.069524496755,177.375052561116,TCGA-EP-A12J,0.807423917381211
TCGA.DD.A113.11A.12R.A131.07,-613.888001624695,-31.2317660151088,-645.119767639804,TCGA-DD-A113,0.872602360661634
TCGA.DD.A3A2.11A.11R.A213.07,-337.865239444278,141.087259270014,-196.777980174263,TCGA-DD-A3A2,0.838592227228586
TCGA.BC.A10W.11A.11R.A131.07,-300.688998628463,563.645583815437,262.956585186975,TCGA-BC-A10W,0.799948955455874
