,logFC,AveExpr,t,P.Value,adj.P.Val,B,change
TAT,5.25838609144044,8.03174243135172,25.0706259213268,1.84796665751104e-83,2.39995429810959e-79,179.481154831421,UP
CYP8B1,5.79008580605849,6.70879115943278,22.6956603719364,2.06110885594098e-73,1.33838103560527e-69,156.351678586997,UP
PCK2,2.29216583548765,8.20386629798194,22.649322040869,3.24993750763235e-73,1.40689794705404e-69,156.098975290054,UP
SLC10A1,5.45925065741054,5.82458935733601,22.2490291593124,1.66950622154516e-71,5.42046932480174e-68,151.871371804143,UP
SLC27A5,3.53367697949091,8.04136045142346,21.7373751463672,2.59742564253284e-69,6.74655336391479e-66,147.183173244575,UP
ALDH6A1,2.13236935717323,7.44373961918552,20.5945028143258,2.1239735380737e-64,4.59734072316052e-61,135.956019569637,UP
SEC14L2,2.80288746048362,6.28187211009566,20.2654822383865,5.54963372684521e-63,1.02961561729341e-59,132.712787469149,UP
GLYATL1,3.55328445600839,5.86985402258493,20.2513710541409,6.38350512155175e-63,1.03628226266991e-59,132.538102606511,UP
LDHD,2.36749688230141,6.32248064250297,19.5879144420875,4.61553258811413e-60,5.75688485759508e-57,126.031813811485,UP
CYP4F2,3.67477158935966,5.86590680226818,19.4492181290718,1.82797812166507e-59,1.97832932217202e-56,124.63059915611,UP
ABCB4,3.06891529263221,6.50384517784635,19.1766051765697,2.73328471041261e-58,2.36647790227524e-55,121.971399888705,UP
ABAT,2.3400324267358,7.87687360111864,19.089699040016,6.47276021080395e-58,5.25385855360693e-55,121.111586486896,UP
CES2,2.46865988257209,8.20615822767213,18.9014854278032,4.1855263238017e-57,3.19749590395369e-54,119.253184147531,UP
SLC27A2,2.55047767823176,6.85701192828719,18.5697587979898,1.12120774151536e-55,8.08951385503329e-53,115.99075707696,UP
MPDZ,1.94245605774787,5.42399505878833,18.3001002720056,1.61946844593266e-54,1.10694930038565e-51,113.33611398936,UP
ACSM2A,3.26036594587753,7.19012559818132,18.2917825011301,1.7584308533834e-54,1.14183707464451e-51,113.254284487386,UP
DCXR,2.32786992567381,9.00171230878636,18.1203752484466,9.58561731887155e-54,5.65856418728113e-51,111.556543374735,UP
ETNK2,2.7211475418002,5.7562441699457,18.1022656883386,1.1465688140348e-53,6.47412573385648e-51,111.390088965963,UP
HSD11B1,4.65824989446249,6.61065705647091,18.0971029874011,1.2066257600723e-53,6.52935364419122e-51,111.325474998468,UP
CYP2A6,6.19492736310068,6.77349080736268,17.7774279879237,2.84045496446673e-52,1.18996737495256e-49,108.128418591319,UP
EHHADH,2.19443025372239,7.38187436544796,17.7093842869928,5.5600280264989e-52,2.25650262437941e-49,107.531822658183,UP
DMGDH,2.52592352715255,6.17910128185548,17.683585897846,7.17197584901395e-52,2.73948383385718e-49,107.27803623086,UP
ABCA6,2.47529561081888,6.00402041837127,17.6741017019111,7.87553547805472e-52,2.92227369295705e-49,107.185587638104,UP
AR,3.15488771427134,5.79837714440809,17.3361275403818,2.20261200278038e-50,7.15133052002721e-48,103.877540114245,UP
ACSM5,3.67116381103713,5.23587039675044,17.2418136807228,5.57226031807761e-50,1.72302249406843e-47,102.931930020804,UP
AASS,2.87627147829589,4.94485943582136,17.1863394885726,9.61594372926186e-50,2.90423863283544e-47,102.403394201173,UP
PFKFB1,3.38988120417905,3.4306498003518,17.1334100176819,1.61803206052897e-49,4.77576872047495e-47,101.679493398479,UP
TSKU,2.57922902335958,7.24455849481255,17.0985706292538,2.27871674098408e-49,6.57637651448005e-47,101.550943881243,UP
RDH16,3.73163566270496,6.28689344531669,16.9371579443523,1.11193785880601e-48,2.77706480236802e-46,99.9824670017626,UP
HSD17B6,3.10218004978429,8.35275236931691,16.904068357112,1.53844802973424e-48,3.74908686398927e-46,99.6595466647177,UP
CD14,2.00135243892052,7.91482770872726,16.7459792239162,7.24695788772751e-48,1.62269382910202e-45,98.1181346303423,UP
GLYAT,5.81303629881431,4.65967115587215,16.7619340887399,6.19828780242303e-48,1.41223094193102e-45,98.0004502518865,UP
ASPDH,3.57843529391252,4.86211102996952,16.4423547470515,1.41242817544695e-46,2.73779174843725e-44,95.1486568188682,UP
C8A,2.52716082007142,7.57432658016471,16.4239994272497,1.6897052556586e-46,3.22708855224092e-44,94.9849469024873,UP
ABCB11,4.09323460601094,5.35811504248995,16.4015957708654,2.10282694010191e-46,3.95788601030485e-44,94.7600911588868,UP
C3P1,3.77261061955116,5.40726850342707,16.3987301474526,2.1624807208895e-46,4.01201958888457e-44,94.7427464747973,UP
HPD,4.48409811211656,8.2406087342298,16.3413222614555,3.78660881864188e-46,6.73653270242495e-44,94.1907027376956,UP
CYP2C8,3.64892993103721,7.40909963562741,16.3261123737772,4.39222860560768e-46,7.70836120284148e-44,94.0372721568429,UP
FBP1,2.7941620497996,6.03636700695867,16.3145524744146,4.9164251666933e-46,8.51328181864612e-44,93.9249041991214,UP
CTH,2.90364143019811,5.27488591297483,16.1901634933484,1.65240805144146e-45,2.75125940565003e-43,92.7313069634398,UP
SLC25A15,1.82382731325617,6.32136226476499,16.1814767306009,1.7982703377583e-45,2.95621985778064e-43,92.6227043442423,UP
LRRC1,-2.36544990464392,2.31238324368912,-16.0959324208998,4.1345822343378e-45,6.46937584064397e-43,91.8006544176674,DOWN
GPD1,2.98609004138227,5.25887633716678,16.0865701141566,4.52878070690905e-45,6.9194441224268e-43,91.7308338085253,UP
SLC16A2,2.10510906797357,5.67920947731476,16.0874256144872,4.49125327918326e-45,6.9194441224268e-43,91.7221144631039,UP
SLC22A1,5.08485990168421,5.69810258999203,16.0354538808981,7.44446932011746e-45,1.08630700067826e-42,91.2069724270247,UP
ST3GAL6,1.95881714446131,4.47017804042823,16.021090936248,8.55974029482021e-45,1.22159722207506e-42,91.0991260283264,UP
INSIG1,2.10327405245781,8.693148065213,15.9867922064115,1.19451961891071e-44,1.66808884847241e-42,90.7667457689911,UP
OTC,3.55189119769477,5.86230804284605,15.9780538993063,1.30033986538926e-44,1.79654402466067e-42,90.6829653149368,UP
CEP55,-2.16898039772469,1.03138206790471,-15.9906920523273,1.15011164689147e-44,1.62353260414994e-42,90.6117228649867,DOWN
PDK4,2.33532094408932,6.55704045313387,15.9111848136315,2.48894550316682e-44,3.36707658850286e-42,90.0142922017415,UP
FMO4,1.89133549042046,4.4340081886891,15.8388866013892,5.01868141903319e-44,6.65077710091674e-42,89.3441721542837,UP
SLC46A3,2.88184812057856,4.87749337955036,15.836229606323,5.1496453485293e-44,6.75539839811617e-42,89.3179022081002,UP
SHMT1,1.84063579619876,7.57024309321829,15.7682549740016,9.95082147751051e-44,1.29231318528429e-41,88.6476469779069,UP
C6,2.80008215773367,7.54792226851407,15.7571397591834,1.10818904692455e-43,1.42495555964447e-41,88.5393435342933,UP
MYBL2,-2.66379104113481,2.91052275703727,-15.7302822072535,1.43733381617628e-43,1.81229653113411e-41,88.3000904849559,DOWN
F11,1.92796886912867,5.59471131012635,15.7171392437422,1.63234634438667e-43,1.99993226174997e-41,88.1497916184376,UP
RTP3,4.29357129030039,3.76235364092627,15.6533138010581,3.02689868652495e-43,3.60645259099995e-41,87.4002900098838,UP
HAAO,1.85226686144664,6.80898547159178,15.6395366790163,3.45824413376328e-43,4.04614563650304e-41,87.3977260681589,UP
DAO,3.1114055715849,5.01025082008036,15.5470691617015,8.45046698284616e-43,9.38001835095924e-41,86.5431033057957,UP
PCK1,3.89340376687309,8.41948573492694,15.4710045896241,1.7606707248117e-42,1.92149837841425e-40,85.8041549763161,UP
DEPDC1B,-2.49655508205656,1.23955438881387,-15.4296881807787,2.62233562576254e-42,2.81456799766762e-40,85.3107914672292,DOWN
NR1I3,2.86636919198049,4.80930064284397,15.281781979214,1.08925930947096e-41,1.11387485449601e-39,84.0081466521304,UP
KCTD17,-1.85112680384034,2.93722130877526,-15.2008331436632,2.37130927688538e-41,2.35085447167255e-39,83.2364564730794,DOWN
NR1I2,3.93726415227116,4.03739662787966,15.1616895281347,3.45304167493813e-41,3.39732213881981e-39,82.7979927937989,UP
AQP9,3.52624963978778,7.65201202003766,15.1193349807508,5.18422789929873e-41,4.98722723912538e-39,82.4345347775074,UP
CDCA7,-3.41787101710064,-0.121014874546858,-15.1447953137853,4.06079777759681e-41,3.96523163440976e-39,82.3009433069284,DOWN
ACSM2B,2.7577456141803,7.61967868347804,15.102857081878,6.07169579296643e-41,5.75570169804781e-39,82.2748498456867,UP
ACSL1,1.96991871024329,8.9320344675306,15.0523781910236,9.84965835074996e-41,9.26938500008621e-39,81.8193622331399,UP
ENPEP,1.81159720581303,5.10943161918812,14.9768690067595,2.02944040946313e-40,1.84310088095788e-38,81.0811125051353,UP
CYP4F11,2.093701586558,6.23617533731133,14.9075682360166,3.93687329124154e-40,3.45460631306445e-38,80.4026085509989,UP
APOA5,3.13576669903358,7.08988070606321,14.8648233699286,5.92207399305056e-40,5.09337582435415e-38,80.0081129034093,UP
MAT1A,2.0619376465902,9.46300064941039,14.8384098598842,7.62041539064981e-40,6.42638536872527e-38,79.7952139530463,UP
AURKB,-2.13663577993678,1.91751556084523,-14.8166994298263,9.37445109236685e-40,7.8042305343954e-38,79.5724804932164,DOWN
HAO1,2.50342136293211,7.21958762740876,14.8107684284446,9.92013180619008e-40,8.20590775585927e-38,79.4926263025559,UP
AZGP1,2.26990148273168,9.23810430905337,14.7494876998134,1.77926062927857e-39,1.42637393780499e-37,78.9512987051181,UP
BHMT,3.52291716925636,7.09337026036154,14.7503940816345,1.76396096258592e-39,1.42289198888841e-37,78.9286927633156,UP
GPT,2.05036124567797,6.20310939737216,14.7290791840081,2.16109006275385e-39,1.71134613688929e-37,78.7101368304669,UP
ECM2,1.92209614995998,4.30861638577937,14.6804465322169,3.43354167377549e-39,2.68622926007966e-37,78.3022027496739,UP
PRR11,-1.81849784663203,2.46841888282889,-14.6170016761346,6.27726014752399e-39,4.76741389098796e-37,77.707167180888,DOWN
AKR7A3,3.2116373880284,5.24117369684913,14.6149073556109,6.40345246636188e-39,4.83497890585126e-37,77.6830523377522,UP
ACOX2,1.91951975311402,6.37877325626595,14.6173346850989,6.2574248041318e-39,4.76741389098796e-37,77.651494733127,UP
DEPDC7,1.9099819261612,4.41069205472815,14.5648607902492,1.03007752452551e-38,7.55797559944228e-37,77.2099740304596,UP
KIF2C,-2.24681626021702,2.12306910733129,-14.5322391113052,1.40389060282432e-38,1.02428804825166e-36,76.905039374011,DOWN
SLCO2B1,1.8414661815201,7.1925909409547,14.5133405905129,1.67954274096708e-38,1.21855986463349e-36,76.681362451116,UP
UGT2B7,2.73768449655137,7.43539976511084,14.4711475207403,2.50559242334933e-38,1.7977971713833e-36,76.2888551492345,UP
LIPG,2.09923982305542,5.0194511361246,14.4622537155584,2.72589723491031e-38,1.94512238405386e-36,76.2265235047984,UP
PIPOX,2.00244790249565,8.11885002543818,14.444303010109,3.23116037103091e-38,2.28060215970535e-36,76.053182956,UP
RBP5,2.23198679616191,6.07523118099926,14.3946788219949,5.16856870408599e-38,3.53285272420867e-36,75.5607055812749,UP
TTPA,2.28422870207911,5.68149493518676,14.3007334109115,1.25607319782208e-37,8.19729779905292e-36,74.6898986348442,UP
ADH1B,3.27509896251465,9.94860135129194,14.2676961474454,1.7157345362e-37,1.10308140701136e-35,74.426780075666,UP
SOX4,-2.0654658778824,4.38601095176358,-14.2376460575046,2.27801151537068e-37,1.42920461594778e-35,74.0954739833778,DOWN
TMSB10,-1.90623971103189,8.18942923498925,-14.228746488313,2.47741810340316e-37,1.54683792831235e-35,74.0618435984725,DOWN
CYP4F3,1.91612815836883,7.38035500733525,14.1880466808578,3.63557743010236e-37,2.22713415494053e-35,73.6313869085117,UP
CYP3A4,5.87217153367187,6.82015983627006,14.1164742256391,7.13081954877915e-37,4.20945243090886e-35,73.019831185656,UP
CCNB1,-1.9402455198416,3.68954129713526,-14.0833212148277,9.73868666922482e-37,5.64626445416173e-35,72.6750841757394,DOWN
TYRO3,-1.94556236955728,2.18953047820616,-14.0604936369479,1.20682582581836e-36,6.93497654862964e-35,72.4982600254467,DOWN
XDH,2.48918831576605,5.39566496555054,13.9108217868169,4.91073782753205e-36,2.60309192514934e-34,71.0675185738371,UP
PLK1,-1.9747816611785,1.90127783258867,-13.9001539644532,5.42634687798979e-36,2.84161156872796e-34,71.0049269018586,DOWN
OGDHL,2.77030084896691,5.82562470168802,13.9010027053642,5.38341836449961e-36,2.83054470849216e-34,70.9680393066042,UP
DPYS,2.77893223050292,7.47630453971883,13.847704487411,8.86207658031973e-36,4.53117277750442e-34,70.4615071074295,UP
GTSE1,-2.06125411751343,1.21553621645136,-13.8373160739373,9.76556040991288e-36,4.95411457201323e-34,70.380500927581,DOWN
UBE2C,-2.26847979168742,2.46134577060046,-13.7758270995063,1.73394345737216e-35,8.59493270263064e-34,69.8599252404179,DOWN
CYP4A22,2.99999357425697,5.80889226968081,13.7794988291903,1.67554674274117e-35,8.33728948198454e-34,69.8491969465599,UP
IL27,2.66767843550631,2.22614316317795,13.7487913823687,2.2312402405451e-35,1.08936530090072e-33,69.4700816151396,UP
GPT2,1.96285769749827,7.05250203127502,13.6388952176182,6.20780102033381e-35,2.93166224913001e-33,68.5182926651115,UP
CYP2B6,3.07086651880715,5.87160394826054,13.5930076017437,9.508917897922e-35,4.39474436798267e-33,68.1262432129017,UP
FGGY,2.03424610066008,5.95826189392096,13.5776520197955,1.09661613414352e-34,5.04388010861569e-33,67.9500184702579,UP
BDH1,1.88850280589315,6.86423643529618,13.5774070395903,1.09911301358146e-34,5.04388010861569e-33,67.9468979846075,UP
HPR,2.9406859852625,7.48382764907009,13.5741769733939,1.1325694626332e-34,5.17911253916103e-33,67.932346122559,UP
FETUB,3.62316176294491,5.13770077456455,13.5575961534041,1.32097874747367e-34,5.97754390015349e-33,67.8461192240776,UP
TRO,2.15113152003299,2.64066258138807,13.4230925626445,4.59154949168683e-34,1.99432954008484e-32,66.5829111532695,UP
SARDH,1.80986916048352,6.73716555209071,13.4192666840729,4.75687060775242e-34,2.05924928609602e-32,66.4893454149983,UP
EPS8L3,-3.69205965336123,1.70491167498743,-13.3980885129734,5.78534979051342e-34,2.48789197779463e-32,66.388562521269,DOWN
UGT2B10,2.89806057266854,7.2092498545933,13.3919340688957,6.12384539205451e-34,2.62476502002019e-32,66.2521212803595,UP
GAL3ST1,-2.94901314419166,2.39139658130803,-13.3320249464087,1.06461701220266e-33,4.44571740754855e-32,65.7841582567628,DOWN
KIF23,-1.93137211269099,1.75264589513666,-13.3018874217259,1.40560388591714e-33,5.81355976637132e-32,65.5092886360447,DOWN
C8B,1.91759603806507,8.21075473370006,13.289918996044,1.56948186137639e-33,6.46248404464371e-32,65.3461509135829,UP
CENPF,-2.10780527183737,3.64849493296769,-13.2886501890345,1.58793486016102e-33,6.50552366842625e-32,65.3380052221977,DOWN
ABCC9,2.34461559486785,4.31605390130022,13.2537411047196,2.18993218863054e-33,8.72412556249843e-32,65.0629553354171,UP
MMP11,-2.17086846280942,3.49089558200656,-13.2564100206215,2.13679433519156e-33,8.59150093843122e-32,65.0513882343817,DOWN
GHR,2.18911509260297,5.46402617730597,13.2555886211129,2.15300991753288e-33,8.62998141944431e-32,65.0156168893666,UP
CCNB2,-2.07923943893484,2.49164669327855,-13.2371627228048,2.55081180318508e-33,1.00691163793206e-31,64.9177614285494,DOWN
F9,3.54580188891042,6.71188388020465,13.2319259405205,2.67669185562462e-33,1.04705413039147e-31,64.8019866005824,UP
CDK1,-2.01978824141303,3.25550514602384,-13.1989280631637,3.62533225627665e-33,1.40125565512693e-31,64.5379847961294,DOWN
CYP2C9,2.79738555706159,7.93767168883889,13.197478498856,3.67394478794999e-33,1.41583148252541e-31,64.4900041079633,UP
GPLD1,2.82952732831905,4.98164124722779,13.1783671514444,4.37903590127342e-33,1.68256033283544e-31,64.3620779041311,UP
NUF2,-2.24206353751032,1.61339451237237,-13.1118373342152,8.06267236167218e-33,3.03868621209892e-31,63.7820541425247,DOWN
CDC20,-2.21208910133551,2.87541998235127,-13.1070582064255,8.42369864377468e-33,3.161808505396e-31,63.7201156506127,DOWN
ADH4,4.1330293042995,7.81860450610229,13.0962658437596,9.29936404175539e-33,3.46048254470709e-31,63.5722443688093,UP
CDH23,1.85015413293766,3.30838134920916,13.0767311198743,1.11214518501669e-32,4.09162309286453e-31,63.4688901216965,UP
HJURP,-2.13063830747643,2.01550990238239,-13.0251069432831,1.78363789879802e-32,6.36376521749723e-31,63.001804669476,DOWN
MASP2,2.66336515772845,6.6409099595375,13.0335973375352,1.65039826736461e-32,5.93731919619506e-31,62.9759530343864,UP
ADRB2,2.47468448609249,2.25476969323849,13.028653197672,1.7267301240399e-32,6.17769810493282e-31,62.9557407529719,UP
TM6SF2,2.3513549842246,2.36184144465525,13.0172402667671,1.91663807804275e-32,6.81955581357291e-31,62.873249981779,UP
SULT2A1,2.96798197522834,8.36549949832683,13.0036562819276,2.16998189091084e-32,7.69987836537133e-31,62.7406207917834,UP
ACY3,2.16193751930158,3.90359110904366,12.9816606967595,2.65284804568285e-32,9.28639826665314e-31,62.6029581505131,UP
BIRC5,-2.18073215355145,3.49718710963378,-12.975090286901,2.81686502021344e-32,9.83403925201933e-31,62.4935009808133,DOWN
TRIP13,-1.87703730510215,1.57629006335126,-12.9631840657616,3.14025396401209e-32,1.08464037847407e-30,62.4366450665096,DOWN
IGDCC4,-2.9056348472915,-2.3168236919564,-13.0674639204808,1.21062746231596e-32,4.42885038115421e-31,62.4141664083015,DOWN
FMO3,2.569321104097,7.95495342305044,12.958601772155,3.27435266801911e-32,1.12497402379799e-30,62.320484807235,UP
TROAP,-2.13257138994748,1.54255852969053,-12.9342070635652,4.09039472046891e-32,1.39062712656361e-30,62.1762896493134,DOWN
KIFC1,-1.91147264927476,2.68009910723886,-12.9325110182291,4.15414329079466e-32,1.40861250437468e-30,62.1489787757876,DOWN
MYRIP,3.16999538284017,3.81713353214355,12.9047895780553,5.34820638722388e-32,1.76735766796124e-30,61.9157439921081,UP
UPB1,2.70910737037399,6.6813005523389,12.914574322442,4.89202666185539e-32,1.63323265443486e-30,61.8980822184339,UP
CYP4A11,2.74257384865888,7.81361060860246,12.8975853756841,5.71095384348202e-32,1.86821555580103e-30,61.7636781054966,UP
CDO1,2.49632576554391,7.16519842618769,12.895895021848,5.79955861293129e-32,1.89243386196328e-30,61.7312527423335,UP
CMBL,1.89441675667013,7.13951875759685,12.8799220544553,6.70748839274616e-32,2.17775379391486e-30,61.5855895920765,UP
CDCA3,-1.84078824527281,1.84738033082496,-12.8672666122776,7.52634126994495e-32,2.41344676722901e-30,61.5788649907968,DOWN
SPHK1,-2.47082202882332,2.69738597229245,-12.8567683152113,8.28068908500233e-32,2.64229260803256e-30,61.4636170391065,DOWN
KCNJ8,1.92789196233519,4.74554157728864,12.8456624548478,9.16083769874703e-32,2.91597547043205e-30,61.324999736673,UP
DLGAP5,-2.04980646122138,1.79580980947055,-12.805032528341,1.32524847948939e-31,4.13726009690592e-30,61.0199623684857,DOWN
ALDH1L1,2.90191793142099,7.595537073827,12.8032115197078,1.3473484214898e-31,4.19616641484127e-30,60.905955402102,UP
MAPK13,-2.25540269562788,2.92609730043348,-12.7925227182666,1.48467549322011e-31,4.57992414024929e-30,60.8748909322421,DOWN
SNHG4,-1.84669908272132,0.545703912856409,-12.7826762641634,1.6234873282031e-31,4.99626301691317e-30,60.7340450306158,DOWN
CPEB3,1.83916975497015,3.45685792137796,12.7567517310803,2.05396553093911e-31,6.24703755276491e-30,60.5847925986502,UP
RUNDC3B,2.22631427575795,2.48027820989926,12.7579632222589,2.03152257751095e-31,6.19328256200345e-30,60.5666788017578,UP
F12,2.20725820505977,8.30064171940199,12.7594028828034,2.0051703142612e-31,6.12732867560239e-30,60.536139320291,UP
ADH1C,3.54857457155729,7.66901546077423,12.7514081778272,2.15594034901777e-31,6.52661942020834e-30,60.4448113939338,UP
NEK2,-2.17932233021317,1.99928952856645,-12.7381372121133,2.43155531370106e-31,7.29298126074728e-30,60.4193951382409,DOWN
AGXT2,2.81423202137884,4.84683903892057,12.7406851480327,2.37604521033264e-31,7.14298591356251e-30,60.4103249017019,UP
ABCG8,2.64596898385288,5.802503415526,12.7241402602489,2.76036183696762e-31,8.26009658449274e-30,60.2010243048266,UP
CENPA,-2.30469450497667,0.473896232761368,-12.6874393269575,3.84838102616894e-31,1.14402083260339e-29,59.8861577553919,DOWN
ACADL,4.39611699188839,2.38168786365332,12.6874066371236,3.84951954914669e-31,1.14402083260339e-29,59.7339031035734,UP
TTK,-2.12742656303096,1.51126344216211,-12.647762013976,5.50938463439615e-31,1.59710665729694e-29,59.6094090240366,DOWN
SLC28A1,3.56508805266918,4.14739954396058,12.6468482216346,5.55506946365374e-31,1.60676363306172e-29,59.604512294178,UP
PTTG1,-2.03296755201209,3.22220187280973,-12.6511559988696,5.34295661129561e-31,1.55232611881199e-29,59.5901187191149,DOWN
CYP7B1,1.87448157190011,4.68465469068452,12.6395376889768,5.93441137478961e-31,1.70887362581802e-29,59.4740639974158,UP
FHDC1,-1.893976138091,-0.554472414794671,-12.6635631385939,4.77607369422762e-31,1.39386222622324e-29,59.463732292439,DOWN
F13B,2.21839843101185,6.7669922082218,12.6428616679882,5.75883262584034e-31,1.66199909581752e-29,59.4445017062629,UP
CCL16,3.29120056414138,5.56880835081618,12.6147596296835,7.42269731087137e-31,2.1047722702246e-29,59.2609419934493,UP
IYD,2.92844680449957,3.78599018066651,12.591952070218,9.11901632480484e-31,2.56895151866031e-29,59.1148308712534,UP
GADD45G,1.92003358711522,5.77148887249684,12.6027257367385,8.27432674394918e-31,2.34114774343503e-29,59.0875898919661,UP
HP,2.6941333226909,12.2903403350554,12.5764862004547,1.04839068511264e-30,2.92805372635654e-29,58.9761235853773,UP
KIF18B,-2.11156170657462,1.17643485884081,-12.563726981419,1.1761806767859e-30,3.26390137808088e-29,58.848953445249,DOWN
KIF18A,-1.95930401637629,0.591692180976423,-12.549607245757,1.33575479636657e-30,3.6753066822908e-29,58.672655470129,DOWN
AGXT,2.60435247852936,9.99997290483631,12.51838454047,1.76935279621394e-30,4.79719932451574e-29,58.4317506778755,UP
IGF2BP2,-2.57483106043554,2.76132630903683,-12.5056941362403,1.98335541708813e-30,5.35505962613795e-29,58.3156230028566,DOWN
ARID3A,-1.94360031717691,2.92353487314183,-12.5007582175461,2.07339163628646e-30,5.57497664191558e-29,58.2640035436242,DOWN
CPN2,2.52329467122199,7.41785215600095,12.506384357535,1.97107947560002e-30,5.3330019061703e-29,58.2383552320641,UP
ALDH8A1,2.2100869562961,6.043664582623,12.501458522401,2.06037366065934e-30,5.55146737157321e-29,58.1830782967179,UP
ALPL,2.67904128007452,4.65246007956072,12.4730572787106,2.6596733538784e-30,7.07811021451204e-29,58.023593303112,UP
SDS,4.02716788727081,6.41166778822411,12.4646398551565,2.86860509624099e-30,7.60297436426157e-29,57.9090560954974,UP
BUB1,-1.91358506237269,2.13166023766269,-12.4495748774785,3.28417958768701e-30,8.6339352844719e-29,57.844541347385,DOWN
SLC38A4,2.19549582064857,7.95815173574393,12.4576378539849,3.05480539267663e-30,8.07999137162759e-29,57.8226346979952,UP
GSTZ1,1.81992229287643,4.85533407261241,12.4507043816753,3.25104262302551e-30,8.56415629720736e-29,57.7735620236545,UP
SERPINC1,2.63089863212939,11.0312347889304,12.4388207986381,3.61702453005932e-30,9.45156892794375e-29,57.746688629225,UP
ADHFE1,1.92631272480108,3.20531552558704,12.4277154113303,3.99603743756008e-30,1.03793076403185e-28,57.6556041585667,UP
ZMYND12,2.16976265396489,1.09808271996059,12.4405694810045,3.56069923023978e-30,9.3419799804291e-29,57.5477111487614,UP
ANLN,-2.01127490645115,2.49373255451233,-12.4024958809312,5.01014485308311e-30,1.28084155919272e-28,57.4126765232961,DOWN
STARD5,2.06203269210448,0.399023382646124,12.437281237384,3.66734825600536e-30,9.56382566279953e-29,57.3377655014844,UP
ACMSD,2.00676427789827,5.40664780097417,12.4044792187531,4.92185681788467e-30,1.26075255411969e-28,57.3365650862466,UP
BUB1B,-2.07349883829981,1.10791929248796,-12.3840524304963,5.91053995916284e-30,1.49922231346968e-28,57.2548016190568,DOWN
MKI67,-1.94184528796902,4.11733399335965,-12.3946279912708,5.37620109672498e-30,1.36903379692485e-28,57.2508627210834,DOWN
CFHR4,3.31116037782844,4.38155015485018,12.3638132416261,7.08500714407837e-30,1.76270091532846e-28,57.0829841638909,UP
APBA1,2.1638038819762,2.98924832619299,12.3585684815981,7.42555595721187e-30,1.84389474600976e-28,57.043108647651,UP
RTKN2,-2.21593150467945,-0.28134987174184,-12.3768520672423,6.30429737204415e-30,1.58670368160344e-28,57.021075760948,DOWN
TTR,2.39124437576645,10.5065633959156,12.2847551532936,1.43641704863512e-29,3.50653161853841e-28,56.3737231335287,UP
GBP7,3.56307400917103,3.2980261586923,12.2774944988041,1.53259475784974e-29,3.7273048914222e-28,56.3156373426974,UP
RCOR2,-2.32995129855974,-2.03238059609413,-12.2878593548022,1.39715489679821e-29,3.41710934928784e-28,55.711581977439,DOWN
KIF20A,-1.98095660517166,2.38897941374024,-12.1945888411478,3.20855154127441e-29,7.61781697742792e-28,55.5806800185615,DOWN
PLG,2.21644713886162,10.182402521766,12.1897236808973,3.35050237011927e-29,7.92586052472477e-28,55.5285090272006,UP
CENPM,-1.97345225814249,1.61877035854308,-12.1799184342987,3.65587484962764e-29,8.58568655915265e-28,55.4712503756618,DOWN
MCM10,-1.96776672631133,0.916722022910663,-12.1649304042588,4.17705276423576e-29,9.70436211970121e-28,55.318044467764,DOWN
RNFT2,-1.81143325931213,0.0598940079328302,-12.1728035544508,3.8946680282532e-29,9.1135231861125e-28,55.2885579582832,DOWN
LRRC2,1.84684455788707,3.06966313238603,12.1186568296155,6.30035295754523e-29,1.44308084408536e-27,54.9333913720452,UP
COL9A2,-1.83518701129838,0.901025906418197,-12.1188688897794,6.28850726394589e-29,1.4429124352803e-27,54.9130262980218,DOWN
CDCA2,-2.00059946499625,0.300786525690539,-12.1172132363202,6.38158484568399e-29,1.45911342237497e-27,54.8436936623669,DOWN
MAN1C1,2.11413476936117,3.50042825773308,12.1069174426091,6.9919845541853e-29,1.59306848079306e-27,54.8247934493056,UP
GNMT,3.25816147984587,4.99151133773621,12.1034032318915,7.21336745953695e-29,1.64063052884425e-27,54.76051817277,UP
SKA3,-1.99940509395743,1.15728797260992,-12.0974711276635,7.6030180082379e-29,1.72321806061057e-27,54.7409367376065,DOWN
MFAP3L,3.02979636460856,3.51722913255346,12.0963622232792,7.67814837811673e-29,1.73721451196171e-27,54.7391104008323,UP
ABCG5,1.99130563277793,4.97506641207543,12.0569289430549,1.08894070233844e-28,2.42574149249902e-27,54.2916124680497,UP
SLC4A11,-2.22989529166722,-0.920828878330232,-12.0692475459243,9.7638986653042e-29,2.19383653920944e-27,54.2088312419587,DOWN
SALL2,-2.16764944270781,0.506025665069577,-11.9731624981457,2.28359987558321e-28,4.95938320806005e-27,53.6180929506849,DOWN
AMDHD1,1.86338084678922,5.87032428900497,11.9735216663932,2.27637160227258e-28,4.9519661639387e-27,53.5098639130681,UP
TOP2A,-2.18391931568347,4.64355695683152,-11.9550227776936,2.67999120610495e-28,5.76242480027898e-27,53.3615789524807,DOWN
SPDYC,2.684580229159,0.286335520168036,11.9787375164635,2.17393417140761e-28,4.73706092014609e-27,53.2522323007799,UP
APOF,3.53817605539104,5.13773554437875,11.930258513795,3.33392398904651e-28,7.08636184054779e-27,53.2482812967531,UP
ZIC5,-3.53712708801025,-1.56282093680468,-11.9609920888697,2.54251533884295e-28,5.49411758827844e-27,53.1691083168834,DOWN
ALDOB,2.68505863678971,11.325232697159,11.8670045257436,5.81766872346704e-28,1.20886501938666e-26,52.7301708094988,UP
CCDC158,1.87711367644307,-0.0286432844610922,11.8797256903042,5.20197733068302e-28,1.08964644505775e-26,52.4294909499092,UP
ACOT12,2.64595475278586,4.633702607564,11.8301753067927,8.04008417897056e-28,1.63919267240645e-26,52.3692679910768,UP
NAGS,2.22153184404408,4.66872593993099,11.8201169792367,8.78214162163578e-28,1.78487751549583e-26,52.2589615371271,UP
HPX,2.02964207182062,10.7374187700486,11.8136810952363,9.29232823683268e-28,1.87974247370321e-26,52.258591310518,UP
ARID3C,2.59566178590015,1.4740785633789,11.7757879459892,1.29536529128462e-27,2.57624946981828e-26,51.821579951116,UP
ADRA1B,2.52847046874263,2.12624837321523,11.7525257413496,1.58799917550585e-27,3.13901754829444e-26,51.713007095532,UP
SPC25,-1.82700644046888,0.865378300211224,-11.7146921530907,2.2107733343013e-27,4.29167612743961e-26,51.4106887555952,DOWN
GYS2,4.60371112945332,-0.921095314441333,11.855401987734,6.44223922691709e-28,1.33013292273406e-26,51.224794312009,UP
APOC3,2.39218177168966,11.342075898316,11.6800468048158,2.99184442137324e-27,5.71398286770211e-26,51.1143578012251,UP
GBA3,3.90145313766013,3.8611623597509,11.6650913573441,3.40880450103323e-27,6.47224328288283e-26,50.9988686609141,UP
GNA14,1.8956724230427,0.825667920259813,11.6744643130016,3.14118778888346e-27,5.97285590252262e-26,50.9008713543921,UP
KIF15,-1.89798793137212,0.813190193694852,-11.6463972422533,4.01219618632157e-27,7.54072241270018e-26,50.8227159386013,DOWN
WNK2,-3.37420349412292,1.1769434683486,-11.6369169424719,4.35768887161687e-27,8.17822332018616e-26,50.756639175085,DOWN
DQX1,-4.04933659988087,-3.47468010667008,-11.7479842567259,1.65238203723373e-27,3.25637109522829e-26,50.6169905020468,DOWN
SLC1A1,2.62572736068483,4.64462206605957,11.6190977480255,5.08918014023706e-27,9.46893731823191e-26,50.5413243612442,UP
SLC22A25,2.23964842013715,2.89358997431349,11.607852512252,5.61244079094208e-27,1.03535182602223e-25,50.5074807030398,UP
PON1,2.45579585435272,7.80770995904555,11.6111565438172,5.45337609479796e-27,1.00887457753762e-25,50.3920995508909,UP
DIO1,2.36136618222272,6.05180352184779,11.6112095736748,5.45086003182279e-27,1.00887457753762e-25,50.37063116356,UP
AFM,2.60681357697773,6.88352881238123,11.5777270220583,7.29325987740379e-27,1.33593181985674e-25,50.079202409451,UP
CPS1,3.47002231741974,9.4007610038859,11.5523013614039,9.09563427925258e-27,1.64979053609851e-25,49.9442040930989,UP
PITX1,-4.10016004360499,-1.0985199629492,-11.5566219190241,8.76076378183983e-27,1.59350195006658e-25,49.8519511618613,DOWN
KIF4A,-1.83928822737302,2.48536351144392,-11.4726285659048,1.81435373090914e-26,3.21459916825606e-25,49.3091994877415,DOWN
ABCA8,2.93495229995729,3.8226293977272,11.4501683095893,2.20334151609765e-26,3.88260464987248e-25,49.1482035026347,UP
EXO1,-1.90778104128973,1.29657799588598,-11.3978394578173,3.46191066091726e-26,5.97076145462582e-25,48.7150973114395,DOWN
TESC,-2.33996876528599,2.81088526917955,-11.3980482089782,3.45568306432944e-26,5.96794627080404e-25,48.6464610438152,DOWN
SLC6A1,1.90470896736201,6.58209845226943,11.4057188864255,3.23441559396607e-26,5.60071404251165e-25,48.591007080043,UP
NANOS1,-2.07681422245504,-0.619083159610886,-11.3664965644179,4.5356803947402e-26,7.64998458266117e-25,48.2883465417368,DOWN
TRIM17,-2.53012808380868,-2.8553130427066,-11.3971686180495,3.48199928253772e-26,5.99444884912971e-25,47.8730768483517,DOWN
KCNF1,-3.12537368245495,-2.2542149034212,-11.3468261709067,5.37272168048916e-26,8.96857795173686e-25,47.7542425216129,DOWN
MELK,-1.92413149660433,1.83054378403507,-11.2576401985378,1.15582635116729e-25,1.87399710644315e-24,47.5155200010603,DOWN
PTHLH,-2.84598473600006,-1.77897679679546,-11.3015471378778,7.92984269569419e-26,1.30360591251874e-24,47.5151492728546,DOWN
HMGA2,-3.86432351565804,-4.00536340644623,-11.3845335216347,3.88278684448921e-26,6.61755285424952e-25,47.3307607856446,DOWN
IGF2BP1,-4.61323221614008,0.395862852746935,-11.2091502388565,1.75078347244538e-25,2.78303855038533e-24,47.1016097368877,DOWN
NCAPG,-1.90958306830479,2.11841710277193,-11.2092375275622,1.74947664778141e-25,2.78303855038533e-24,47.0922351554557,DOWN
SLC6A12,2.28589845497445,4.74181579495144,11.1979913723169,1.92609905394742e-25,3.05051809922136e-24,46.9197608377466,UP
PRAME,-5.42465478475401,-2.52102403032338,-11.2138995040535,1.68107271479572e-25,2.67878421436221e-24,46.6542441295616,DOWN
ERCC6L,-1.80799659672915,-0.342555118798941,-11.1487533773631,2.93299260881412e-25,4.57272209011632e-24,46.5038762716138,DOWN
ZBTB16,2.00103891844845,4.32030127283374,11.1419049228436,3.10943193972908e-25,4.83619073069001e-24,46.4667016101802,UP
G6PC,2.24133101636591,8.556701191898,11.1371979077317,3.23678335699554e-25,5.02824227958147e-24,46.3802156075654,UP
TRNP1,-2.07473008304454,2.90005919053225,-11.1216582462512,3.69520796103096e-25,5.69948524820773e-24,46.296469217057,DOWN
TPPP2,3.00093952886198,-0.399283477046551,11.1558344899125,2.7610276477972e-25,4.32538794474574e-24,46.0887398824032,UP
SLCO1B1,2.10923524908044,7.01185644002155,11.0907620430868,4.80718600429343e-25,7.31041272104903e-24,45.926076497862,UP
SLC2A2,1.96627718454799,8.49607045472935,11.0650458604712,5.98225259309839e-25,9.03389702634521e-24,45.7718688156296,UP
PPARGC1A,2.13644249114518,5.1192454150517,11.0533488416418,6.60733861276752e-25,9.94316414414969e-24,45.658581689524,UP
SKA1,-2.1231794670105,1.26404565401935,-11.0278940987216,8.20113145082965e-25,1.22986037330219e-23,45.5985581035917,DOWN
SLC6A13,2.5902381649674,2.11019408878506,11.0213634630234,8.66828714417965e-25,1.29099822409932e-23,45.5267357383602,UP
SRD5A2,3.87470918601794,3.11088109172667,11.0032371904125,1.0108206336554e-24,1.49686745373805e-23,45.3883083778409,UP
ABCA9,1.80700279080145,2.08158425129373,10.9995689425254,1.04273444147343e-24,1.54236813114071e-23,45.3598153497613,UP
CD24,-3.04260845699546,5.57019933384105,-11.0122518193178,9.36460197902392e-25,1.38992098173238e-23,45.298594558715,DOWN
GNAZ,-2.08291013215189,1.68834951229114,-10.9689205666533,1.35167836629973e-24,1.97238729698142e-23,45.0947156416255,DOWN
INHBC,1.86518353912969,6.36557662180827,10.9508535978001,1.5748279477646e-24,2.28262171401996e-23,44.7377397266223,UP
LYPD1,-2.49743332606275,-1.17434105527149,-10.9140750348172,2.14855178640625e-24,3.07603479377395e-23,44.4499713212292,DOWN
SLC13A5,2.78298378728892,6.51167487382398,10.8764644037338,2.95030902633144e-24,4.16022403094098e-23,44.1354560719594,UP
ASPM,-1.81860004943392,3.58865607593046,-10.8470958824964,3.7777779570632e-24,5.29255688547786e-23,43.9410505856736,DOWN
MOGAT2,4.76761409204181,3.33921597141698,10.8249374200329,4.55140658842332e-24,6.32859928949183e-23,43.8985131107238,UP
SYTL4,1.93030681713085,2.46354180503784,10.8222899148027,4.65379150071039e-24,6.43914294735037e-23,43.8916865421198,UP
HRG,3.04577490472047,10.1248650466614,10.8291963682757,4.39138248600782e-24,6.11919359933299e-23,43.8643733010403,UP
HAO2,4.42427167424749,4.1186701984956,10.8152360502033,4.93789528398561e-24,6.82217511203416e-23,43.8303900011437,UP
KNG1,1.80713175678445,10.290953975168,10.813239126631,5.02141079049854e-24,6.92283035416184e-23,43.7523920718351,UP
EME1,-1.81670514250787,-0.209107939138276,-10.8118855978174,5.07881522398504e-24,6.98713700359043e-23,43.7375031504578,DOWN
SIX2,-2.86815660760013,-3.18572224083424,-10.8944396623328,2.53557774873261e-24,3.60279521037094e-23,43.6786892881228,DOWN
LRRC3,1.82082680060232,4.15652761682875,10.8026361047199,5.48894620104588e-24,7.53540637557958e-23,43.6320431586593,UP
ENPP7,2.79814987506092,3.69649618142924,10.7910666875054,6.04857929165472e-24,8.28617080809282e-23,43.6098365723858,UP
SYNGR3,-1.85704015987505,-2.12846231828462,-10.8464130341562,3.79954038593117e-24,5.31730937414743e-23,43.5978302748524,DOWN
CES3,2.07825866470651,4.35584349668539,10.7880932884966,6.20134666806165e-24,8.48650044026519e-23,43.5072218725904,UP
ETV4,-2.35849285494991,2.60868501344549,-10.7718449160243,7.10647178676713e-24,9.62374860216317e-23,43.3946310585725,DOWN
UGT2B15,2.54376350646277,7.51654276673846,10.7770915981065,6.80069833047513e-24,9.23856372571972e-23,43.3181806978953,UP
ESR1,3.51943042717808,2.07718571588799,10.7438225008132,8.98641479595125e-24,1.21316599745342e-22,43.192878788474,UP
RDH5,2.05663343885155,1.29821793829256,10.7321881896422,9.90524967888411e-24,1.32754878823187e-22,43.0982276316866,UP
HDC,2.46955595701972,-1.03087074904881,10.7820123754476,6.52581850599883e-24,8.87442983637768e-23,42.922505063116,UP
REEP2,-1.86383559079866,-1.20191286585916,-10.717879309205,1.11642742589397e-23,1.48708133129077e-22,42.8138083876369,DOWN
AKR1D1,3.24741519572244,4.96504433706932,10.6822320952674,1.5035892265438e-23,1.97443005916323e-22,42.6471884847842,UP
ZNF239,-1.93827459366241,-0.342509193177393,-10.647732072698,2.00469518866157e-23,2.6087150716581e-22,42.3849554280314,DOWN
PPFIA4,-2.19110466650835,-2.76286258495493,-10.7121458919856,1.17122960055486e-23,1.55529231312944e-22,42.3284978539495,DOWN
CFHR5,2.96189350960627,6.19295105436931,10.6444760209848,2.05980854182982e-23,2.67775110437876e-22,42.2279290063864,UP
STEAP4,2.30649732069331,2.929958252911,10.6177579468031,2.5727910138584e-23,3.32135555635974e-22,42.2035509586589,UP
PROZ,2.36432794176522,3.66372975263837,10.5963661616783,3.07351543016753e-23,3.94424356636223e-22,41.9939166577978,UP
DKK1,-4.36165669401705,-1.05853371220724,-10.588927181328,3.26943549654766e-23,4.1832668762231e-22,41.8585458318848,DOWN
TDO2,2.56483963553817,6.92481269630063,10.6001575141747,2.97819792018408e-23,3.8294907316268e-22,41.8403270872905,UP
SOX9,-2.06783314650772,4.16822179475065,-10.569608362973,3.83814396216432e-23,4.87729702902427e-22,41.6104387184801,DOWN
KCNH2,-2.78289980070969,-2.04746047123107,-10.5853843581529,3.36705755620707e-23,4.30393469315564e-22,41.5958816034692,DOWN
RIBC2,-2.08086521317768,-1.07985797676997,-10.4738581392444,8.47821347469152e-23,1.04564632854529e-21,40.8827579567931,DOWN
MYO16,2.05065242387062,0.902496167458422,10.4600315808885,9.50308018873032e-23,1.16761118648099e-21,40.8464021375975,UP
TRIM71,-4.57360262590555,-1.58069155431653,-10.4698841023667,8.7609778191496e-23,1.07745093690621e-21,40.8249312993471,DOWN
WNK3,2.08227329392317,3.21997037398557,10.4380364285085,1.13927953091458e-22,1.39189306378058e-21,40.7195922766815,UP
ABCG2,1.98511984098874,4.15078946917108,10.4442446792762,1.08244883853403e-22,1.32370650339374e-21,40.6946338312623,UP
GFRA1,3.48041746049792,3.87278833484531,10.3172979983575,3.0716774703246e-22,3.62324026404228e-21,39.7509160327894,UP
CUX2,2.76870603774751,4.13746633662666,10.3166560517455,3.08786573884372e-22,3.63903015883515e-21,39.7008857654522,UP
FRAS1,-3.0629367201442,0.700474792762906,-10.2936579936846,3.7272512691625e-22,4.37270209870039e-21,39.5860051330284,DOWN
ANGPTL6,2.52466232030692,1.1974634871412,10.2921610424372,3.77315811997197e-22,4.42256358340035e-21,39.5086405151478,UP
AFP,-3.92255037574923,3.86695731015108,-10.2853317238802,3.98982150032156e-22,4.65969530797446e-21,39.3621739403296,DOWN
UBXN10,2.96557961585477,2.6184446205257,10.1730873414096,9.95867260954526e-22,1.11976866822653e-20,38.6215155921625,UP
OASL,1.81300030693946,3.82107163219747,10.1700777784713,1.02051401975109e-21,1.14549832104645e-20,38.5001825474773,UP
SPP2,3.17572468560342,5.3309434724921,10.1564525461078,1.13989703749376e-21,1.27839748065038e-20,38.3337994100096,UP
SULT1B1,2.5547752639978,3.46991977680474,10.1317984881539,1.39222892871421e-21,1.54273695368698e-20,38.253407489416,UP
FOXJ1,-3.12763344797122,-1.98673767880077,-10.1134791385939,1.61496811513257e-21,1.77742295857853e-20,37.8984144740847,DOWN
NECAB2,2.97534874925714,2.56847030524167,10.0768812407541,2.17134339456368e-21,2.3716767590579e-20,37.856938899643,UP
ANO1,2.17420601123207,4.83714620102106,10.081296305406,2.09523588076638e-21,2.29047376965598e-20,37.7098435065572,UP
PLEKHB1,-2.53983053764479,-0.118542146564663,-10.0597498487532,2.49354986054237e-21,2.71447879621657e-20,37.7019549204942,DOWN
ANXA10,2.77395835212865,3.20092209599713,10.0327522178323,3.10024172856164e-21,3.33854389127944e-20,37.4868162452449,UP
CTHRC1,-2.08144969452769,1.2133475449147,-10.0279678005077,3.22211511883331e-21,3.4669104431059e-20,37.4578424591347,DOWN
CFHR2,2.06223651427297,8.23182447135949,10.0467087363449,2.7702663832526e-21,3.00814795311885e-20,37.406044795662,UP
CES1,1.83113164009033,10.4157242500792,10.0237093891584,3.33458409815074e-21,3.57017672569528e-20,37.3415191971251,UP
SAA1,3.3939930218394,6.90298311890853,10.0410131024802,2.90049179193903e-21,3.14167530457983e-20,37.3275586513599,UP
MMP9,-1.89146205432014,2.01951089288825,-9.99098683555002,4.33930411574937e-21,4.58539809204533e-20,37.1165285472123,DOWN
DPF3,2.18004412935755,0.222292124859771,9.99110869410609,4.33505430739025e-21,4.58463764577176e-20,37.026836666599,UP
MTTP,2.02725573612603,6.91181416993602,9.93442815594883,6.83293419605292e-21,7.11052214776757e-20,36.455326074242,UP
AADAT,2.37711982448476,2.72513294398927,9.87795312862685,1.07363293574599e-20,1.1013642129963e-19,36.2771869338403,UP
MNX1,-2.98164281596505,-4.56204793921211,-10.0083228852952,3.77442151865364e-21,4.0179026444881e-20,36.1956972572765,DOWN
DUSP9,-2.48131955389464,2.55637149598603,-9.87300743614699,1.11689142678092e-20,1.14483575056068e-19,36.1300186100575,DOWN
ECHDC3,1.80273239071888,5.84531572231161,9.88771967957944,9.93033489532216e-21,1.02029477282871e-19,36.0805819050068,UP
NAT2,4.64645944121391,1.66662289525839,9.84151944061734,1.43587273159326e-20,1.46027244833216e-19,35.886323013251,UP
HORMAD2,3.7432717552919,-1.63461084354899,9.88570852441747,1.00912416846426e-20,1.03600755540279e-19,35.4845920645995,UP
TRPM8,2.47474861118708,3.85821702530158,9.77967457387112,2.34861988082342e-20,2.33013952576423e-19,35.436753562945,UP
NXPH4,-2.36864793989009,0.0424673127648612,-9.74689124463103,3.04628170799535e-20,2.98807103789544e-19,35.2623751160721,DOWN
TTC36,5.05143194901653,0.384216063579373,9.79285671835476,2.11509475458301e-20,2.11623540660783e-19,35.2226471051954,UP
DSG1,3.53356174680367,2.01558440229352,9.7404221927048,3.20651468534883e-20,3.14049820653283e-19,35.2008673522658,UP
CA9,-3.59482282755901,-1.06671970040562,-9.71873367785028,3.80724040416722e-20,3.70094544378142e-19,34.9868272857719,DOWN
BCAS1,-2.58333604866105,-0.536355542764945,-9.65882574836405,6.110751211131e-20,5.86550820243594e-19,34.5574545327268,DOWN
FITM1,2.18574666355531,0.277079598240037,9.64259530801455,6.9444036031374e-20,6.59743742457538e-19,34.3494622107943,UP
LPA,2.51328007963881,3.96756015654095,9.6325037693869,7.51865205063234e-20,7.1290955525002e-19,34.2823621873349,UP
CTNND2,-4.14676409207722,-0.808327876319979,-9.58545771072216,1.08821558676425e-19,1.01527699894449e-18,33.9889819269961,DOWN
CCL20,-2.44833110925531,3.61587208400442,-9.60917109332715,9.03309431334932e-20,8.50709179459519e-19,33.97617004797,DOWN
SULT1C2,-2.72281513299394,2.02267141949924,-9.58682652685079,1.07658822566265e-19,1.00659836477184e-18,33.9416675653979,DOWN
ARG1,2.125383439061,7.81662852142538,9.59543831348462,1.00621095108402e-19,9.44195203882095e-19,33.8332651072527,UP
RASAL1,-2.38600402168666,-1.75619647684157,-9.57484462444078,1.18269785785162e-19,1.09947724265705e-18,33.7704725993435,DOWN
PYCR1,-2.11350753392206,2.11590335469943,-9.56124548407649,1.31574288675954e-19,1.21619593383246e-18,33.7422607175134,DOWN
DMBT1,-3.04254910225243,-3.92405522281644,-9.62373641135194,8.055636657676e-20,7.61970526389207e-19,33.5921083788413,DOWN
HS6ST2,-3.21204811130255,-3.16266039452519,-9.56138256215327,1.31433040985724e-19,1.21575562911794e-18,33.3819716156606,DOWN
PKIA,-1.86218722073552,-2.05189306848247,-9.52678586925875,1.72309333827866e-19,1.58483096205559e-18,33.3223474812538,DOWN
NEIL3,-1.92564448994894,-0.479751912132498,-9.47382205869545,2.60524955563653e-19,2.35615431608995e-18,33.1417599369781,DOWN
MFSD2A,4.4053197631707,3.37598107392323,9.45753824569133,2.95751848228496e-19,2.65992330536252e-18,33.0395497321371,UP
DRD1,3.2807080468398,-2.22484975951192,9.57367011590792,1.19364145282764e-19,1.10885704920404e-18,33.0161273685261,UP
ROPN1B,2.54139684709656,-2.07410994771935,9.51048356326288,1.95720349041963e-19,1.79001420634364e-18,32.7448611759556,UP
CDA,2.06958128674139,3.23079854921372,9.42165390122732,3.90929811964314e-19,3.47978441945206e-18,32.7012151559985,UP
PNCK,-3.2361146441311,-3.45580821883916,-9.47646829427318,2.55207429297519e-19,2.31128234608569e-18,32.6668379642824,DOWN
DMKN,-3.2847394153364,-0.0358257468963528,-9.3991510072032,4.6552337357592e-19,4.11555619648092e-18,32.5986698675311,DOWN
SEC14L3,3.57708018664744,-1.5445744537498,9.48381947343576,2.40993737047609e-19,2.1856045132942e-18,32.5640772459698,UP
NLRP6,2.61924331167635,0.987345134819054,9.38725715178586,5.10485299391536e-19,4.49469327674432e-18,32.4683391068554,UP
GLP1R,-3.08511487532285,-3.8378445289831,-9.45805197374944,2.94571495431603e-19,2.65114345888443e-18,32.401421221159,DOWN
SPIB,-2.11772606285424,-2.30336562767565,-9.39896140467583,4.66208351032175e-19,4.11880806452712e-18,32.3274436069843,DOWN
KMO,2.20763368832196,3.60497763971505,9.36915154214018,5.87324171828761e-19,5.13641684817516e-18,32.2743214890857,UP
MDK,-1.97445034804977,6.32611089971803,-9.39220819084803,4.91268457239147e-19,4.33136690710442e-18,32.2640947862867,DOWN
KCNJ4,3.27380091642344,0.040637124954912,9.37887560517206,5.44730706958926e-19,4.78001195356458e-18,32.2445682117296,UP
LEPR,1.88835187652391,6.69991718007596,9.38053814038463,5.37761492490382e-19,4.72844177587853e-18,32.1328327487919,UP
CDC25C,-1.90377398044462,1.07583311192774,-9.30211115444134,9.8565812472621e-19,8.43263640699558e-18,31.8443361110457,DOWN
SLC1A2,3.04984009436176,4.57578750732048,9.31442430094522,8.96403199605001e-19,7.69946319660724e-18,31.8154347187455,UP
VIPR1,2.76241195792157,0.739429565555151,9.30112520835948,9.93174772514317e-19,8.49135007942293e-18,31.7926778561093,UP
CD300LG,3.45672748899356,-2.26065448334294,9.41020300378264,4.27273724392759e-19,3.78771594449745e-18,31.773913736732,UP
GRIK4,-2.34321249157578,-2.84865415172836,-9.32063131832143,8.54496587104241e-19,7.34923654087601e-18,31.633041362303,DOWN
PHYHD1,2.53689507202389,2.74076878337348,9.27308349033924,1.23246384229594e-18,1.04751360732313e-17,31.6221772755608,UP
SERPINA11,2.20073084650616,6.45719369161123,9.30399900388647,9.71422589673143e-19,8.32730374395056e-18,31.550254865776,UP
UGT1A4,4.18200724062392,3.94107736073547,9.24812668466666,1.49300762546822e-18,1.26399543884979e-17,31.421005535187,UP
LCAT,1.9018012769524,4.97220828884674,9.21191333828661,1.97091761977825e-18,1.63973780448816e-17,30.9137311366208,UP
USH2A,2.2554458912926,2.33934746710465,9.1210139150461,3.94551050706698e-18,3.21256081224319e-17,30.4942528433074,UP
UGT1A1,2.31530747927781,5.1548099918296,9.15452220080365,3.05634645790674e-18,2.50585678338603e-17,30.4913474110013,UP
GSTA2,3.30108786207357,5.31955495014876,9.13161271521554,3.63958992557094e-18,2.96905492232348e-17,30.3777712107684,UP
FMO2,1.84482087179088,0.658753741729494,9.10382957657584,4.49653903424442e-18,3.63162639538136e-17,30.3592934309489,UP
SLC6A14,-2.47159913818955,-4.88180527396717,-9.23207009332326,1.68878287362343e-18,1.41772612668051e-17,30.3226957993864,DOWN
CFHR3,2.50801954948408,5.95776994744778,9.13590398858548,3.52252228190999e-18,2.87536121151257e-17,30.3024466415359,UP
ZBTB7C,1.86289429393884,-0.150220999770616,9.10166480296001,4.57115316006783e-18,3.68959391484157e-17,30.2660110799286,UP
KCNB1,3.41852922197148,1.34136452397285,9.06580811885419,6.00147117899804e-18,4.79932919960884e-17,30.0700166830643,UP
ZIC2,-2.64711627946611,0.204036324728451,-9.04653731196955,6.94510340129139e-18,5.50983859942403e-17,29.9582076445452,DOWN
UGT1A3,3.48990565527804,-0.368929392152146,9.0771763516033,5.50559829261602e-18,4.4109318338189e-17,29.929002523278,UP
ADRA1A,4.06316936671442,1.28864851612531,9.03495705564518,7.58138931903826e-18,5.99631565690316e-17,29.8105308259644,UP
CLDN18,-2.30380440671869,-4.3170385917932,-9.10793794978378,4.35823725939373e-18,3.52650637306831e-17,29.6458178483903,DOWN
SLC7A10,-2.87215079663738,-3.77374877502037,-9.07534490689372,5.58264875110455e-18,4.46715091377664e-17,29.6320232802446,DOWN
CA5A,2.4968004764125,3.18663309459225,9.00817576986974,9.28269427879445e-18,7.2535710348197e-17,29.608581817388,UP
GLS2,3.35901687391911,-1.24500159359407,9.04828073799073,6.85400688847364e-18,5.44089165407134e-17,29.5265982136221,UP
MMP10,-2.44970141081252,-3.37437456374135,-9.00435021674637,9.55476847600616e-18,7.4527194112848e-17,29.2105491931637,DOWN
ADH1A,2.02054265461062,7.95889524223245,8.98411627958209,1.11306949698948e-17,8.62496035644532e-17,29.194070510733,UP
FNDC5,3.738556364719,2.94812935033378,8.88686016004692,2.31143539349945e-17,1.74933633189845e-16,28.7716151483155,UP
SIX4,-2.0893787832182,-1.05328905614838,-8.88821141618579,2.28816617795334e-17,1.73475856118389e-16,28.7585758291918,DOWN
SHD,2.61758542089767,1.91384736772105,8.88172922787992,2.40194642849764e-17,1.81360920156388e-16,28.746682767057,UP
SSTR5,-2.84015491822683,-4.17178989296526,-8.963260870731,1.30245167956794e-17,1.00499733294935e-16,28.7110108029323,DOWN
ATP8A2,-1.91319344247701,-3.15381127807686,-8.90954884189608,1.95003738907979e-17,1.48534519483749e-16,28.5579735226171,DOWN
FXYD2,-2.65522835352576,-2.55050420199087,-8.86720744789847,2.67758130122657e-17,2.0123696967031e-16,28.4250810854436,DOWN
NKAIN3,2.01587390306499,-0.20103295480974,8.82706374616394,3.61331666330084e-17,2.68763708512532e-16,28.2579931126688,UP
SALL4,-2.30734857419064,-0.601284687815758,-8.81503418811412,3.95218274497284e-17,2.92795192863447e-16,28.254482250197,DOWN
LECT2,2.92769293955541,4.42694359199229,8.82827630109152,3.58079914278137e-17,2.66650449927189e-16,28.1898582636163,UP
GSTA1,2.3115011219767,8.45948155365179,8.81998691054454,3.80901581706727e-17,2.82834124735578e-16,28.0061203826036,UP
B4GALNT4,-2.93619865604724,-2.3210630387433,-8.76710823428206,5.64414475813669e-17,4.11569387837851e-16,27.7624353419694,DOWN
CYP2D6,1.80520087290012,7.29686071744909,8.77409019924265,5.35902943291703e-17,3.91438218477466e-16,27.610939959554,UP
RANBP3L,2.85483748896083,0.310381353190748,8.73430802671477,7.19781271637525e-17,5.20478807057714e-16,27.6049875953945,UP
DIRAS1,-2.32702451175141,-2.62685242071501,-8.75297622360495,6.26799366206462e-17,4.54762199381191e-16,27.5835438599612,DOWN
SAA4,2.24364311197455,-1.60030518484849,8.75699221820202,6.0840768403195e-17,4.42159518328088e-16,27.4965321378765,UP
ZNF385B,2.30886525953409,2.36219769762093,8.71248379331847,8.45906940018603e-17,6.0664420144936e-16,27.4916381241743,UP
SLC22A7,2.31987727687783,6.77778950889778,8.72182061525165,7.89472499971588e-17,5.68026557181773e-16,27.2124451797452,UP
SYT8,-2.56483282743628,-1.63290559876229,-8.66227913773003,1.22517403966965e-16,8.63807559890867e-16,27.0955520035331,DOWN
TMEM82,2.89936671590021,3.19836137783011,8.62848165186615,1.57092571885541e-16,1.09745090429129e-15,26.8483998757365,UP
PACSIN1,-1.90990238816916,-0.580706408785926,-8.61727099252867,1.70570641293203e-16,1.18713875588148e-15,26.8319484458291,DOWN
HSD17B13,4.64175420365369,4.3877527644469,8.57273421066286,2.36385984635203e-16,1.62345044022072e-15,26.4412526104983,UP
DAB1,1.97689282744115,1.38519352029883,8.55709762611568,2.65010524736162e-16,1.80856105346744e-15,26.4076052898416,UP
SLC29A4,-1.96627833637536,2.95824670120092,-8.58106819149523,2.22402404964404e-16,1.5332802496211e-15,26.3321820397317,DOWN
PLGLA,3.2602035788497,-0.111723179426728,8.54343139243078,2.92819695783476e-16,1.99102062258639e-15,26.1834366905739,UP
DNASE1L3,2.23972341527716,3.60002257291942,8.53071708192429,3.21275571306984e-16,2.17994035766134e-15,26.0748666433688,UP
PCSK1N,-2.96375482072338,-2.39749827592714,-8.51124979262919,3.70229365816079e-16,2.49775001239138e-15,25.9482205314617,DOWN
GLOD5,2.14551160469469,0.145523432403898,8.47998838123286,4.64712822131121e-16,3.10613763305037e-15,25.8210532646593,UP
LINGO4,2.35625865970297,-0.718971861161484,8.4733300800062,4.87728743885536e-16,3.25160841726974e-15,25.6711632560076,UP
MMP12,-2.54832833234873,-2.40176893605142,-8.47324749477028,4.88021184274626e-16,3.25188872251133e-15,25.6694130935841,DOWN
IGF1,2.13753012060278,2.17455517352864,8.4474996335719,5.88190813517556e-16,3.88942672869272e-15,25.6003359151246,UP
CYP19A1,-2.62319379459175,-3.91572092495314,-8.4779965292861,4.7148310428296e-16,3.14814965312226e-15,25.3986852571593,DOWN
SNAP25,-2.1473074865656,0.376841745595435,-8.4116842640819,7.62125931945913e-16,5.00137922091035e-15,25.3664743571799,DOWN
MATN3,-2.2159937460196,-2.0395748371698,-8.40158167742204,8.19794054761069e-16,5.36896893050026e-15,25.2107020516595,DOWN
GPR17,2.19341923699392,-2.28519135415398,8.44995438633945,5.77823691505854e-16,3.82671916450103e-15,25.2067940650293,UP
SLC4A3,-1.87845741665935,-1.04278077401812,-8.36432632810478,1.07226894084526e-15,6.92844447915734e-15,25.0311967103441,DOWN
AOX1,1.84758118118771,8.94776394972164,8.39967726959071,8.31138581047624e-16,5.43778173907581e-15,25.0057604811678,UP
BCO2,2.65797586113079,1.70584073304014,8.35413454282274,1.15382701219684e-15,7.43291240446444e-15,24.9748978892121,UP
HOXC9,-2.49970709612114,-4.3228562470944,-8.39056236159513,8.87622491070582e-16,5.78112000578418e-15,24.6882220600341,DOWN
SVOP,1.90476817611293,-1.78737273232387,8.34185813041005,1.26024509968786e-15,8.07838258126668e-15,24.61407449053,UP
ARPP21,3.10297946100909,-2.46509523058088,8.36941374652509,1.03371774751427e-15,6.6957069261685e-15,24.4926231213593,UP
MYEF2,-1.89180473427992,-0.445472798451946,-8.28266637893231,1.92600935681391e-15,1.2130496370971e-14,24.4798747216442,DOWN
RIPPLY1,2.29504913045732,-0.775504634400299,8.27666962167262,2.01034604362879e-15,1.2643275578018e-14,24.3114712281833,UP
EXPH5,2.57197684949398,1.42521045851482,8.24403313717122,2.53750251217219e-15,1.58207129743544e-14,24.2115283937221,UP
C3orf52,-2.08165926684706,-2.52975514598862,-8.26488790486151,2.18681369427762e-15,1.37066358337758e-14,24.1987126428422,DOWN
AQP7P1,2.29220530855457,-1.95287841872934,8.25256555178555,2.38776663029543e-15,1.49229669045461e-14,23.9384985754594,UP
TMEM100,2.42094014412587,0.318332867802484,8.20514954133008,3.34616618280195e-15,2.0634691460612e-14,23.9179145320937,UP
PGC,-3.99005510076358,-1.71681435224503,-8.20319727565494,3.392886848804e-15,2.09128720955944e-14,23.902618603624,DOWN
BICC1,-1.9623758220247,2.96468600050037,-8.23690657897912,2.66965203754004e-15,1.66286671518141e-14,23.8855704765381,DOWN
ACAN,-2.03276494897022,-1.54823807604723,-8.13418806140321,5.53101717749065e-15,3.31937708336742e-14,23.4188005707661,DOWN
DBH,2.37212679331447,1.54209174576214,8.12225512967535,6.01700352707552e-15,3.59939312787332e-14,23.3672683804826,UP
INHA,-2.32185759079004,-2.82055054238479,-8.14729652603429,5.04178582850051e-15,3.03840707910608e-14,23.3669141846874,DOWN
TRPC5,2.6623795492192,-2.57705174342432,8.19147375297978,3.68731925530798e-15,2.25670194008882e-14,23.3340342432599,UP
IGDCC3,-2.5201573452997,-4.20244264848011,-8.14001632430278,5.30796006636895e-15,3.18977673591326e-14,23.0479117040372,DOWN
CYP3A43,2.77694715833901,0.692373277399452,8.06082772976526,9.26994741294382e-15,5.43761549466583e-14,22.9430098077752,UP
IQSEC3,1.86022203219617,-1.2223912496541,8.0771388607941,8.26670456923225e-15,4.87112941200632e-14,22.9243723164828,UP
CKMT1B,-2.17742443696259,-4.72531802184573,-8.13808566769196,5.38084680456435e-15,3.23074699264342e-14,22.8687347985004,DOWN
CYP2A13,3.61342292574135,-1.67131985705029,8.10193690536587,6.9434050300044e-15,4.13073756869753e-14,22.8570216558959,UP
STRA6,-1.97743613120281,-3.03492801441111,-8.04929621266248,1.00508735182122e-14,5.88241074272291e-14,22.6634477261984,DOWN
VIL1,-1.90694834472987,4.32542344103477,-8.06864000554394,8.7752683650543e-15,5.16377028803626e-14,22.5878866151714,DOWN
SYT7,1.8943183377414,5.29824258529944,8.05681208890691,9.534839125275e-15,5.58542876499533e-14,22.5189007228014,UP
A4GNT,-2.1208663383475,-4.86340773242791,-8.08988557350202,7.55805629478222e-15,4.47998526245261e-14,22.5067700328784,DOWN
PGLYRP2,1.99266094267054,6.51613838185544,8.05970849347847,9.34303826830684e-15,5.47554323061827e-14,22.4990467267747,UP
TNNT1,-2.09602534453382,-2.86778723458373,-8.00957202400413,1.3272229239598e-14,7.6846384812599e-14,22.4310520670581,DOWN
BEX2,-2.37599903279239,0.243692224190856,-7.95712177884301,1.91307615075567e-14,1.08922051599579e-13,22.2278137367113,DOWN
ASXL3,2.92556992390347,-2.22316214003415,7.99909988244362,1.427923424527e-14,8.23831253413247e-14,22.126637689572,UP
FER1L6,-2.7094480405763,-3.59612322580167,-7.95078422770551,1.99926208487819e-14,1.13580125530678e-13,21.9425152770359,DOWN
MBL2,1.96029590150025,5.87339802335426,7.97505553858365,1.68857585188151e-14,9.64783747839205e-14,21.9245690735532,UP
GNG4,-3.09299425795899,-1.00095305370943,-7.90243447570351,2.79590764192054e-14,1.57597450284818e-13,21.8833920334804,DOWN
GNAO1,2.78280796957496,1.70097652435764,7.90186829729966,2.806885972394e-14,1.58079046502519e-13,21.8710252014713,UP
CACNG4,-2.70145029053134,-2.3009849228068,-7.89312821369509,2.98185797841552e-14,1.67642379072218e-13,21.7496047939254,DOWN
MEP1B,2.86441699139286,-3.23991516267576,7.97778195444063,1.65680554764821e-14,9.4746515399856e-14,21.7186565129683,UP
FCAMR,3.51417909132455,0.740212252382161,7.85310518484959,3.93087553785522e-14,2.18912009477383e-13,21.5354915558099,UP
RHOV,-2.0947700447087,-2.86619141312712,-7.86384791998076,3.65023454952981e-14,2.0380737787938e-13,21.4695002080769,DOWN
RHCE,1.83827435809824,-0.726267380631684,7.84805352802167,4.07010473694217e-14,2.2598738870743e-13,21.4587865803601,UP
MEP1A,-3.10009089910578,-1.63041731198085,-7.83964760995619,4.31264706454635e-14,2.38841566854002e-13,21.4494036249169,DOWN
C6orf223,-2.72299641289015,-2.0580862459321,-7.80001464900836,5.66257997832507e-14,3.09641794435822e-13,21.1572154833836,DOWN
PRR15L,-1.97073060076506,1.02503448964016,-7.7954378207395,5.84312548719366e-14,3.18575443753921e-13,21.0840606050986,DOWN
GPM6A,2.62941561996492,-0.507672226241086,7.78989382560569,6.06944544829397e-14,3.30359966626127e-13,21.0638548495823,UP
IDO2,3.17373732554285,-1.3501724847407,7.80092147869919,5.62746668470233e-14,3.07851347237697e-13,20.9919268664047,UP
ST8SIA6,2.02626904756245,-1.77345869608679,7.78449678561936,6.29806924595711e-14,3.42660348962065e-13,20.9011728541824,UP
PEG10,-3.18453025283758,3.50765537203633,-7.74562599685716,8.21548194977207e-14,4.4308332259838e-13,20.4818332631384,DOWN
GPR182,2.65871564995139,-1.85769609176216,7.72516950022924,9.44527614401815e-14,5.05213349597874e-13,20.4549959623733,UP
HOXC10,-2.29585851061,-5.09942635465746,-7.77201547729708,6.85984877179724e-14,3.72289410778649e-13,20.412851853078,DOWN
S100P,-2.99776553291781,1.67772992879327,-7.70394733675111,1.09130059375132e-13,5.79898560190195e-13,20.3856261069925,DOWN
OCA2,-2.35369767419595,-2.32459323160999,-7.68142001138107,1.27174092550579e-13,6.70568388126012e-13,20.3513639929905,DOWN
CDH17,-2.14978251425805,-3.99774379644122,-7.71939769544127,9.82397734155904e-14,5.24389616665957e-13,20.3415166647569,DOWN
SLC34A1,1.99696957340914,-1.66434544812364,7.68881608062658,1.20947208832622e-13,6.39552687748073e-13,20.3024894290251,UP
MSI1,-2.28803835384175,0.344169418199286,-7.6669454859331,1.4028944703915e-13,7.34949192697635e-13,20.2814518594101,DOWN
THRSP,5.40298743263086,2.86746908189656,7.65496838140096,1.52143572933498e-13,7.94167436369507e-13,20.2402581188899,UP
DEFB132,3.11713277824935,-2.38313576188,7.71474291221775,1.0140267205218e-13,5.41050329474798e-13,20.2375612077659,UP
BRSK2,-1.98110625871388,-2.40077455653241,-7.64908886896972,1.58318954644278e-13,8.24083472531159e-13,20.1256809630516,DOWN
IGF2BP3,-2.47971381731188,-1.21616682375972,-7.62105750277566,1.91330765872607e-13,9.83694638316527e-13,20.0208067356955,DOWN
GUCY1B2,-2.19813898692348,-3.31549810544987,-7.63428797876498,1.74980469917254e-13,9.05367076818875e-13,19.9221359321794,DOWN
CYP11A1,3.10753942391608,1.14047408589757,7.60402976636675,2.14607177682636e-13,1.09814949431221e-12,19.9114953905503,UP
C1orf116,-2.01820773935889,0.235152167687122,-7.60546107950979,2.12547608800687e-13,1.08903346384142e-12,19.886544923562,DOWN
ATOH8,1.9666254238248,2.81282983135491,7.60544258288426,2.12574099548626e-13,1.08903346384142e-12,19.7768882762782,UP
SPINT1,-2.00248143580689,2.79402308035984,-7.63053540704712,1.79472518462593e-13,9.26394911476031e-13,19.7713467415036,DOWN
UPP2,3.14537534229084,0.694651870609983,7.57214708398238,2.65942316582909e-13,1.35019267609939e-12,19.6989827059085,UP
ZG16,2.60530292365649,2.56041941719242,7.57385755796769,2.62904175805446e-13,1.33529000046356e-12,19.6261502685329,UP
TMC5,-2.38691171345294,-0.0951426866768559,-7.52627361684573,3.61671173766445e-13,1.81212327689229e-12,19.3848216743416,DOWN
VSIG1,-2.08118365871991,-1.86335980727694,-7.50046298389831,4.29721660730623e-13,2.13987546315514e-12,19.2159388292001,DOWN
UGT1A9,2.63454862591366,3.5580297601217,7.50693370630477,4.11560608558248e-13,2.05337595979484e-12,19.0853102170706,UP
FAM155B,-2.04011685787219,-1.33565279281632,-7.47497127590454,5.09277503615288e-13,2.51772075987972e-12,19.072971183467,DOWN
GREM2,3.9704886432526,2.11141929106266,7.47217172999575,5.18853518868748e-13,2.5630850701972e-12,19.0477223556947,UP
MAP7D2,-2.26741966140936,-1.38114226051369,-7.46822076955371,5.32670636231993e-13,2.62566171404252e-12,19.0299739234773,DOWN
PRODH,3.04055347463675,1.4936093832313,7.45658889917386,5.75489060326721e-13,2.82441818047001e-12,18.9508386558409,UP
PAPPA2,3.20125478719273,0.763326856369991,7.44993067833953,6.01507120784149e-13,2.94228737386958e-12,18.9136589653658,UP
PIGR,2.1767700447393,5.44009036871148,7.51984066814244,3.77565477011599e-13,1.88957335258175e-12,18.9070447615544,UP
COL22A1,-2.33785593944639,-1.91346197834055,-7.41881883211043,7.39282154098144e-13,3.58114783113487e-12,18.6965809014517,DOWN
KCND3,2.95378584307778,2.44047480128327,7.42571290287182,7.06294477224959e-13,3.42518535314434e-12,18.6907435538267,UP
HAVCR1,-2.22613421068274,-3.60862953008809,-7.42988655419903,6.87033197315039e-13,3.3405092225872e-12,18.5880437511179,DOWN
DIRAS3,2.46115633840827,-0.687792189307977,7.393552950666,8.73676491179306e-13,4.19927334972081e-12,18.5073556067469,UP
ANXA13,-1.93859265963891,3.20017204849667,-7.43713946104189,6.54784967205039e-13,3.19207671512457e-12,18.451729440684,DOWN
KLC3,-1.8507512107124,-3.17647200613674,-7.39029960584582,8.92644010685245e-13,4.28726618593538e-12,18.3897907864827,DOWN
HOXB13,-2.13208622290121,-4.79979943197165,-7.4283360967998,6.94127321181026e-13,3.36995570847775e-12,18.3418237682698,DOWN
ACSL4,-2.04872952933532,6.97924380830547,-7.42456169751987,7.11700234952562e-13,3.45011233718885e-12,18.3304594997695,DOWN
CTNNA3,2.44695203552906,-0.807383422478305,7.36594676928098,1.04810784593802e-12,5.00249047967551e-12,18.3248679919187,UP
CYP2A7,6.16395155244873,2.08985889725752,7.35622535053221,1.1173625682166e-12,5.32325299832317e-12,18.3096567144282,UP
ELFN1,2.01144682636326,3.37375492494859,7.39005952583043,8.94059680578146e-13,4.29247803019164e-12,18.3079359167109,UP
BBOX1,2.89972007410976,2.36943624977822,7.33396670745043,1.29335924251789e-12,6.11907339984694e-12,18.1051766691701,UP
EPCAM,-3.07338848275241,1.81063754672512,-7.32818879590522,1.34334090223893e-12,6.34398847177346e-12,17.9119890827891,DOWN
CYP39A1,2.84491906622181,2.99687461745247,7.28500110102527,1.78226752345044e-12,8.3021191990857e-12,17.7279879635236,UP
SLC7A11,-1.85538897733749,0.903807749137444,-7.27771825432821,1.86907502768887e-12,8.68778718131543e-12,17.7157442633003,DOWN
CYP26B1,-1.84054550561251,-0.874252184247556,-7.23955918377651,2.39661505605826e-12,1.10098478008591e-11,17.58123190451,DOWN
PPP1R14D,-2.00177766498089,-3.36720871243131,-7.23974507750702,2.39371971964929e-12,1.1000438074694e-11,17.4391887231506,DOWN
ABCB5,-2.14511554433366,-4.29769822064631,-7.25501926514651,2.16722310904511e-12,9.99493129160825e-12,17.3908515255229,DOWN
UPK3A,-2.62925478650297,-1.40156944974784,-7.20082498341291,3.08158032560958e-12,1.39833975152661e-11,17.3408044522719,DOWN
DCDC2,-2.12135193602761,3.18679212624153,-7.26411394608367,2.04252651336568e-12,9.44332211786403e-12,17.33749299736,DOWN
COL25A1,2.26619704159258,-2.56142625298522,7.23920360887691,2.40216282266641e-12,1.10314316046565e-11,17.3258079973833,UP
CLEC2L,-2.28633069846649,-4.53691840869977,-7.23503042290296,2.46822643380473e-12,1.13068277586674e-11,17.2308010233873,DOWN
ADRB1,2.13112405057304,-2.67975226961291,7.21656811891618,2.78260715271392e-12,1.26754539082061e-11,17.1789796729698,UP
AVPR1A,3.58215902753496,2.22850379752084,7.17728213655995,3.58857030466309e-12,1.61317973508687e-11,17.1546338324904,UP
TREH,2.28781653697628,0.483323605219977,7.16845003984538,3.79923314870518e-12,1.70316330349445e-11,17.138923247514,UP
SYT9,3.70674098034258,-2.76726138835838,7.23617561517764,2.44992145436719e-12,1.1230896550606e-11,17.1271725645627,UP
MCOLN3,-2.08535609286124,-2.25756482240263,-7.145889430996,4.39418240427128e-12,1.95905413265606e-11,16.9690471614912,DOWN
GLDN,-1.91696560925988,-0.387252946865425,-7.13528961725712,4.70449417119122e-12,2.08605809366891e-11,16.9143876954715,DOWN
NR0B1,-1.95507826771223,-5.04784755906946,-7.16684309310275,3.83884972062492e-12,1.72032923815583e-11,16.6943610596527,DOWN
PRAMEF10,3.28059096633397,-2.60783354338807,7.1418840336437,4.50899887039734e-12,2.00542357294008e-11,16.6436423629991,UP
PPP2R2C,-2.61276978595727,-2.46075647189314,-7.08518177259705,6.488823677571e-12,2.84121217466671e-11,16.5930320182684,DOWN
OTX1,-1.80688464419012,-1.61817381990174,-7.05922395980304,7.65996091097427e-12,3.33601315730459e-11,16.4609495601103,DOWN
DNAH6,1.93415166680862,0.743481766841216,7.03929203247494,8.69813954625371e-12,3.77171079423028e-11,16.3302501816019,UP
CBS,1.89755082713708,1.72555210611394,7.03264602706929,9.07415713312334e-12,3.92427834458451e-11,16.2220360309574,UP
TSLP,2.31825101763972,-0.0730615839718196,7.01614737717866,1.00781031089052e-11,4.3267545479455e-11,16.1985552474097,UP
ANKRD35,2.42779814998827,0.176940156403528,7.00337481891199,1.09296108894387e-11,4.67686512754992e-11,16.1228609887622,UP
PEBP4,2.58203867876816,-3.53432274095846,7.07002503143271,7.14933696946569e-12,3.12200535381476e-11,16.0896743037696,UP
APOC1P1,1.98401016601456,4.28586366805425,7.05267811954338,7.98670093907585e-12,3.47365321821092e-11,16.0388459056868,UP
SLC2A12,1.83077946901571,1.42297443365825,6.99849355508813,1.1273385598827e-11,4.81445112699659e-11,16.0343337265802,UP
REN,2.16707169118393,-0.892880964519262,6.99132439241885,1.17976476843093e-11,5.02183056296706e-11,16.0215409633288,UP
CRHBP,2.96117552896692,0.777023385401185,6.98627202964674,1.21814402362205e-11,5.17332780731839e-11,16.0176138952257,UP
MRAP2,-1.91804023089954,0.0927355717898534,-6.98261540722329,1.24668396673125e-11,5.28761746438236e-11,15.9419662772422,DOWN
CYP7A1,3.191967357786,4.34806469601693,7.02054540495985,9.80027636992695e-12,4.21723622320216e-11,15.9315075424201,UP
GDA,1.85277046709931,4.81091927897829,7.0259004964542,9.47214501303848e-12,4.08279944521509e-11,15.7867621471853,UP
NRCAM,-1.95341743188302,0.684658060410485,-6.95090968896538,1.52335377579624e-11,6.40666952275448e-11,15.6945678352655,DOWN
ACE2,2.717924806045,-1.76314018599316,6.94232996399908,1.60806954993452e-11,6.74765726817434e-11,15.6305812969013,UP
GRIN2A,-2.07506849575489,-2.95399423475763,-6.93061330207348,1.73128121374662e-11,7.23428221458409e-11,15.6155761187469,DOWN
MT1X,2.5099487670606,3.66390599825898,6.94508726873627,1.58035107958479e-11,6.63563513435745e-11,15.4977785711249,UP
IL1RAPL2,2.18194795344636,-2.86172053437003,6.92916826095901,1.74710577158235e-11,7.29102270422234e-11,15.4318546051225,UP
IGFBPL1,-2.37210686222821,-0.908668695046618,-6.87743582510654,2.41758198804472e-11,9.95470427353735e-11,15.3498166984404,DOWN
HOXA10,-2.31115491646269,-2.48239219782803,-6.86189757577553,2.66438059509475e-11,1.09189999332583e-10,15.2430351559857,DOWN
BMP7,-2.004997285784,-4.7061798501039,-6.90063083910664,2.09040949725044e-11,8.65693499387482e-11,15.2036001805798,DOWN
MCCD1,-2.25302377801558,-3.94598703170568,-6.8710177916356,2.51667231262145e-11,1.03430453557009e-10,15.16109739568,DOWN
FXYD1,2.33705832975256,-1.63781048111597,6.85351554872277,2.80762646228052e-11,1.14842975954762e-10,15.1370674603746,UP
SAA2,3.33095467405629,3.8456423813908,6.8778676034252,2.4110550010683e-11,9.93097725939551e-11,15.1232611712356,UP
SCUBE1,2.65273311116613,1.88771156675224,6.81216917998833,3.63262492466444e-11,1.47014334361537e-10,14.8956538337452,UP
FAM99B,2.7617440410106,-0.867501302944312,6.78610452094269,4.27060549456566e-11,1.71338750565104e-10,14.7843656713251,UP
ELOVL7,-1.80131877021202,1.45900427694071,-6.80452219444095,3.8094067792199e-11,1.53928954081297e-10,14.7150923832442,DOWN
CADPS,-1.97279734884425,-3.81079284500259,-6.78378401901324,4.33247038325322e-11,1.73713469797189e-10,14.6610480605686,DOWN
GJB6,-1.80908607402239,-4.65937490389883,-6.78321529641234,4.34776639574986e-11,1.74219198338795e-10,14.5257296631433,DOWN
MPPED1,2.25136619191458,1.94866513795064,6.75481509814101,5.1829476628751e-11,2.06538635464127e-10,14.525704798789,UP
FOLH1B,3.21487157265368,-0.442777430871009,6.72639041975689,6.17606753168545e-11,2.44687580945695e-10,14.4443294219379,UP
GCNT3,-1.83123355263313,0.645022999346894,-6.74283493383619,5.58078160348658e-11,2.21915525672015e-10,14.4391431727273,DOWN
HSD3B1,2.43461216882995,-3.21460981707242,6.76133425322318,4.97830262082952e-11,1.98627392125078e-10,14.3823650861128,UP
B3GNT3,-1.90626402087245,1.97557114287273,-6.74689093780632,5.44284405915592e-11,2.16629530481943e-10,14.2930760587114,DOWN
GCK,4.14401569069559,-1.4517193201321,6.68534590010065,7.9473487376708e-11,3.11255181110165e-10,14.0875942163561,UP
MT1A,2.29207968833147,1.86547101297309,6.65115737665646,9.79610854960265e-11,3.79540756962081e-10,13.9188104559801,UP
PIK3C2G,2.06634917949135,2.59204547619035,6.60550322537004,1.29358997514898e-10,4.93677725749627e-10,13.554470059877,UP
RGSL1,2.81682901274405,-2.66074515872593,6.59288782443351,1.3965284777239e-10,5.30313314040943e-10,13.4890590136331,UP
ZDHHC19,1.86861175198906,-0.41815661302346,6.51876506149996,2.18501561624794e-10,8.16363573308747e-10,13.2534147459655,UP
FAM99A,3.52545098825479,1.41115877963372,6.50207716304585,2.41541414216732e-10,8.99856094788497e-10,13.1333837016792,UP
CYP1A1,4.05113300143291,2.04721312940417,6.46777389176944,2.96631864515637e-10,1.09753789870786e-09,12.9150252678498,UP
RBP2,-1.82397143492598,-4.01430165981099,-6.46849502690043,2.95355980211911e-10,1.09375195751699e-09,12.8405280399948,DOWN
FCN2,3.71684971303312,-0.721822584856032,6.4309182139738,3.69556411443731e-10,1.35653734183712e-09,12.723818530153,UP
C9,2.90689929306179,5.87400052360954,6.5007350035344,2.43494673979382e-10,9.06872764832301e-10,12.5827707305528,UP
SPP1,-2.4818407635494,6.25473687353855,-6.48704115439624,2.6432979184727e-10,9.82217741550929e-10,12.5049288874173,DOWN
CNDP1,4.00038933202915,0.498345708005614,6.36101961774026,5.59218178079841e-10,2.01514053238704e-09,12.3569014387986,UP
UROC1,3.06417695369842,3.63253629055161,6.40200390221955,4.38815013133517e-10,1.59588086686222e-09,12.3045748132612,UP
UBE2QL1,1.80771725467632,0.899591945047866,6.33363263818575,6.5713713070569e-10,2.35297488736553e-09,12.1449598453075,UP
CYP26A1,2.7336530216223,-2.36199041806551,6.33218576945552,6.62752874605363e-10,2.37177502962244e-09,12.0830635059437,UP
ZNF648,2.0269074893995,-1.42204079013742,6.27939622548795,9.03113171773644e-10,3.18542388968612e-09,11.8845617616935,UP
GDNF,2.59819689670648,-1.71080446531202,6.28244559684765,8.87161674473643e-10,3.13341546543084e-09,11.8724351637379,UP
IL20RA,-2.09619218439918,-3.30840852522139,-6.26887002566384,9.60363661253285e-10,3.37361181192762e-09,11.8035925987831,DOWN
GAD1,-1.89449333827446,-3.26265214062247,-6.26270201630612,9.9554566551049e-10,3.49153431217519e-09,11.7697382782328,DOWN
COL2A1,-2.90229763110484,-2.76828354268226,-6.25004252144515,1.07175209123613e-09,3.75069911314569e-09,11.7310006635941,DOWN
GCGR,3.5879580037778,3.2607351029378,6.27331503912959,9.35767082278367e-10,3.2934436578724e-09,11.6519846934237,UP
FAM180A,2.4751188532531,-1.04944986554297,6.18217543830103,1.58842503071582e-09,5.45448859701386e-09,11.356501469247,UP
IL1RL1,1.94003491131695,-1.64775461920667,6.17182199261817,1.68619154795238e-09,5.77798671062206e-09,11.2876837467436,UP
EPHA10,-1.88821205556742,-2.89909144114382,-6.1613898913245,1.79064715071332e-09,6.11494466113958e-09,11.2347257419232,DOWN
PDX1,-2.36558939429103,-1.69908634419081,-6.15732597785115,1.83302935179776e-09,6.25145803356025e-09,11.2204050758329,DOWN
LGSN,2.07405741462876,-0.285989947380615,6.13071322939838,2.1358462820862e-09,7.24235918158055e-09,11.077632432166,UP
ACSM1,2.25689630373297,3.47695564459962,6.18499228225829,1.56279992845625e-09,5.37359880086346e-09,11.0264005196649,UP
CXCL5,-2.18158519638539,-2.47716694963403,-6.11946140729718,2.27812073081415e-09,7.70869044582683e-09,11.0194335371937,DOWN
SLC6A11,-2.7478323593765,-0.629837279738231,-6.11781289294377,2.29972902007808e-09,7.7737066069115e-09,10.9452792511546,DOWN
KRT19,-2.47091629862788,0.965560963796208,-6.12669540367542,2.1856232331734e-09,7.40727790428574e-09,10.8320382211765,DOWN
B4GALNT2,-2.40831528917784,-3.03849779590152,-6.0847058973657,2.77864490526085e-09,9.28383364667422e-09,10.8202838391341,DOWN
POPDC3,-1.89817469945135,-4.60797707177773,-6.0755159997713,2.92803682792529e-09,9.75786868982956e-09,10.6495937637861,DOWN
TRIM55,2.38928956545685,3.79746856715952,6.10858907551959,2.42438085467873e-09,8.16319267817283e-09,10.5656889845714,UP
SYT13,-2.18786857838429,-1.29957434360496,-6.03577986019956,3.66950931295025e-09,1.21261876456196e-08,10.5439064230399,DOWN
CLDN2,1.92298364580159,4.50382495729606,6.07966085389813,2.85971018165215e-09,9.53995790627191e-09,10.2581592661215,UP
FCN3,2.09708500881408,1.88363463126999,6.00673221619919,4.32466112441345e-09,1.42152300740971e-08,10.2419460687913,UP
AQP4,2.02217855578609,-1.18384816827478,5.92230598709358,6.94671629885747e-09,2.23807999437514e-08,9.96362779988385,UP
GPC3,-2.33489870840302,7.29642527181439,-6.01240348082783,4.18836003872111e-09,1.37881449487633e-08,9.87668446468111,DOWN
NRG1,2.63242894547133,0.483187271294548,5.89675030013181,8.00998954046304e-09,2.56473703555211e-08,9.79882834102614,UP
KCNK9,-1.83722242815939,-3.6045885227099,-5.89285368649376,8.18548529970775e-09,2.6183472312144e-08,9.77689868112882,DOWN
KRT23,-2.43939155183096,1.18492179154931,-5.92267203622796,6.93253526965839e-09,2.23461989444163e-08,9.68332143510288,DOWN
AGR2,-2.68875886296453,-1.84977679375657,-5.8471900431463,1.05434377258878e-08,3.3396981889294e-08,9.55529805084126,DOWN
FAM3B,-2.08416597743494,1.26046015490821,-5.86136924211091,9.74803609517228e-09,3.09984683565138e-08,9.35009876061994,DOWN
HEPACAM,3.44226107219162,-1.69255955984998,5.80749390413794,1.31221432952981e-08,4.10347399412562e-08,9.33056808526939,UP
GABRA2,-1.99900897688642,-4.65162420581936,-5.81250192886834,1.27657105301277e-08,3.99682455773309e-08,9.29136279308639,DOWN
NOL4,2.0418706587477,-3.6916158431488,5.78703290353834,1.46819438941636e-08,4.56268019510655e-08,9.11472882600351,UP
BMPER,2.1318838339818,-1.79015600596729,5.74110015290553,1.88708103253519e-08,5.78416836665908e-08,9.01180339291983,UP
CNTN3,2.67419881659876,-1.3810421231539,5.73786061273335,1.92066940960684e-08,5.88156888058573e-08,8.99932984489696,UP
UGT3A1,2.61298230050681,4.11682664386328,5.82270493710456,1.20685131157442e-08,3.79225211309386e-08,8.97943666598819,UP
TFF1,-1.82817601105404,-4.0506380228561,-5.67574910278529,2.68963605293727e-08,8.11766289088922e-08,8.64554620560496,DOWN
LRRTM4,2.04696939091675,-3.59266213328969,5.66226906068088,2.89244578047516e-08,8.68938083530672e-08,8.50561348457351,UP
COLEC10,2.2390055700529,0.645432578108044,5.58466993930095,4.38377704415153e-08,1.29361764309012e-07,8.15282553499512,UP
BMP10,2.61016589310537,-3.6752009071027,5.54125135439395,5.5210553496126e-08,1.61200417772974e-07,7.88248168731204,UP
MT1E,1.97710564023619,4.95471321508856,5.64541081020373,3.16712414691512e-08,9.46638464809818e-08,7.86333552575674,UP
MME,3.53424659041911,1.9578477103559,5.51738408260926,6.26356746647387e-08,1.81898369157192e-07,7.7513994733886,UP
SULT1E1,1.82401276837561,0.381986458462579,5.48828009740127,7.30111283144584e-08,2.1010315165519e-07,7.66995708930331,UP
CYP1A2,5.93891463609081,2.3403816563531,5.47537654024754,7.81289947171382e-08,2.23888184993706e-07,7.62752516303244,UP
CHRNA4,3.60255199349737,1.0212124246184,5.45341865306908,8.76504088612624e-08,2.49795009848851e-07,7.51605607427336,UP
NTS,-2.43621478317274,-1.24886163871324,-5.43872974375478,9.46396448596388e-08,2.68769968902718e-07,7.43604913513897,DOWN
RXRG,1.88439534422149,-1.76668198213926,5.42433054732604,1.02015265898706e-07,2.88580321983554e-07,7.43495768320424,UP
COX6A2,2.05349141160782,-2.09379899770846,5.39375042060984,1.19578252831585e-07,3.35703149486338e-07,7.28217754082244,UP
IGF2,-2.78987033805494,-0.307886056415509,-5.41399489055713,1.07650692916631e-07,3.03398339606833e-07,7.22635437385341,DOWN
TRIM50,-1.89266170215308,-1.04241255673863,-5.38035575667029,1.28165513905965e-07,3.58493544927152e-07,7.14162696206894,DOWN
FAM9B,1.85802728880694,-1.69826813343006,5.25086953165394,2.48783016258914e-07,6.72273206856954e-07,6.60162136560794,UP
GRPR,1.93016885783608,-3.18041158457203,5.22330516059527,2.86027951867832e-07,7.68441251739249e-07,6.44199632905241,UP
C7,1.84957606552425,4.77504971398828,5.35303466485882,1.475768647704e-07,4.10139255889831e-07,6.38561699326389,UP
GPR88,2.50632486600164,1.98402536113868,5.20964735966445,3.06431585241562e-07,8.20372500006632e-07,6.15506880249046,UP
LHX3,1.98284698428025,-3.50749730253874,5.13136571210727,4.53555175314879e-07,1.19140798175856e-06,6.00230956623738,UP
GRIA3,1.9274193177233,-0.10567212194285,5.12831480808316,4.60494988034494e-07,1.20817139587959e-06,5.96057167572811,UP
SLITRK3,2.35266582310481,-2.78229156543838,5.0279381349177,7.55826356253722e-07,1.93646022660625e-06,5.55853280203568,UP
GDF2,2.84608099128022,-3.14173696338265,5.00392497780242,8.49946336484247e-07,2.16861553475853e-06,5.42889196758257,UP
CLEC4M,2.63296666067324,-3.55588345047916,4.96282484399336,1.03793129625526e-06,2.62453538638378e-06,5.23132166247279,UP
SPINK1,-2.29685298145989,5.06177791196681,-5.12653822263706,4.64583391925098e-07,1.21815960244927e-06,5.19769708584684,DOWN
SLC12A1,2.15678955996695,-2.6670585241626,4.93059332104809,1.21286721834767e-06,3.03380326746555e-06,5.12893550293051,UP
ESRP1,-2.04251821929365,-2.2142841153358,-4.93437373649587,1.19096181139377e-06,2.98360745458543e-06,5.11051590596933,DOWN
CYP17A1,2.37375268503885,0.666991823008862,4.95138999202277,1.09700375903218e-06,2.76314736589428e-06,5.0913044207984,UP
ASCL1,2.28399549283458,-2.94640489773686,4.9221287126954,1.26333494966135e-06,3.15033237159215e-06,5.08457277794383,UP
CLEC1B,2.16308873508249,-3.75002271861974,4.87392073720334,1.59177355322496e-06,3.92562915604493e-06,4.84557495665088,UP
USH1C,-1.8886497603703,-0.129502454011946,-4.84504528895546,1.82646050452747e-06,4.47465656996248e-06,4.51972874983571,DOWN
DLK1,-2.65065835556405,-2.13627902981127,-4.76911317388508,2.61391786229738e-06,6.29229866128937e-06,4.35890553237351,DOWN
CAMK2B,1.87442976729323,0.11867422172191,4.71771161145332,3.32305206179613e-06,7.88102211953e-06,4.07434754056178,UP
FAM151A,2.04850056755906,-0.975613772990487,4.67755897333904,4.00244446269138e-06,9.39789300975826e-06,3.98614691133724,UP
TTTY14,2.00428415252832,-1.67702974121229,4.65104801339557,4.5222642929441e-06,1.05478890755146e-05,3.90331762575609,UP
PDZK1IP1,2.01029502779127,3.07862102749997,4.75097862016201,2.8456093574009e-06,6.81466507921179e-06,3.81999115546536,UP
MT1M,2.16784373332611,1.19367861658959,4.65865409085672,4.36683264904676e-06,1.02055165760609e-05,3.71057201993089,UP
HGFAC,2.23353278611599,4.46463249133916,4.76625873265459,2.64914127728464e-06,6.37000514128783e-06,3.68909819236566,UP
NOTUM,1.9924196081192,3.53820575736604,4.66808324251125,4.18127027446602e-06,9.80183340333759e-06,3.3775067229415,UP
AQP8,1.92859862330078,-1.48521410931827,4.52524152400185,8.01005003974367e-06,1.8145215396154e-05,3.36416937633844,UP
CD5L,2.03147134344506,1.66632834848701,4.36376920972059,1.63713151780676e-05,3.57515167677087e-05,2.37986414573263,UP
MT1G,2.30041390620678,4.13793219029978,4.44620653642076,1.13958620458842e-05,2.53464737780267e-05,2.35132419463477,UP
FAM163B,1.81915468620664,-1.11316563157146,4.24300614328638,2.75538539266666e-05,5.8346959228048e-05,2.19556299570497,UP
PAGE4,2.58238024102265,-2.32293448267687,4.22268728622831,3.00407138516545e-05,6.33136564088667e-05,2.19154201664138,UP
ASPG,1.81621244750903,3.3087119627232,3.8216874223853,0.00015409246944709,0.000299311830797092,-0.0204087390951901,UP
SLC6A2,1.81006248254681,-2.70504674017011,3.56232585127299,0.000412836085788814,0.000761252626173411,-0.172881991999412,UP
SLC22A12,1.89206221258241,-1.46585248420445,3.54976301629259,0.000432394207347164,0.000795171845202154,-0.299530153741744,UP
GSTM1,2.06345339988899,-0.662930807091409,2.85401393658926,0.00454621467306587,0.00729319421420882,-2.48577262384838,UP
