SampleName,riskScore,riskClass
TCGA-2Y-A9GT_1,0.600363587366442,low
TCGA-2Y-A9GU_2,0.577990515607325,low
TCGA-2Y-A9GV_3,0.715019488749793,low
TCGA-2Y-A9GW_4,0.666269271810586,low
TCGA-2Y-A9GY_5,1.19035420099409,low
TCGA-2Y-A9GZ_6,0.582613312130197,low
TCGA-2Y-A9H0_7,1.07938302141145,low
TCGA-2Y-A9H1_8,0.69510536607121,low
TCGA-2Y-A9H2_9,0.937125095129124,low
TCGA-2Y-A9H3_10,0.779625966798988,low
TCGA-2Y-A9H4_11,0.611056499382263,low
TCGA-2Y-A9H5_12,0.703748622557155,low
TCGA-2Y-A9H6_13,0.619747789988076,low
TCGA-2Y-A9H7_14,0.877868730924832,low
TCGA-2Y-A9H9_15,0.644291555178884,low
TCGA-2Y-A9HA_16,0.903851925705279,low
TCGA-2Y-A9HB_17,0.62193985993591,low
TCGA-3K-AAZ8_18,0.54097712784505,low
TCGA-4R-AA8I_19,0.758216590261318,low
TCGA-5C-A9VG_20,1.7979144525587,high
TCGA-5C-A9VH_21,0.624139683313015,low
TCGA-5C-AAPD_22,0.817687313662414,low
TCGA-5R-AA1C_23,0.787927956326327,low
TCGA-5R-AA1D_24,0.800546994261952,low
TCGA-5R-AAAM_25,4.71756612588454,high
TCGA-BC-4073_26,1.0012427310557,low
TCGA-BC-A10X_27,2.27453239512671,high
TCGA-BC-A10X_28,1.03121199437418,low
TCGA-BC-A10Z_29,1.067445828059,low
TCGA-BC-A10Z_30,1.01198810543739,low
TCGA-BC-A216_31,0.883363244753813,low
TCGA-BC-A216_32,1.36299303042376,low
TCGA-BC-A217_33,0.898301408781635,low
TCGA-BC-A3KF_34,0.662749909403837,low
TCGA-BC-A3KG_35,2.25189517357282,high
TCGA-BC-A5W4_36,0.451068807811425,low
TCGA-BC-A69H_37,1.00756165441414,low
TCGA-BC-A69I_38,0.569394506421646,low
TCGA-BC-A8YO_39,2.03164313945007,high
TCGA-BD-A3EP_40,1.10862011236417,low
TCGA-BD-A3EP_41,0.674553967176286,low
TCGA-BD-A3ER_42,0.630785948746857,low
TCGA-BW-A5NO_43,0.684148406584033,low
TCGA-BW-A5NP_44,1.02945417461779,low
TCGA-CC-5258_45,30.8863728957615,high
TCGA-CC-5259_46,1.75602730671049,high
TCGA-CC-5260_47,3.77544428392508,high
TCGA-CC-5261_48,1.45167686517778,high
TCGA-CC-5262_49,0.864030868941161,low
TCGA-CC-5263_50,2.53836110642988,high
TCGA-CC-5264_51,1.44411416040866,high
TCGA-CC-A123_52,1.55083069399228,high
TCGA-CC-A3MA_53,4.64349167438475,high
TCGA-CC-A3MB_54,1.67705097532233,high
TCGA-CC-A3MC_55,1.34901539651138,low
TCGA-CC-A5UC_56,2.0845592915505,high
TCGA-CC-A5UD_57,3.26282959836998,high
TCGA-CC-A5UE_58,1.8005863506809,high
TCGA-CC-A7IE_59,6.11651895391647,high
TCGA-CC-A7IF_60,1.07702171579509,low
TCGA-CC-A7IG_61,3.88427183345926,high
TCGA-CC-A7IH_62,0.486605217530308,low
TCGA-CC-A7II_63,9.72949634959661,high
TCGA-CC-A7IK_64,4.11592004871251,high
TCGA-CC-A7IL_65,0.911025073516831,low
TCGA-CC-A8HS_66,1.61371172061424,high
TCGA-CC-A8HU_67,2.5577579203543,high
TCGA-CC-A8HV_68,1.18036662790671,low
TCGA-CC-A9FS_69,0.606852341386785,low
TCGA-CC-A9FU_70,2.12722883483313,high
TCGA-CC-A9FW_71,0.973486468653022,low
TCGA-DD-A113_72,0.650003882790408,low
TCGA-DD-A113_73,1.14540114283861,low
TCGA-DD-A115_74,0.695663298500371,low
TCGA-DD-A116_75,0.573686596528503,low
TCGA-DD-A116_76,0.6100331680532,low
TCGA-DD-A118_77,0.444707997850894,low
TCGA-DD-A118_78,0.54097712784505,low
TCGA-DD-A119_79,0.92461017196715,low
TCGA-DD-A119_80,1.49907134353441,high
TCGA-DD-A11B_81,0.698796543782997,low
TCGA-DD-A11B_82,1.01332204130561,low
TCGA-DD-A11C_83,0.975594355900082,low
TCGA-DD-A11C_84,0.843952688620276,low
TCGA-DD-A11D_85,0.560419129675031,low
TCGA-DD-A11D_86,0.959355822420058,low
TCGA-DD-A1EA_87,0.923982932030932,low
TCGA-DD-A1EB_88,0.605686446977903,low
TCGA-DD-A1EB_89,0.778948661378117,low
TCGA-DD-A1EC_90,2.26251787765904,high
TCGA-DD-A1ED_91,0.957182952849602,low
TCGA-DD-A1EE_92,0.566386855153167,low
TCGA-DD-A1EE_93,0.709988100097861,low
TCGA-DD-A1EF_94,0.930230918027104,low
TCGA-DD-A1EG_95,0.779625966798988,low
TCGA-DD-A1EG_96,0.849331539585771,low
TCGA-DD-A1EH_97,0.580820076772471,low
TCGA-DD-A1EH_98,0.970804130483166,low
TCGA-DD-A1EI_99,0.441578714231334,low
TCGA-DD-A1EI_100,0.497902024497632,low
TCGA-DD-A1EJ_101,0.930530812535068,low
TCGA-DD-A1EJ_102,1.93609912830563,high
TCGA-DD-A1EK_103,0.739409837472468,low
TCGA-DD-A1EL_104,14.5343211222093,high
TCGA-DD-A1EL_105,1.73308538852492,high
TCGA-DD-A39V_106,1.1711125129271,low
TCGA-DD-A39V_107,0.759591998085407,low
TCGA-DD-A39W_108,1.81321322186938,high
TCGA-DD-A39W_109,0.591429883636956,low
TCGA-DD-A39X_110,1.21429313895194,low
TCGA-DD-A39X_111,0.768692558159615,low
TCGA-DD-A39Y_112,2.09635888828916,high
TCGA-DD-A39Z_113,0.824191041329215,low
TCGA-DD-A39Z_114,1.53837303731277,high
TCGA-DD-A3A1_115,1.41758465845046,high
TCGA-DD-A3A2_116,0.611056499382263,low
TCGA-DD-A3A2_117,2.25581230089756,high
TCGA-DD-A3A3_118,1.62876076324296,high
TCGA-DD-A3A3_119,5.02802722935672,high
TCGA-DD-A3A4_120,3.19741588274769,high
TCGA-DD-A3A4_121,0.666269271810586,low
TCGA-DD-A3A5_122,0.43461810031811,low
TCGA-DD-A3A5_123,0.767563011269455,low
TCGA-DD-A3A6_124,0.873530216701632,low
TCGA-DD-A3A7_125,1.39241974524105,high
TCGA-DD-A3A8_126,0.788076535665898,low
TCGA-DD-A3A8_127,0.624419442643932,low
TCGA-DD-A3A9_128,0.666883932272513,low
TCGA-DD-A4NA_129,0.874423760447549,low
TCGA-DD-A4NB_130,0.752579264303311,low
TCGA-DD-A4ND_131,1.06269261334125,low
TCGA-DD-A4NE_132,1.05138800023271,low
TCGA-DD-A4NF_133,3.8665238719471,high
TCGA-DD-A4NG_134,0.872881416785969,low
TCGA-DD-A4NI_135,0.46477472169225,low
TCGA-DD-A4NJ_136,0.954198692061227,low
TCGA-DD-A4NK_137,0.532449694793008,low
TCGA-DD-A4NL_138,0.76182041657229,low
TCGA-DD-A4NN_139,1.22704080334831,low
TCGA-DD-A4NO_140,0.601424403825369,low
TCGA-DD-A4NP_141,0.978656061395665,low
TCGA-DD-A4NQ_142,3.19188065639089,high
TCGA-DD-A4NS_143,0.957739170857192,low
TCGA-DD-A4NV_144,0.555494085758792,low
TCGA-DD-A73A_145,0.508562485146659,low
TCGA-DD-A73B_146,1.03251506539434,low
TCGA-DD-A73C_147,0.669807322883413,low
TCGA-DD-A73D_148,0.839762097716225,low
TCGA-DD-A73E_149,0.752579264303311,low
TCGA-DD-A73G_150,0.956953787020627,low
TCGA-DD-AA3A_151,2.24096105207249,high
TCGA-DD-AAC8_152,25.3463318767576,high
TCGA-DD-AAC9_153,0.559430639961485,low
TCGA-DD-AACA_154,1.11705594302734,low
TCGA-DD-AACB_155,0.972576311940389,low
TCGA-DD-AACD_156,1.21146753591935,low
TCGA-DD-AACE_157,0.697563978442497,low
TCGA-DD-AACF_158,0.969091787263535,low
TCGA-DD-AACG_159,1.47154334229973,high
TCGA-DD-AACH_160,1.6440421292548,high
TCGA-DD-AACI_161,0.608902788589611,low
TCGA-DD-AACJ_162,1.07068923900547,low
TCGA-DD-AACK_163,0.738105636777427,low
TCGA-DD-AACL_164,5.25796175108698,high
TCGA-DD-AACN_165,0.772774501669752,low
TCGA-DD-AACO_166,0.828235366692128,low
TCGA-DD-AACP_167,3.75428352631956,high
TCGA-DD-AACQ_168,0.511263075016702,low
TCGA-DD-AACS_169,0.503204025160837,low
TCGA-DD-AACT_170,0.920215960803275,low
TCGA-DD-AACU_171,0.550612323836854,low
TCGA-DD-AACV_172,1.17816410870083,low
TCGA-DD-AACW_173,1.11896436489133,low
TCGA-DD-AACX_174,1.03498128337575,low
TCGA-DD-AACY_175,0.634135574787126,low
TCGA-DD-AACZ_176,3.13734494052208,high
TCGA-DD-AAD0_177,0.970804130483166,low
TCGA-DD-AAD1_178,0.748939544129359,low
TCGA-DD-AAD2_179,0.942479473337827,low
TCGA-DD-AAD3_180,0.606756668699246,low
TCGA-DD-AAD5_181,2.70922630119164,high
TCGA-DD-AAD6_182,0.85230538957904,low
TCGA-DD-AAD8_183,0.616721522568866,low
TCGA-DD-AADA_184,0.577493222546369,low
TCGA-DD-AADB_185,1.18406652121814,low
TCGA-DD-AADC_186,2.72152366348215,high
TCGA-DD-AADD_187,1.32381472322562,low
TCGA-DD-AADF_188,1.13896046568556,low
TCGA-DD-AADG_189,0.471385390552735,low
TCGA-DD-AADI_190,0.77550783253261,low
TCGA-DD-AADJ_191,0.663920959792039,low
TCGA-DD-AADK_192,0.731619058280258,low
TCGA-DD-AADL_193,0.430038754086945,low
TCGA-DD-AADM_194,0.66184638317456,low
TCGA-DD-AADN_195,1.61194098046615,high
TCGA-DD-AADO_196,1.06469472884708,low
TCGA-DD-AADP_197,0.717548538080383,low
TCGA-DD-AADQ_198,0.667446540759748,low
TCGA-DD-AADR_199,0.880177176201161,low
TCGA-DD-AADS_200,0.521288511684328,low
TCGA-DD-AADU_201,1.17292834115976,low
TCGA-DD-AADV_202,0.676939888519656,low
TCGA-DD-AADW_203,1.05527639134599,low
TCGA-DD-AADY_204,0.77005080462011,low
TCGA-DD-AAE0_205,3.05654911978842,high
TCGA-DD-AAE1_206,0.726470863181681,low
TCGA-DD-AAE2_207,0.525910286927118,low
TCGA-DD-AAE3_208,0.547703883668305,low
TCGA-DD-AAE4_209,0.652602826953647,low
TCGA-DD-AAE6_210,1.14874378305857,low
TCGA-DD-AAE7_211,0.627454016075412,low
TCGA-DD-AAE9_212,3.00634848219124,high
TCGA-DD-AAEA_213,1.22625002136524,low
TCGA-DD-AAEB_214,0.71010005019773,low
TCGA-DD-AAED_215,0.629925998950312,low
TCGA-DD-AAEE_216,0.828519294812137,low
TCGA-DD-AAEG_217,0.925095619760975,low
TCGA-DD-AAEH_218,0.521288511684328,low
TCGA-DD-AAEI_219,1.0180946329518,low
TCGA-DD-AAEK_220,0.811151915980101,low
TCGA-DD-AAVP_221,0.813945420561232,low
TCGA-DD-AAVQ_222,1.15959152638425,low
TCGA-DD-AAVR_223,0.669807322883413,low
TCGA-DD-AAVS_224,0.682010624569094,low
TCGA-DD-AAVU_225,1.09918008319625,low
TCGA-DD-AAVV_226,0.620842857493564,low
TCGA-DD-AAVW_227,0.790839564502314,low
TCGA-DD-AAVX_228,0.742025156332882,low
TCGA-DD-AAVY_229,0.757912478718558,low
TCGA-DD-AAVZ_230,0.706237806433658,low
TCGA-DD-AAW0_231,0.628562700148662,low
TCGA-DD-AAW1_232,0.72798402680172,low
TCGA-DD-AAW2_233,0.43461810031811,low
TCGA-DD-AAW3_234,0.393011966248362,low
TCGA-ED-A459_235,1.48479811592015,high
TCGA-ED-A4XI_236,1.01389232390911,low
TCGA-ED-A66X_237,0.918327540699118,low
TCGA-ED-A66Y_238,1.90772397200582,high
TCGA-ED-A7PX_239,1.07780769735809,low
TCGA-ED-A7PY_240,0.733205877519105,low
TCGA-ED-A7PZ_241,1.52280841393802,high
TCGA-ED-A7XO_242,0.822689240326331,low
TCGA-ED-A7XP_243,0.815132258039732,low
TCGA-ED-A82E_244,0.874423760447549,low
TCGA-ED-A8O5_245,0.981535597717491,low
TCGA-ED-A8O6_246,2.60876510985856,high
TCGA-ED-A97K_247,0.829317593472728,low
TCGA-EP-A12J_248,1.18118379863802,low
TCGA-EP-A12J_249,0.497902024497632,low
TCGA-EP-A26S_250,1.04156647251836,low
TCGA-EP-A26S_251,0.50054600474176,low
TCGA-EP-A2KA_252,2.46795312365104,high
TCGA-EP-A2KB_253,2.07359899581351,high
TCGA-EP-A2KC_254,0.644291555178884,low
TCGA-EP-A3JL_255,0.716339366323241,low
TCGA-EP-A3RK_256,0.882530426333371,low
TCGA-EP-A3RK_257,1.14574750458705,low
TCGA-ES-A2HS_258,0.530573039106702,low
TCGA-ES-A2HT_259,0.814680455859298,low
TCGA-ES-A2HT_260,2.66771656941626,high
TCGA-FV-A23B_261,0.753254075608178,low
TCGA-FV-A23B_262,1.01501719631546,low
TCGA-FV-A2QQ_263,0.902038000661409,low
TCGA-FV-A2QR_264,0.368811528713017,low
TCGA-FV-A2QR_265,2.05053950233212,high
TCGA-FV-A3I0_266,0.874423760447549,low
TCGA-FV-A3I0_267,0.844466690151616,low
TCGA-FV-A3I1_268,0.952133595628328,low
TCGA-FV-A3I1_269,2.67595293015511,high
TCGA-FV-A3R2_270,0.893946689940825,low
TCGA-FV-A3R2_271,0.875828051632527,low
TCGA-FV-A3R3_272,12.4290498214297,high
TCGA-FV-A495_273,1.19313139121795,low
TCGA-FV-A496_274,0.651152411501576,low
TCGA-FV-A4ZP_275,1.83893765709107,high
TCGA-FV-A4ZQ_276,1.90501188709316,high
TCGA-G3-A25S_277,1.07652696677283,low
TCGA-G3-A25T_278,1.05149557067269,low
TCGA-G3-A25U_279,1.17406311804474,low
TCGA-G3-A25X_280,1.24308729007083,low
TCGA-G3-A25Y_281,1.04409649559141,low
TCGA-G3-A25Z_282,0.784080454582172,low
TCGA-G3-A3CG_283,0.451830206233144,low
TCGA-G3-A3CH_284,0.703137236100973,low
TCGA-G3-A3CH_285,0.569622975336791,low
TCGA-G3-A3CJ_286,0.613217827926492,low
TCGA-G3-A3CK_287,0.744649725669007,low
TCGA-G3-A5SI_288,1.02495807689869,low
TCGA-G3-A5SJ_289,0.713758308729004,low
TCGA-G3-A5SK_290,0.594037866626503,low
TCGA-G3-A5SL_291,0.749471842352683,low
TCGA-G3-A5SM_292,0.815132258039732,low
TCGA-G3-A6UC_293,0.478090085488098,low
TCGA-G3-A7M5_294,0.426259511663884,low
TCGA-G3-A7M6_295,0.856094134568564,low
TCGA-G3-A7M7_296,0.793511672134316,low
TCGA-G3-A7M8_297,0.667446540759748,low
TCGA-G3-A7M9_298,4.04989380025513,high
TCGA-G3-AAUZ_299,1.07776844290743,low
TCGA-G3-AAV0_300,0.571408475016859,low
TCGA-G3-AAV1_301,0.865415055476194,low
TCGA-G3-AAV2_302,0.62036843619807,low
TCGA-G3-AAV4_303,3.82912526119944,high
TCGA-G3-AAV5_304,0.921095730840083,low
TCGA-G3-AAV6_305,4.87527587091082,high
TCGA-G3-AAV7_306,2.18340031186862,high
TCGA-GJ-A6C0_307,1.13849060296369,low
TCGA-GJ-A9DB_308,0.741013554245855,low
TCGA-K7-A5RF_309,0.716925162852675,low
TCGA-K7-A6G5_310,0.590900044390893,low
TCGA-K7-AAU7_311,1.00947500055143,low
TCGA-KR-A7K0_312,0.950924865469217,low
TCGA-KR-A7K2_313,0.515795964136069,low
TCGA-KR-A7K7_314,3.56995012672843,high
TCGA-LG-A6GG_315,0.96567615639567,low
TCGA-LG-A9QC_316,0.928883000583922,low
TCGA-LG-A9QD_317,0.574442792302064,low
TCGA-MI-A75C_318,0.759251677245533,low
TCGA-MI-A75E_319,0.597192351457548,low
TCGA-MI-A75G_320,0.525910286927118,low
TCGA-MR-A520_321,0.644291555178884,low
TCGA-NI-A4U2_322,0.43461810031811,low
TCGA-NI-A8LF_323,0.564390585603636,low
TCGA-O8-A75V_324,0.685357267190048,low
TCGA-PD-A5DF_325,0.669807322883413,low
TCGA-QA-A7B7_326,1.27491852125555,low
TCGA-RC-A6M3_327,1.51705119592562,high
TCGA-RC-A6M4_328,0.805158828733896,low
TCGA-RC-A6M5_329,0.749926746761162,low
TCGA-RC-A6M6_330,1.91321924907165,high
TCGA-RC-A7S9_331,0.876671933440595,low
TCGA-RC-A7SB_332,0.748904372444515,low
TCGA-RC-A7SF_333,0.832918932772181,low
TCGA-RC-A7SH_334,1.13955060107898,low
TCGA-RC-A7SK_335,0.474725901618184,low
TCGA-UB-A7MA_336,0.985007323992669,low
TCGA-UB-A7MB_337,1.38718789064778,low
TCGA-UB-A7MC_338,0.793830067814012,low
TCGA-UB-A7MD_339,1.19888861511512,low
TCGA-UB-A7ME_340,0.758031985478844,low
TCGA-UB-A7MF_341,0.938835796252593,low
TCGA-UB-AA0U_342,0.756879217462235,low
TCGA-WJ-A86L_343,0.874423760447549,low
TCGA-WQ-AB4B_344,0.594276223662639,low
TCGA-WX-AA44_345,0.79804549758378,low
TCGA-WX-AA46_346,0.67713953242472,low
TCGA-WX-AA47_347,1.86990510804288,high
TCGA-XR-A8TC_348,1.47550181453642,high
TCGA-XR-A8TE_349,0.991348359826211,low
TCGA-XR-A8TF_350,0.752579264303311,low
TCGA-XR-A8TG_351,0.781316908921422,low
TCGA-ZS-A9CD_352,0.711242618323275,low
TCGA-ZS-A9CE_353,0.577493222546369,low
TCGA-ZS-A9CF_354,0.91144386289587,low
TCGA-ZS-A9CG_355,1.03862288040097,low
