,sample_subtypes,scores_aa_df$amino_acid,scores_lp_df$lipid,scores_nt_df$nucleotide
TCGA-FV-A3I0-01A-11R-A22L-07,1,0.213580142980253,0.146115654652338,0.0152487081413266
TCGA-BD-A3ER-01A-11R-A213-07,2,0.760029863769492,0.765005747271639,0.688364811029754
TCGA-CC-5261-01A-01R-A131-07,1,0.36172031222675,0.523110310599848,0.0219593713482809
TCGA-DD-AAVZ-01A-11R-A41C-07,2,0.806481840989424,0.765888955214746,0.552156735855786
TCGA-DD-AADN-01A-11R-A41C-07,1,0.755395634873815,0.452055281745445,0.796030069300018
TCGA-DD-A1EB-01A-11R-A131-07,2,0.667122233586848,0.823660522835723,0.656883512068794
TCGA-LG-A9QD-01A-11R-A38B-07,2,0.828170389391778,0.827793503788075,0.708408849250855
TCGA-G3-A25T-01A-11R-A16W-07,1,0.37681688334826,0.395584289882586,0.437364708775651
TCGA-XR-A8TE-01A-11R-A36F-07,1,0.571151965474865,0.601119225579217,0.154554501204644
TCGA-DD-AACA-01A-11R-A41C-07,2,0.689748224255299,0.674953273684408,0.355390907765625
TCGA-FV-A4ZQ-01A-11R-A266-07,1,0.680681752479011,0.61911200551338,0.702111514241095
TCGA-DD-AAD5-01A-11R-A41C-07,1,0.470101542625417,0.394846309198145,0.707601653467611
TCGA-K7-A5RF-01A-11R-A28V-07,2,0.873062410243306,0.82497877954797,0.471121071065293
TCGA-DD-AADA-01A-11R-A41C-07,1,0.636543915038989,0.515512818397972,0.0712887305696226
TCGA-MI-A75I-01A-11R-A32O-07,2,0.66983903022264,0.745901141349321,0.592218747527284
TCGA-DD-AAD0-01A-11R-A41C-07,2,0.678126190976649,0.736249868607989,0.590936442032214
TCGA-DD-AACN-01A-11R-A41C-07,1,0.65576264319229,0.52507156492353,0.287123646759004
TCGA-DD-AAW0-01A-11R-A41C-07,2,0.78157713751154,0.789377995070955,0.420844916936987
TCGA-BC-A10R-01A-11R-A131-07,2,0.725829026747862,0.648479614586925,0.343357943182454
TCGA-DD-AAD3-01A-11R-A41C-07,2,0.72778778709885,0.767644398345235,0.310387836681033
TCGA-2Y-A9GZ-01A-11R-A39D-07,2,0.851966899878499,0.816023996994647,0.598381644303516
TCGA-DD-A11B-01A-11R-A131-07,2,0.766990385762371,0.84551522199733,0.59826202048516
TCGA-DD-AAVU-01A-11R-A41C-07,1,0.853597909416989,0.652017536659953,0.756394156066242
TCGA-XR-A8TG-01A-11R-A36F-07,2,0.689495109969391,0.705787766547616,0.578207896787741
TCGA-DD-AADJ-01A-11R-A41C-07,2,0.860288798265948,0.777302004921395,0.79211769370266
TCGA-G3-A5SJ-01A-11R-A27V-07,1,0.523005225914977,0.470580936127472,0.69176222975748
TCGA-ED-A66Y-01A-11R-A311-07,1,0.400609604395484,0.525946760461023,0.525901152514275
TCGA-BC-A112-01A-11R-A131-07,1,0.367699967105215,0.41065442495743,0.276892766435654
TCGA-FV-A3I1-01A-11R-A22L-07,2,0.653260195068108,0.816825967503113,0.69709449855367
TCGA-DD-A4NV-01A-11R-A311-07,2,0.773757109524738,0.843218756805874,0.494204707385143
TCGA-T1-A6J8-01A-11R-A32O-07,2,0.738083072329799,0.778212712794931,0.581337628980496
TCGA-UB-A7MD-01A-12R-A352-07,2,0.769324626033511,0.616248109125631,0.506878832649514
TCGA-DD-AACT-01A-11R-A41C-07,2,0.679159057355784,0.724516203235329,0.480801252120125
TCGA-DD-AADS-01A-11R-A41C-07,2,0.906677240481534,0.573510326219711,0.812622646364746
TCGA-ED-A7PX-01A-51R-A352-07,1,0.273773086106637,0.346563186237964,0.511139234961396
TCGA-FV-A23B-01A-11R-A16W-07,1,0.612356497274675,0.617909018184057,0.510704997654131
TCGA-DD-A4NF-01A-11R-A27V-07,2,0.722851683347142,0.742633963107275,0.396075813524143
TCGA-DD-AACO-01A-11R-A41C-07,2,0.801400738059951,0.696298469234872,0.745599572902311
TCGA-G3-A7M7-01A-12R-A352-07,2,0.958511826750761,0.776598937657752,0.763834400440035
TCGA-CC-5262-01A-01R-A131-07,2,0.755023645254578,0.707668512120718,0.750152197767393
TCGA-G3-A7M8-01A-11R-A33R-07,2,0.873076169689281,0.732163620682608,0.869584000595772
TCGA-DD-AAEH-01A-11R-A41C-07,2,0.923264857944417,0.73918082370072,0.68352679892485
TCGA-BC-4073-01B-02R-A131-07,1,0.459306475095258,0.615874030791627,0.64851582988509
TCGA-G3-AAV4-01A-11R-A38B-07,2,0.593884894069586,0.666700445669826,0.540724909880444
TCGA-DD-AACQ-01A-11R-A41C-07,2,0.696615378131206,0.772384394386014,0.522144261068937
TCGA-DD-A1ED-01A-11R-A155-07,2,0.814089703523572,0.729596079307876,0.399106271178022
TCGA-EP-A2KB-01A-11R-A180-07,1,0.660738142489677,0.66227246877513,0.468163218385928
TCGA-BD-A2L6-01A-11R-A213-07,2,0.721976330951562,0.712709366846666,0.794861205975827
TCGA-G3-A5SI-01A-31R-A27V-07,2,0.678902596254884,0.606732075042014,0.778159586148069
TCGA-G3-AAV2-01A-11R-A37K-07,2,0.720276789731429,0.680072634592523,0.182280175599264
TCGA-GJ-A6C0-01A-12R-A311-07,2,0.647123749015435,0.683199469842214,0.683580713266769
TCGA-DD-A73D-01A-12R-A32O-07,2,0.755401472130324,0.749066815510016,0.674478107126011
TCGA-ED-A7XO-01A-11R-A352-07,2,0.90306930224553,0.66970708138042,0.736450575787313
TCGA-G3-A5SK-01A-11R-A27V-07,2,0.766612192057903,0.812548025442579,0.525141517034767
TCGA-ED-A8O5-01A-11R-A36F-07,1,0.609851375565949,0.577499322427876,0
TCGA-2Y-A9GT-01A-11R-A38B-07,2,0.764993901502011,0.80124260903684,0.689018769284503
TCGA-DD-AAW1-01A-11R-A41C-07,2,0.693319266643089,0.743964967581456,0.426852137470432
TCGA-CC-A3MB-01A-11R-A213-07,1,0.693030959551379,0.767689427804584,0.839298897633617
TCGA-ZP-A9CZ-01A-11R-A38B-07,2,0.780372145127266,0.715479269527404,0.79772574160422
TCGA-G3-A7M6-01A-11R-A33R-07,1,0.436001192614845,0.420263348472877,0.133703286465863
TCGA-G3-A3CG-01A-11R-A213-07,2,0.744417600673855,0.76110481784351,0.42908921959475
TCGA-ES-A2HS-01A-11R-A180-07,2,0.863901817959803,0.716387028242455,0.705459311499134
TCGA-UB-A7MA-01A-11R-A33R-07,1,0.424057122832246,0.377581756339018,0.312191979837509
TCGA-KR-A7K2-01A-12R-A33R-07,2,0.768653531068328,0.595094075341978,0.474165270976489
TCGA-DD-AACP-01A-11R-A41C-07,1,0.712334694832583,0.549324532427987,0.734342207993101
TCGA-2Y-A9HA-01A-11R-A39D-07,2,0.785849094646782,0.734842196081687,0.342124503213979
TCGA-WJ-A86L-01A-12R-A39D-07,2,0.46223444427722,0.777435498427647,0.264765497905445
TCGA-RC-A6M3-01A-11R-A32O-07,1,0.674339062547008,0.294541273951118,0.735423809404838
TCGA-DD-A39X-01A-11R-A213-07,1,0.815425090637368,0.671563944044642,0.90300568538056
TCGA-DD-AADL-01A-11R-A41C-07,2,0.740078669412077,0.812924483488114,0.736870402894902
TCGA-2Y-A9GU-01A-11R-A38B-07,2,0.806753141474246,0.711325941820164,0.442788014190718
TCGA-WQ-AB4B-01A-11R-A41C-07,2,0.838666178277379,0.764642345507386,0.762556299439337
TCGA-DD-AAE9-01A-11R-A41C-07,2,0.678718327465683,0.714808236611551,0.522349763098337
TCGA-2Y-A9H1-01A-11R-A38B-07,2,0.860091271904524,0.639489692637744,0.735709744922207
TCGA-DD-AADK-01A-11R-A41C-07,2,0.729027877984811,0.712731989334074,0.826264167839574
TCGA-BC-A10U-01A-11R-A131-07,2,0.704240507642127,0.683968791131881,0.379229933631039
TCGA-DD-AAE1-01A-11R-A41C-07,1,0.649528190984812,0.657422499300276,0.458067149333009
TCGA-FV-A4ZP-01A-12R-A266-07,1,0.523700721033821,0.374158154214753,0.851229624044755
TCGA-DD-AAVP-01A-11R-A41C-07,2,0.775206692137986,0.701604943765423,0.421749506733666
TCGA-DD-A4NP-01A-11R-A28V-07,2,0.777422700827437,0.818945623444881,0.611221663755209
TCGA-DD-A11C-01A-11R-A131-07,2,0.701250914459752,0.668540510538466,0.519723770032252
TCGA-CC-A9FW-01A-11R-A37K-07,1,0.694180176342233,0.672766406311311,0.444999693657544
TCGA-MI-A75E-01A-11R-A32O-07,2,0.870903910201698,0.763156392878458,0.751372459771509
TCGA-WX-AA46-01A-11R-A39D-07,2,0.889700825240354,0.817259056984625,0.500355667906845
TCGA-G3-A25X-01A-11R-A16W-07,1,0.502156397831977,0.299619378625059,0.476814542089476
TCGA-DD-AAW2-01A-11R-A41C-07,2,0.782820036578581,0.677315282821154,0.453086034232341
TCGA-DD-AAD2-01A-11R-A41C-07,2,0.822905481229216,0.751452209606014,0.869358853430079
TCGA-5C-A9VG-01A-11R-A37K-07,1,0.800608505739008,0.501510686810996,0.40717832304435
TCGA-BC-A3KF-01A-11R-A213-07,2,0.790081908671768,0.841705602200012,0.558554229483208
TCGA-G3-A7M9-01A-23R-A352-07,1,0.49952528196067,0.348998879062765,0.667474411909029
TCGA-2Y-A9H7-01A-11R-A39D-07,1,0.691369245440967,0.645103460074147,0.676073408911976
TCGA-DD-AAVW-01A-11R-A41C-07,2,0.649603067626142,0.667782534972904,0.433779217429669
TCGA-DD-A4NB-01A-12R-A266-07,2,0.770759392642817,0.627054441072265,0.412925424267501
TCGA-PD-A5DF-01A-11R-A27V-07,2,0.599696321450614,0.720523480572475,0.582828970394686
TCGA-DD-A1EF-01A-11R-A131-07,1,0.517635220169694,0.612486934393126,0.292309657391444
TCGA-MI-A75G-01A-11R-A32O-07,2,0.89352776562228,0.803861727770524,0.718651810031366
TCGA-DD-AADW-01A-11R-A39D-07,1,0.472558039630041,0.545424559194523,0.380728265765245
TCGA-XR-A8TF-01A-11R-A36F-07,2,0.821480558702528,0.605697901587634,0.516170115971463
TCGA-CC-A5UE-01A-11R-A28V-07,1,0.647279935863749,0.581011276687837,0.847215991668944
TCGA-DD-A1EL-01A-11R-A155-07,1,0.699758700978493,0.577482200153017,0.771520090351041
TCGA-5R-AA1C-01A-11R-A41C-07,2,0.703285655929811,0.679439718654306,0.631692808330055
TCGA-DD-AAD8-01A-11R-A41C-07,2,0.766778816857272,0.707566129600722,0.677315527181508
TCGA-MR-A520-01A-11R-A266-07,2,0.810699615500752,0.935205399490934,0.829907155308494
TCGA-G3-AAV5-01A-11R-A37K-07,1,0.76864736457707,0.63888545054865,0.835037111427298
TCGA-EP-A3JL-01A-11R-A213-07,2,0.788530061977271,0.674427170312172,0.823327651929682
TCGA-DD-AADF-01A-11R-A41C-07,2,0.818219793574253,0.693028639651343,0.906819949890324
TCGA-XR-A8TC-01A-11R-A36F-07,2,0.745192193107496,0.709289850873364,0.521641538981482
TCGA-ZP-A9D2-01A-11R-A38B-07,1,0.446560267132809,0.437845368620252,0.339977551402905
TCGA-ZP-A9CY-01A-11R-A38B-07,2,0.767122366157922,0.854699856802242,0.638542529931884
TCGA-ZS-A9CD-01A-11R-A37K-07,2,0.807168694371479,0.718628036235877,0.688772816428833
TCGA-CC-A3MC-01A-11R-A22L-07,2,0.709905690767947,0.674432125592659,0.896872044404456
TCGA-LG-A9QC-01A-11R-A37K-07,2,0.64253561244106,0.752803298548734,0.412234488017582
TCGA-CC-A8HU-01A-11R-A36F-07,1,0.751820915179864,0.613047096923362,0.539256959223749
TCGA-DD-A11D-01A-11R-A131-07,2,0.736881702125377,0.909878029536211,0.615605560990918
TCGA-G3-A25Y-01A-11R-A16W-07,1,0.528262556448914,0.491942461209521,0.532665525295313
TCGA-K7-AAU7-01A-11R-A38B-07,1,0.476498510916647,0.472421816729473,0.44639175327756
TCGA-DD-AAD1-01A-11R-A41C-07,1,0.48212581870628,0.618717924473809,0.212922703650187
TCGA-DD-AACH-01A-11R-A41C-07,1,0.566890359312198,0.495255710315293,0.525613603661353
TCGA-2V-A95S-01A-11R-A37K-07,1,0.507771774762206,0.449590605495621,0.533498068917852
TCGA-RC-A7SH-01A-11R-A38B-07,1,0.523333222651886,0.493603604287618,0.490611878533266
TCGA-CC-A7IE-01A-21R-A38B-07,1,0.687203485675329,0.49151376524507,0.490237434641686
TCGA-BC-A10Q-01A-11R-A131-07,1,0.169077435084346,0.3048998913422,0.174618314177337
TCGA-FV-A3R2-01A-11R-A22L-07,2,0.811151708974633,0.840041226688617,0.710370111002047
TCGA-RC-A7SB-01A-21R-A352-07,2,0.776891390152755,0.799998140050312,0.835878952318929
TCGA-5R-AAAM-01A-12R-A41C-07,2,0.790926471172774,0.863507566160845,0.637343356591444
TCGA-DD-AACX-01A-11R-A41C-07,2,0.736123210210577,0.657167570361288,0.685991014749132
TCGA-DD-AADQ-01A-11R-A41C-07,2,0.84200118499981,0.670357619411168,0.665779680116574
TCGA-DD-A1EI-01A-11R-A131-07,1,0.689258213430102,0.703179178593869,0.532345287498513
TCGA-DD-AAEE-01A-11R-A41C-07,2,0.810655659822965,0.679737959558304,0.713686219147755
TCGA-GJ-A9DB-01A-11R-A37K-07,2,0.763077226076435,0.817677719578298,0.641090319614392
TCGA-DD-A3A3-01A-11R-A22L-07,1,0.779365566405103,0.671870547460794,0.766029140288722
TCGA-ED-A459-01A-11R-A266-07,2,0.635785583040644,0.7254234153259,0.515640751150278
TCGA-2Y-A9H5-01A-11R-A38B-07,1,0.581186255875696,0.666578186102214,0.293292657505019
TCGA-DD-AAE0-01A-11R-A41C-07,1,0.361273591319567,0.279988491732113,0.215796409502567
TCGA-CC-A7IG-01A-11R-A33J-07,1,0.550295013732759,0.463165805045317,0.686282635722766
TCGA-DD-A73B-01A-12R-A32O-07,2,0.800271455062376,0.825778981632156,0.817664820531055
TCGA-CC-5264-01A-01R-A131-07,1,0.438608487527767,0.675491955135448,0.533774289104192
TCGA-BC-A5W4-01A-11R-A28V-07,2,0.652482890914603,0.749606357641109,0.647803183330098
TCGA-RC-A7SF-01A-11R-A352-07,2,0.747011266663685,0.785523689443576,0.840038277296071
TCGA-DD-A1EE-01A-11R-A131-07,2,0.716543511026269,0.741170705872599,0.54642656885561
TCGA-BC-A3KG-01A-11R-A213-07,1,0.537991824623072,0.628345687208624,0.232875125375161
TCGA-DD-A119-01A-11R-A131-07,2,0.891611374027068,0.710501202500149,0.818632744553237
TCGA-DD-AAEK-01A-11R-A41C-07,2,0.704661053380757,0.839568392318536,0.46616591650075
TCGA-O8-A75V-01A-11R-A32O-07,2,0.732043205655975,0.760416662676008,0.677331836484433
TCGA-ED-A7PZ-01A-11R-A33R-07,1,0.866869598697347,0.604427505178276,0.401767696654215
TCGA-ED-A97K-01A-21R-A38B-07,1,0.391852331520669,0.533021976654729,0.37018518243131
TCGA-DD-A1EA-01A-11R-A131-07,2,0.738655299627255,0.750842339083876,0.398728144124264
TCGA-DD-A118-01A-11R-A131-07,1,0.662443399123922,0.643254860941681,0.248193357386439
TCGA-DD-A4NG-01A-11R-A27V-07,2,0.561609363496719,0.791038477726231,0.529919104163101
TCGA-DD-A4NJ-01A-11R-A27V-07,2,0.681156076842401,0.675945113141317,0.679615080397293
TCGA-DD-AADG-01A-11R-A41C-07,2,0.772554943858798,0.757455616331301,0.351623100204639
TCGA-K7-A6G5-01A-11R-A311-07,2,0.833313569887155,0.883528656102685,0.864774565095524
TCGA-BC-A10T-01A-11R-A131-07,2,0.824877222541573,0.700902253850073,0.829826667411524
TCGA-HP-A5N0-01A-11R-A28V-07,2,0.738205409586374,0.77183203687158,0.535889938955823
TCGA-FV-A496-01A-11R-A266-07,2,0.678306746949168,0.783181598304622,0.611988567595473
TCGA-DD-AACV-01A-11R-A41C-07,2,0.773460649075103,0.777742109142287,0.656272136246051
TCGA-3K-AAZ8-01A-12R-A39D-07,2,0.838788115855721,0.756270751961524,0.579866990152661
TCGA-UB-A7MF-01A-11R-A33J-07,1,0.785569409403615,0.633056422572948,0.49852384280444
TCGA-DD-A1EK-01A-11R-A213-07,2,0.716588956996792,0.871264420849621,0.448047126683087
TCGA-DD-AAE6-01A-11R-A41C-07,2,0.816730962391148,0.698138665821382,0.851251964650595
TCGA-MI-A75C-01A-11R-A32O-07,2,0.810416018733692,0.637509915536165,0.878033248443578
TCGA-DD-A3A4-01A-11R-A22L-07,2,0.968954011437116,0.734175819600096,0.844162742980127
TCGA-DD-A113-01A-11R-A131-07,1,0.760008132943855,0.673507607978986,0.689780242695742
TCGA-DD-AACE-01A-11R-A41C-07,2,0.676428120183494,0.759743386163109,0.344837338106784
TCGA-UB-A7MB-01A-11R-A33R-07,2,0.688070893497613,0.783445541646021,0.754037585145814
TCGA-ED-A66X-01A-11R-A311-07,1,0.645803553199014,0.631850545282225,0.509403370655432
TCGA-QA-A7B7-01A-11R-A32O-07,2,0.704024192521329,0.642923481200346,0.607860122624259
TCGA-G3-A25S-01A-11R-A16W-07,1,0.824838980833277,0.614228388686579,0.817028092643141
TCGA-DD-A4NE-01A-11R-A27V-07,2,0.643863209895452,0.795048427460695,0.708753017794791
TCGA-FV-A495-01A-11R-A266-07,2,0.80732693079759,0.649037494716484,0.809550666154262
TCGA-G3-A25U-01A-11R-A16W-07,2,0.720918294744215,0.718702283470859,0.736835417761319
TCGA-ED-A4XI-01A-11R-A266-07,2,0.801363056508499,0.804808388400752,0.420829757632548
TCGA-UB-A7ME-01A-11R-A33J-07,1,0.671987395012351,0.615889233703133,0.392414034040057
TCGA-DD-A39Y-01A-11R-A213-07,1,0.722489994087776,0.514288731105468,0.763257578262945
TCGA-LG-A6GG-01A-11R-A311-07,2,0.748566031664945,0.80506036563812,0.564766980892908
TCGA-DD-A4ND-01A-11R-A266-07,2,0.663421673224095,0.732338562561061,0.448519518443419
TCGA-CC-5260-01A-01R-A131-07,1,0,0.254877900060787,0.260065118263385
TCGA-DD-AADU-01A-11R-A41C-07,2,0.67281380870388,0.65012840639451,0.591830192480014
TCGA-G3-A3CJ-01A-11R-A213-07,2,0.867383718049502,0.73337413016252,0.611392279316644
TCGA-BD-A3EP-01A-11R-A22L-07,1,0.58865679210656,0.664202434297569,0.285883347608525
TCGA-DD-AACK-01A-11R-A41C-07,2,0.804524676822052,0.851981929350953,0.837601231793376
TCGA-DD-A3A5-01A-11R-A22L-07,2,0.889600496221492,0.78036949713987,0.708565874378091
TCGA-CC-A123-01A-11R-A131-07,1,0.649765044811455,0.543486057434375,0.602067675428215
TCGA-DD-AACY-01A-11R-A41C-07,2,0.872878982271478,0.709115153912607,0.622345284846579
TCGA-UB-AA0V-01A-11R-A38B-07,2,0.805692950967556,0.793379409937429,0.418868568508929
TCGA-CC-A7IH-01A-11R-A33J-07,2,0.686111727507838,0.754211482275116,0.28141248565079
TCGA-BC-A8YO-01A-11R-A37K-07,1,0.51724055256776,0.632867197709849,0.471648056897513
TCGA-DD-AACI-01A-11R-A41C-07,1,0.673736879894564,0.585945280599012,0.510866714810991
TCGA-G3-AAV1-01A-11R-A38B-07,2,0.767506610267027,0.754192609258277,0.579148078909625
TCGA-RC-A7S9-01A-11R-A33R-07,1,0.811349117193471,0.596223832853701,0.784592895763181
TCGA-2Y-A9H9-01A-21R-A39D-07,2,0.912327192900008,0.738919643469932,0.843323274336812
TCGA-DD-AAEB-01A-11R-A41C-07,2,0.840067300486201,0.720737041611977,0.56491900804353
TCGA-EP-A3RK-01A-11R-A22L-07,1,0.694261755944773,0.685255926162584,0.743855459755779
TCGA-MI-A75H-01A-11R-A32O-07,2,0.822059580371723,0.642612931556967,0.615745232289077
TCGA-DD-AAEI-01A-11R-A41C-07,2,0.817591364032528,0.852955916288841,0.950790009365682
TCGA-G3-A25Z-01A-11R-A16W-07,2,0.831385699375503,0.748717275280731,0.82777410580366
TCGA-FV-A3R3-01A-11R-A22L-07,2,0.768627423160837,0.663049325017107,0.222762752761392
TCGA-2Y-A9GW-01A-11R-A38B-07,2,0.723637723930324,0.676397366000017,0.655605321202103
TCGA-ZS-A9CG-01A-11R-A37K-07,2,0.779357808043152,0.762588307934789,0.477846613737613
TCGA-ZP-A9D0-01A-11R-A37K-07,2,0.935520664818214,0.768229504926311,0.561392709850574
TCGA-DD-AADC-01A-11R-A41C-07,1,0.556482200154764,0.525329997281161,0.451259027309046
TCGA-DD-AAD6-01A-11R-A41C-07,1,0.636640619582681,0.648729089841463,0.722438666551461
TCGA-DD-AACD-01A-11R-A41C-07,2,0.825276491087947,0.618017112901942,0.847888148922876
TCGA-NI-A8LF-01A-11R-A36F-07,2,0.757381028343044,0.881438552665612,0.362382212696198
TCGA-ZP-A9D4-01A-11R-A37K-07,2,0.734082194429572,0.73292676978795,0.435653077404572
TCGA-DD-AAE7-01A-11R-A41C-07,2,0.828227239764605,0.708019711828521,0.546244740923679
TCGA-DD-A39Z-01A-11R-A213-07,1,0.719717934969671,0.681150947030138,0.81065699388394
TCGA-EP-A2KA-01A-11R-A180-07,1,0.587153562129637,0.458650225568428,0.737567137892209
TCGA-G3-A3CH-01A-11R-A22L-07,2,0.781060725575875,0.787851489399276,0.75482560735464
TCGA-DD-A3A9-01A-11R-A266-07,1,0.495293905874404,0.546382270139302,0.430967549914189
TCGA-DD-AAC8-01A-11R-A41C-07,1,0.54398330366043,0.507817714144596,0.349370836645475
TCGA-BC-A216-01A-11R-A155-07,2,0.662791658149513,0.628827150824435,0.499197068231082
TCGA-DD-AADV-01A-11R-A39D-07,2,0.850678678719504,0.709906412818757,0.524982667265553
TCGA-DD-AAE2-01A-11R-A41C-07,2,0.824973671721846,0.768003750542071,0.649252237128163
TCGA-G3-AAV7-01A-11R-A38B-07,1,0.421313631963726,0.493942106633702,0.584844390070364
TCGA-CC-A9FU-01A-11R-A37K-07,1,0.562648596474407,0.513332907112716,0.414261727818816
TCGA-5C-A9VH-01A-11R-A37K-07,1,0.698699150089886,0.596960706925509,0.450343786580588
TCGA-WX-AA44-01A-11R-A39D-07,1,0.539815207342018,0.64838922625543,0.490964445428622
TCGA-BC-A10Y-01A-11R-A131-07,2,0.698177425443391,0.663210539990144,0.534809202962247
TCGA-DD-A1EG-01A-11R-A213-07,1,0.659653029283436,0.638412535588735,0.624479277267253
TCGA-2Y-A9GY-01A-11R-A38B-07,1,0.662102570019581,0.402191584314835,0.653532870818634
TCGA-DD-A4NO-01A-11R-A28V-07,2,0.762902919120946,0.772538138452041,0.536980988979484
TCGA-DD-AACW-01A-11R-A41C-07,1,0.717555765845418,0.622415721370515,0.434504140236407
TCGA-BC-A69H-01A-11R-A311-07,1,0.618171764758585,0.516692512896356,0.80121557164933
TCGA-DD-A3A8-01A-11R-A22L-07,2,0.77308698653488,0.824793403453159,0.473308424808487
TCGA-5C-AAPD-01A-21R-A39D-07,1,0.633192691232527,0.48628839420143,0.739375783154392
TCGA-KR-A7K7-01A-11R-A33J-07,1,0.689785435531119,0.602720341582319,0.891613843040551
TCGA-2Y-A9H4-01A-11R-A38B-07,2,0.903626698890434,0.717617050493756,0.79770408314012
TCGA-G3-A6UC-01A-21R-A33J-07,2,0.806779636189649,0.763781651239026,0.361423889743713
TCGA-CC-A5UC-01A-11R-A28V-07,1,0.784455518352092,0.624024707307699,0.713664310838085
TCGA-DD-AAVR-01A-11R-A41C-07,2,0.839397438173733,0.610972176192597,0.63170285813372
TCGA-DD-AADO-01A-11R-A41C-07,1,0.742368662255329,0.602282805334095,0.485714357368196
TCGA-DD-AAVV-01A-11R-A41C-07,1,0.637711657665526,0.580277745277413,0.571513204610908
TCGA-ZP-A9CV-01A-11R-A38B-07,2,0.75662343841741,0.803639000364952,0.655487967897575
TCGA-DD-AADI-01A-11R-A41C-07,1,0.565304815363831,0.426625335340365,0.322255354734276
TCGA-DD-AACJ-01A-11R-A41C-07,2,0.816801986548015,0.770461804300112,0.674637429352671
TCGA-DD-A116-01A-11R-A131-07,2,0.745961211730751,0.725091377151418,0.67689618055577
TCGA-RC-A6M6-01A-11R-A32O-07,1,0.5922243083946,0.393530782949249,0.80058774755229
TCGA-CC-5263-01A-01R-A131-07,1,0.255155774147122,0.511716154801449,0.650598838708679
TCGA-G3-A5SL-01A-11R-A27V-07,2,0.734621084483619,0.801993580257246,0.516076984704691
TCGA-NI-A4U2-01A-11R-A28V-07,2,0.807348710188425,0.779499153603837,0.764717536227548
TCGA-ED-A82E-01A-11R-A352-07,1,0.159006301114397,0.278378957429833,0.169694642271224
TCGA-UB-AA0U-01A-11R-A38B-07,2,0.653487098822187,0.746286642876393,0.606785093422712
TCGA-2Y-A9H3-01A-11R-A38B-07,1,0.753316337234687,0.557871019595217,0.411609392444176
TCGA-CC-A7II-01A-11R-A33J-07,1,0.273548842306747,0,0.486561098238172
TCGA-DD-AACG-01A-11R-A41C-07,1,0.75543015259835,0.622652853902297,0.592755412999966
TCGA-DD-AAC9-01A-11R-A41C-07,2,0.889463233466747,0.739668380336523,0.691822416791675
TCGA-DD-AAVX-01A-11R-A41C-07,2,0.831191445412459,0.682763349744363,0.638069842306202
TCGA-2Y-A9HB-01A-11R-A39D-07,2,0.845720350556634,0.792541699560675,0.640986924711229
TCGA-RC-A7SK-01A-11R-A352-07,2,0.792140666985147,0.697551324122131,0.663210367636271
TCGA-DD-AADD-01A-11R-A41C-07,1,0.727106546989309,0.690569748631015,0.430941934276731
TCGA-EP-A26S-01A-11R-A16W-07,2,0.780054426960437,0.785485846529975,0.460439103088582
TCGA-DD-A4NN-01A-11R-A28V-07,1,0.468176224708164,0.455668434326852,0.0896649691005733
TCGA-CC-A7IL-01A-11R-A33R-07,2,0.856794354139413,0.828839331436145,0.777794704505891
TCGA-DD-AAEG-01A-11R-A39D-07,2,0.81597411908839,0.72352947624508,0.641411080102417
TCGA-ED-A7XP-01A-11R-A352-07,2,0.736617756142703,0.581164558646203,0.488049478089051
TCGA-DD-A4NA-01A-11R-A266-07,1,0.0128577951213162,0.29129731669559,0.0478166766249246
TCGA-RC-A6M5-01A-11R-A32O-07,2,0.872152993787409,0.641014556469641,0.513789214339412
TCGA-FV-A2QQ-01A-11R-A22L-07,2,0.868523270603644,0.758232398379471,0.789903053656948
TCGA-DD-A1EH-01A-11R-A131-07,1,0.507598608507129,0.538420268006881,0.319327303128343
TCGA-2Y-A9H2-01A-12R-A38B-07,1,0.4916398631943,0.414959332434099,0.265220825639099
TCGA-CC-A8HS-01A-11R-A36F-07,1,0.506812203705299,0.458200796944697,0.504171467490042
TCGA-G3-A5SM-01A-12R-A28V-07,2,0.770654001077822,0.788039268186877,0.698865947398801
TCGA-CC-A7IF-01A-11R-A33J-07,2,0.794327531571474,0.709336491577137,0.798481848164257
TCGA-DD-A73E-01A-12R-A32O-07,2,0.646615421684984,0.641134842723573,0.321167209067929
TCGA-DD-A39V-01A-11R-A213-07,1,0.721324642723256,0.52828158183976,0.679184244231391
TCGA-CC-A7IK-01A-12R-A33R-07,1,0.642097812708984,0.607105300424329,0.630470296510573
TCGA-CC-A9FS-01A-11R-A37K-07,2,0.770801504516869,0.67898773490789,0.748818477740539
TCGA-UB-A7MC-01A-11R-A33R-07,2,0.693726976965761,0.585212529502806,0.468196381172914
TCGA-RC-A6M4-01A-11R-A32O-07,2,0.809003646109333,0.820549931432871,0.764555244625887
TCGA-BC-A10W-01A-11R-A131-07,1,0.530443661459608,0.595915054288911,0.737548118201576
TCGA-DD-A39W-01A-11R-A213-07,1,0.583675715187471,0.685213509270472,0.361771920076178
TCGA-WX-AA47-01A-11R-A39D-07,1,0.827793333851475,0.49014385316558,0.608856367577846
TCGA-G3-A3CK-01A-11R-A213-07,2,0.793246527868181,0.746377194123482,0.728510182494004
TCGA-ZP-A9D1-01A-11R-A38B-07,2,0.616073852424002,0.70947906953537,0.526894151420029
TCGA-WQ-A9G7-01A-11R-A37K-07,1,0.608407844507077,0.5163899021143,0.562143258034077
TCGA-2Y-A9H0-01A-11R-A38B-07,2,0.752862385523955,0.680574921710261,0.81192180537847
TCGA-DD-A115-01A-11R-A131-07,2,0.75940402729837,0.761017118234044,0.734121263624094
TCGA-DD-AAE3-01A-11R-A41C-07,2,0.888791348719735,0.674706035043378,0.651459805482426
TCGA-DD-A73G-01A-22R-A32O-07,1,0.789622886304377,0.647116857672238,0.537765485321745
TCGA-DD-AACL-01A-11R-A41C-07,1,0.640062183531316,0.468946321071236,0.686325784431192
TCGA-DD-A4NI-01A-11R-A27V-07,2,0.838442249116245,0.793393242525969,0.498616632125504
TCGA-DD-A1EJ-01A-11R-A155-07,1,0.699825402303426,0.690502986925369,0.613792317677099
TCGA-DD-AAW3-01A-11R-A41C-07,2,0.756336562258063,0.6844133567687,0.364615137389448
TCGA-BW-A5NP-01A-11R-A27V-07,1,0.612721579689073,0.534183774277101,0.186552918655263
TCGA-DD-AA3A-01A-11R-A37K-07,1,0.205867784558384,0.118638360616028,0.473451332682664
TCGA-DD-AADB-01A-11R-A41C-07,1,0.652857606435201,0.587982123699009,0.549796613452182
TCGA-DD-AAED-01A-12R-A41C-07,1,0.587344172758778,0.565509601095896,0.43048295761313
TCGA-DD-A11A-01A-11R-A131-07,2,0.804138034260664,0.837362621956196,0.589337922437847
TCGA-BC-A10S-01A-22R-A131-07,2,0.717451176018092,0.72031897824427,0.585871000155124
TCGA-KR-A7K0-01A-12R-A33R-07,2,0.808101073256541,0.742794995691101,0.499737938133401
TCGA-CC-A8HV-01A-11R-A36F-07,1,0.402292938401268,0.475831370159868,0.595195032269721
TCGA-CC-A3MA-01A-11R-A213-07,1,0.279676266140139,0.248906884196711,0.186216222132258
TCGA-DD-A4NK-01A-11R-A28V-07,2,0.802519934959414,0.816518009995165,0.512681612694126
TCGA-DD-A3A7-01A-11R-A22L-07,1,0.766851111114119,0.513944960855087,0.849787703141656
TCGA-CC-5258-01A-01R-A131-07,1,0.681695818719799,0.58855485789803,0.633788510140428
TCGA-BC-A69I-01A-11R-A311-07,2,0.805157402070904,0.772696788585056,0.495733754359581
TCGA-DD-AADM-01A-11R-A41C-07,2,0.878904062688715,0.749856094845345,0.824273023042721
TCGA-DD-AACF-01A-11R-A41C-07,2,0.743824727695797,0.636909964527227,0.86334462225567
TCGA-EP-A2KC-01A-11R-A213-07,2,0.691952517675274,0.756477056274868,0.523743048766675
TCGA-CC-5259-01A-31R-A213-07,1,0.689760174269341,0.680941088383162,0.781363888676491
TCGA-DD-AACB-01A-11R-A41C-07,1,0.695079538889804,0.560944760618793,0.345008892582331
TCGA-BC-A217-01A-11R-A155-07,2,0.716813550968281,0.518675308001675,0.471990223532632
TCGA-G3-AAV0-01A-11R-A37K-07,2,0.838607610802547,0.775938849267403,0.43678173638023
TCGA-BC-A10Z-01A-11R-A131-07,2,0.774247171575277,0.974725190626392,0.596896102726279
TCGA-DD-A73C-01A-12R-A33J-07,2,0.716262844658404,0.836992452783453,0.377812736345092
TCGA-ZS-A9CF-01A-11R-A38B-07,2,0.783071627412375,0.805545520789563,0.695517138993232
TCGA-G3-A7M5-01A-11R-A33R-07,2,0.9361970963011,0.822258305664844,0.675817940450873
TCGA-ZS-A9CE-01A-11R-A37K-07,2,0.774963935340694,0.804920495155105,0.69877174679059
TCGA-ES-A2HT-01A-12R-A180-07,2,0.920842000186964,0.715277851207333,0.794458450440879
TCGA-DD-AAVQ-01A-11R-A41C-07,1,0.594967152380187,0.543959700476286,0.434391192631169
TCGA-DD-AACU-01A-11R-A41C-07,2,0.714260647322065,0.797413641820829,0.496940102812947
TCGA-DD-AADR-01A-11R-A41C-07,2,0.864978642392403,0.689007923569508,0.972068652430875
TCGA-DD-AACS-01A-11R-A41C-07,2,0.704671634222089,0.742042826251169,0.644613195172298
TCGA-ED-A8O6-01A-11R-A36F-07,1,0.637895284806543,0.639704271770102,0.439255794308311
TCGA-EP-A12J-01A-11R-A131-07,2,0.725731400292225,0.797591267875563,0.421379532596069
TCGA-DD-AAVS-01A-11R-A41C-07,2,0.720346839800876,0.628947593643215,0.47502899990611
TCGA-ED-A7PY-01A-11R-A33R-07,2,0.712036693166758,0.637975840847416,0.429310469193079
TCGA-DD-AADP-01A-11R-A39D-07,2,0.775605564512346,0.687606963408926,0.600564559141876
TCGA-4R-AA8I-01A-11R-A38B-07,2,0.847062781029893,0.649874308041216,0.455504093092786
TCGA-G3-AAV6-01A-21R-A37K-07,1,0.581037003680164,0.464175047281445,0.65367257954159
TCGA-DD-A4NS-01A-11R-A311-07,2,0.663096296125437,0.683750479556944,0.159284524618933
TCGA-DD-A73A-01A-12R-A32O-07,2,0.848574463853788,0.782448376404332,0.958134968415607
TCGA-DD-AAEA-01A-11R-A41C-07,2,0.79237771776439,0.726259946437768,0.641002762410308
TCGA-2Y-A9H6-01A-11R-A39D-07,2,0.764469384772112,0.688918573572763,0.500650050679021
TCGA-DD-AAVY-01A-11R-A41C-07,2,0.841645756479937,0.774628709911114,0.457855514216562
TCGA-DD-A4NQ-01A-21R-A28V-07,1,0.720446698357619,0.707704386829703,0.800253179183688
TCGA-DD-AACZ-01A-11R-A41C-07,1,0.616256284874444,0.556621728511203,0.742930141985611
TCGA-DD-AAE4-01A-11R-A41C-07,2,0.942512197153536,0.677335310092742,0.841036073550001
TCGA-5R-AA1D-01A-11R-A38B-07,2,0.791724321808497,0.532639883166997,0.594194642654157
TCGA-G3-AAUZ-01A-11R-A38B-07,2,0.905584398072996,0.723364465030915,1
TCGA-2Y-A9GV-01A-11R-A38B-07,2,0.722068163050372,0.844340111603601,0.459914125210741
TCGA-DD-A4NL-01A-11R-A28V-07,2,0.8340502703743,0.881731006027199,0.47973068615912
TCGA-FV-A2QR-01A-11R-A213-07,2,0.616132365663538,0.76233459066471,0.542107301248141
TCGA-DD-AADY-01A-11R-A41C-07,2,0.615390832985161,0.655611761556392,0.474353874098993
TCGA-BW-A5NO-01A-11R-A27V-07,2,0.758501188903582,0.760228398727655,0.568725863325087
TCGA-2Y-A9H8-01A-11R-A39D-07,2,0.746306194993154,0.646495648942291,0.410321697357645
TCGA-BC-A10X-01A-11R-A131-07,2,0.807887342046729,0.818873668796689,0.384770991520338
TCGA-DD-A3A2-01A-11R-A213-07,2,0.821474862206095,0.885991512340631,0.643612887325075
TCGA-CC-A5UD-01A-11R-A28V-07,1,0.447696494844203,0.504855479370106,0.696553351759892
TCGA-DD-A3A6-11A-11R-A22L-07,2,0.880059900915835,0.713420688584977,0.635599775091172
TCGA-BC-A10R-11A-11R-A131-07,2,0.830105926099947,0.926846973116654,0.681348979023401
TCGA-FV-A23B-11A-11R-A16W-07,2,0.846665886255327,0.85419333524191,0.486566914730437
TCGA-BC-A10U-11A-11R-A131-07,2,0.883964747114365,0.837857210333235,0.563005651102583
TCGA-DD-A114-11A-12R-A131-07,2,0.804210188834097,0.833863369326409,0.671259202568211
TCGA-FV-A3I0-11A-11R-A22L-07,2,0.902327807315236,0.91374554212989,0.6449461440832
TCGA-FV-A3I1-11A-11R-A22L-07,2,0.834269505639529,0.922039335407287,0.371217307198024
TCGA-DD-A11C-11A-11R-A131-07,2,0.82848517896874,0.968024675317655,0.503218060710216
TCGA-DD-A11D-11A-12R-A131-07,2,0.858691236271903,0.87591014602989,0.531559103207615
TCGA-BD-A2L6-11A-21R-A213-07,2,0.806260441555158,0.710184944678494,0.507581316624042
TCGA-BC-A110-11A-11R-A131-07,2,0.842199620998878,0.883514829289811,0.598576081428989
TCGA-DD-A1EC-11A-11R-A131-07,2,0.750537405230433,0.848835828488274,0.405774622343376
TCGA-DD-A1EB-11A-11R-A131-07,2,0.839326395804943,0.927626300395204,0.615262487830105
TCGA-DD-A39X-11A-11R-A213-07,2,0.905866952295082,0.873238153235537,0.660282888111691
TCGA-DD-A11B-11A-11R-A131-07,2,0.880368022995186,0.86904911678006,0.553057016705097
TCGA-DD-A1EL-11A-11R-A155-07,2,0.937191712134164,0.847100964085163,0.679803496741375
TCGA-BC-A10Q-11A-11R-A131-07,2,0.883782551689946,0.942497968509909,0.591202908534313
TCGA-FV-A3R2-11A-11R-A22L-07,2,0.934625552691027,0.798028666456934,0.519760162700015
TCGA-DD-A118-11A-11R-A131-07,2,0.92601721008422,0.921919670033419,0.576427851514575
TCGA-DD-A116-11A-12R-A26B-07,2,1,0.843611489189534,0.755818798426071
TCGA-EP-A26S-11A-12R-A16W-07,2,0.978214228061308,0.898347146669308,0.736001979572171
TCGA-DD-A3A5-11A-11R-A22L-07,2,0.907937217855088,0.909774032200968,0.669575771872943
TCGA-BD-A3EP-11A-12R-A22L-07,2,0.833811892442416,0.926662308873964,0.4101871497744
TCGA-EP-A3RK-11A-11R-A22L-07,2,0.900746951939956,0.936879820721494,0.626767668858392
TCGA-DD-A39Z-11A-21R-A213-07,2,0.892733734566413,0.862921525930269,0.673854433410966
TCGA-G3-A3CH-11A-11R-A22L-07,2,0.877911147695442,0.86373610861197,0.676689632035801
TCGA-DD-A1EI-11A-11R-A131-07,2,0.925429750591282,0.913648899418302,0.614598510002396
TCGA-DD-A11A-11A-11R-A131-07,2,0.792754322167977,0.811082291448739,0.555657647642777
TCGA-BC-A10Y-11A-11R-A131-07,2,0.855539185107744,0.831522093736379,0.449616575101034
TCGA-DD-A1EG-11A-11R-A213-07,2,0.906983792204368,0.85128726618364,0.684828962744608
TCGA-DD-A1EE-11A-11R-A131-07,2,0.832098599484801,0.833534621260839,0.491504699553343
TCGA-DD-A119-11A-11R-A131-07,2,0.81059884395964,0.91653950643722,0.572628694383907
TCGA-DD-A3A8-11A-11R-A22L-07,2,0.902044785729614,0.856345190645317,0.695891374300076
TCGA-DD-A3A1-11A-11R-A213-07,2,0.924217185184051,0.822423450695383,0.682317088432333
TCGA-BC-A10T-11A-11R-A131-07,2,0.861123918915935,0.847928548476258,0.442710114996106
TCGA-DD-A3A4-11A-11R-A22L-07,2,0.844028338657974,0.761396085397112,0.60132039453336
TCGA-DD-A1EH-11A-11R-A131-07,2,0.939755866264529,0.876861406481215,0.683609155768592
TCGA-FV-A2QR-11A-11R-A213-07,2,0.781032990173505,0.752671021968161,0.442789871958858
TCGA-DD-A39V-11A-11R-A213-07,2,0.902607281943955,0.868848981410086,0.676435488720496
TCGA-BC-A10X-11A-11R-A131-07,2,0.844625474925409,0.898012929605039,0.581422998674204
TCGA-DD-A39W-11A-11R-A213-07,2,0.913013936431869,0.924931115507544,0.643001621744501
TCGA-DD-A3A3-11A-11R-A22L-07,2,0.903050752754041,0.76525115344355,0.484007362768106
TCGA-BC-A216-11A-11R-A155-07,2,0.883442957195472,0.857638405675512,0.612822794716498
TCGA-DD-A1EJ-11A-11R-A155-07,2,0.841035645147539,0.911162332011809,0.535648630820309
TCGA-BC-A10Z-11A-11R-A131-07,2,0.811192046506319,0.800820606997052,0.552485615196675
TCGA-ES-A2HT-11A-11R-A180-07,2,0.808863611243304,0.738917039737828,0.765136270577564
TCGA-EP-A12J-11A-11R-A131-07,2,0.900450332409954,0.866829143746346,0.638962960568412
TCGA-DD-A113-11A-12R-A131-07,2,0.821550420217588,1,0.543854076010492
TCGA-DD-A3A2-11A-11R-A213-07,2,0.918304366466309,0.857030647439334,0.542579340665358
TCGA-BC-A10W-11A-11R-A131-07,2,0.903996200645398,0.887458357861283,0.619131729235638
