Gene Signature,Platform,Genes,Source
CD8 T effector,Gene expression profiling,"CD8A, CXCL10, CXCL9, GZMA, GZMB, IFNG, PRF1, TBX21",PMID: 26952546
DNA damage repair,Gene expression profiling,"ALKBH2, ALKBH3, APEX1, APEX2, APLF, ATM, ATR, ATRIP, BLM, BRCA1, BRCA2, BRIP1, CCNH, CDK7, CETN2, CHAF1A, CHEK1, CHEK2, CLK2, DCLRE1C, DDB1, DDB2, DUT, ENDOV, ERCC1, ERCC2, ERCC3, ERCC4, ERCC5, ERCC6, ERCC8, FAN1, FANCA, FANCB, FANCC, FANCD2, FANCE, FANCF, FANCG, FANCL, FANCM, GTF2H1, GTF2H2, GTF2H3, GTF2H4, GTF2H5, H2AFX, HLTF, HUS1, LIG1, LIG3, LIG4, MBD4, MDC1, MGMT, MLH1, MLH3, MMS19, MNAT1, MPG, MSH2, MSH3, MSH4, MSH5, MSH6, MUTYH, NEIL1, NEIL2, NEIL3, NHEJ1, NTHL1, NUDT1, OGG1, PALB2, PARP1, PARP2, PARP3, PCNA, PER1, PMS1, PMS2, PNKP, POLB, POLD1, POLE, POLG, POLH, POLL, POLM, POLQ, PRKDC, RAD1, RAD17, RAD18, RAD23A, RAD23B, RAD51C, RAD9A, RECQL4, RECQL5, RIF1, RNF168, RNF4, RNF8, RPA1, RPA2, RPA3, RPA4, RRM2B, SETMAR, SHPRH, SMUG1, TDP1, TDP2, TOPBP1, TP53, TREX1, UBE2A, UBE2B, UBE2N, UBE2V2, UNG, UVSSA, WRN, XAB2, XPA, XPC, XRCC1, XRCC4, XRCC5, XRCC6",Wood lab
Pan-F-TBRS,Gene expression profiling,"ACTA2, ACTG2, ADAM12, ADAM19, CNN1, COL4A1, CTGF, CTPS1, FAM101B, FSTL3, HSPB1, IGFBP3, PXDC1, SEMA7A, SH3PXD2A, TAGLN, TGFBI, TNS1, TPM1",experimentally determined pan-fibroblast TGF-¦Â response signature (see methods for details)
Antigen processing machinery,Gene expression profiling,"B2M, HLA-A, HLA-B, HLA-C, TAP1, TAP2",PMID: 27855702
Immune checkpoint,Gene expression profiling,"CD274, CTLA4, HAVCR2, LAG3, PDCD1, PDCD1LG2, TIGIT",
EMT (1),Gene expression profiling,"CLDN3, CLDN7, CLDN4, CDH1, VIM, TWIST1, ZEB1, ZEB2",PMID: 24520177
FGFR3-related genees,Gene expression profiling,"FGFR3, TP63, WNT7B",PMID: 22553347
KEGG discovered histones,Gene expression profiling,"HIST1H2AG, HIST1H2AI, HIST1H2BL, HIST2H2BF",discovered in this data set
Angiogenesis,Gene expression profiling,"CDH5, SOX17, SOX18, TEK",PMID: 22553347
Fanconi anemia,Gene expression profiling,"APITD1, ATR, ATRIP, BLM, BRCA1, BRCA2, BRIP1, C17orf70, C19orf40, EME1, EME2, ERCC1, ERCC4, FAN1, FANCA, FANCB, FANCC, FANCD2, FANCE, FANCF, FANCG, FANCI, FANCL, FANCM, HES1, MLH1, MUS81, PALB2, PMS2, POLH, POLI, POLK, POLN, RAD51, RAD51C, REV1, REV3L, RMI1, RMI2, RPA1, RPA2, RPA3, RPA4, SLX4, STRA13, TELO2, TOP3A, TOP3B, UBE2T, USP1, WDR48",KEGG hsa03460
Cell cycle,Gene expression profiling,"ABL1, ANAPC1, ANAPC10, ANAPC11, ANAPC13, ANAPC2, ANAPC4, ANAPC5, ANAPC7, ATM, ATR, BUB1, BUB1B, BUB3, CCNA1, CCNA2, CCNB1, CCNB2, CCNB3, CCND1, CCND2, CCND3, CCNE1, CCNE2, CCNH, CDC14A, CDC14B, CDC16, CDC20, CDC23, CDC25A, CDC25B, CDC25C, CDC26, CDC27, CDC45, CDC6, CDC7, CDK1, CDK2, CDK4, CDK6, CDK7, CDKN1A, CDKN1B, CDKN1C, CDKN2A, CDKN2B, CDKN2C, CDKN2D, CHEK1, CHEK2, CREBBP, CUL1, DBF4, E2F1, E2F2, E2F3, E2F4, E2F5, EP300, ESPL1, FZR1, GADD45A, GADD45B, GADD45G, GSK3B, HDAC1, HDAC2, MAD1L1, MAD2L1, MAD2L2, MCM2, MCM3, MCM4, MCM5, MCM6, MCM7, MDM2, MYC, ORC1, ORC2, ORC3, ORC4, ORC5, ORC6, PCNA, PKMYT1, PLK1, PRKDC, PTTG1, PTTG2, RAD21, RB1, RBL1, RBL2, RBX1, SFN, SKP1, SKP2, SMAD2, SMAD3, SMAD4, SMC1A, SMC1B, SMC3, STAG1, STAG2, TFDP1, TFDP2, TGFB1, TGFB2, TGFB3, TP53, TTK, WEE1, YWHAB, YWHAE, YWHAG, YWHAH, YWHAQ, YWHAZ, ZBTB17",KEGG hsa4110
DNA replication,Gene expression profiling,"DNA2, FEN1, LIG1, MCM2, MCM3, MCM4, MCM5, MCM6, MCM7, PCNA, POLA1, POLA2, POLD1, POLD2, POLD3, POLD4, POLE, POLE2, POLE3, POLE4, PRIM1, PRIM2, RFC1, RFC2, RFC3, RFC4, RFC5, RNASEH1, RNASEH2A, RNASEH2B, RNASEH2C, RPA1, RPA2, RPA3, RPA4, SSBP1",KEGG hsa3030
Nucleotide excision repair,Gene expression profiling,"CCNH, CDK7, CETN2, CUL4A, CUL4B, DDB1, DDB2, ERCC1, ERCC2, ERCC3, ERCC4, ERCC5, ERCC6, ERCC8, GTF2H1, GTF2H2, GTF2H3, GTF2H4, GTF2H5, LIG1, MNAT1, PCNA, POLD1, POLD2, POLD3, POLD4, POLE, POLE2, POLE3, POLE4, RAD23A, RAD23B, RBX1, RFC1, RFC2, RFC3, RFC4, RFC5, RPA1, RPA2, RPA3, RPA4, XPA, XPC",KEGG hsa3420
Homologous recombination,Gene expression profiling,"BLM, BRCA2, EME1, MRE11A, MUS81, NBN, POLD1, POLD2, POLD3, POLD4, RAD50, RAD51, RAD51B, RAD51C, RAD51D, RAD52, RAD54B, RAD54L, RPA1, RPA2, RPA3, RPA4, SHFM1, SSBP1, TOP3A, TOP3B, XRCC2, XRCC3",KEGG hsa3440
Mismatch repair,Gene expression profiling,"EXO1, LIG1, MLH1, MLH3, MSH2, MSH3, MSH6, PCNA, PMS2, POLD1, POLD2, POLD3, POLD4, RFC1, RFC2, RFC3, RFC4, RFC5, RPA1, RPA2, RPA3, RPA4, SSBP1",KEGG hsa3430
EMT2,Gene expression profiling,"AXL, FAP, LOXL2, ROR2, TAGLN, TWIST2, WNT5A",PMID: 26997480
EMT3,Gene expression profiling,"FOXF1, GATA6, SOX9, TWIST1, ZEB1, ZEB2",PMID: 27321955
WNT target,Gene expression profiling,"EFNB3, MYC, TCF12, VEGFA",PMID: 25970248
Cell cycle regulators,Gene expression and mutational profiling,"ATM, CCND1, CCNE1, CDKN1A, CDKN2A, E2F3, FBXW7, MDM2, RB1, TP53",PMID: 24476821
DNA damage repair,Mutational profiling,"ATM, ATR, BLM, BRCA1, BRCA2, BRIP1, CHEK1, CHEK2, ERCC4, FANCA, FANCC, FANCD2, FANCE, FANCF, FANCG, FANCL, FANCM, MLH1, MSH2, MSH6, MUTYH, NUDT1, PALB2, PARP1, PARP2, PARP3, PMS2, POLD1, POLE, PRKDC, RAD51C, RPA1, TP53",Wood lab
